cat	book_id	dub	title	money_rank	time_rank	featured	match_title_id
new	6a8e4aa6ebe437ec9c0a4834	0	Blood and Roses: Tears of a Vampire	51	950	Trending	
new	6a912471533d191e1d0a5726	0	My Kids Ruin My Ex's Fancy Life	67	952	Trending	
new	6aa9f3cd0cf84de170032bc9	0	Five Keys, One Hidden King	185	499	New Episodes	
reupload	666fcbd203b39c23eb0935dd	0	In Love with Dr. Baby Daddy!	278		Upgrade from Ex	in-love-with-dr-baby-daddy
reupload	664ea9da40605cbe890f9d67	0	You Belong With Me	294		Upgrade from Ex	you-belong-with-me
new	6a86cb6b65d0fbfc9a011c55	0	Abandoned by the Duke, I'm the Divine Seraph	297	1001	Zero to Hero	
new	6aaf3aa4bdadc9280a004fa7	0	Nanny to the Boy Who Hates Me	432	344	New Episodes	
new	6aaf6c6449315e6453090bd9	0	Marked by My Duke Daddy	459	414	New Episodes	
new	6ac7768521e812384b066863	0	Broken Contract, Alpha on His Knees		1		
new	6abd01b9dad9e551c60fad59	0	Seducing My Sister's Husband Behind Her Back		2		
new	6abc74dd69f0130bc4048506	0	The Billionaire's Sister Strikes Back		3		
new	6abb9b5de2e1493760004b63	0	That Loser Husband Is the King of the Gods		4		
new	6abb9a3208caa64cd6005f2f	0	One Good Deed, One Great Fortune		5		
new	6abb9ae53f77d925e30d1ea0	0	Freezing Point of Love and Regret		6		
new	6a1cf36a75cb6d05d00f47fb	0	Claimed by the Cursed Kingdom	6	1948		
new	6ab60ad679098aca75062427	0	Fire & Ice: Return of the Alpha Queen's Sister		7		
new	6abc6d5f86686c9cb40ff60f	0	The Last Dragon King‘s Bonded		8		
new	6aac9d1fff613013bf0bc8ef	0	Beneath the Secretary		9		
new	6abc6caa88951971af09f17b	0	Alice and Her Three Fiancés		10		
new	6a22350b86a8394e370207ff	0	Immortal Grandpa Goes Viral!	10	1951		
new	6abd050169e97678040c9628	0	Captain, Look at me, Beg me		11		
new	6a06bb6551a5d1e3b304e6a9	0	The Empress's Final Wish	11	1950		
new	6ac734316e98861bb00b18e9	0	The Vow That Withered		12		
new	6abc6e4d3871947f6e02724a	0	Taming the Heir： Pushing Buttons		13		
new	6abe6cc5d018445df206aac9	0	No Longer Waiting for Your Return		14		
new	6abbbefd47eb9b78d30825b9	0	Too Late to Be Your Only One		15		
new	6abb6e998ec9b5681103d6c6	0	Choked by Desire：My Devil Stepbrother		16		
new	6ac775d2a137ef86a20e1fde	0	I Carry His Strongest Wolf Pups：The Alpha King Dotes on Me		17		
new	6ab544a37f2f1fea34042669	0	You Can Beg, But I'm Done With You		18		
new	6a90159bf687ef8b8704e933	0	MY MAFIA HUSBAND HAS TWO WIVES		19		
new	6a8cf803c3fe30abdd0caffb	0	Married Off to the Serpent Clan Leader, My Orc Childhood Sweetheart Regrets Everything		20		
new	6a963afeebb46b0cb40e4fc9	0	Reborn to Watch Them Rot		21		
new	6a963b4956425582ff09dd49	0	My Wife Is Pregnant with Her Brother-in-Law’s Child		22		
new	6a963b4d2b3144019f077a78	0	Beyond the Faraway Wilds		23		
new	6a963bbc7308ebfe9309c899	0	Reborn as the Cursed Alpha's Luna		24		
new	6a94dd006708b0f6c303407b	0	My husband Poisoned Our Son for Dating His Assistant on Valentine's Day		25		
new	6a94ddafdd50a3677d094d4c	0	Strawberry Lipstick From Another Woman		26		
new	6a9633b0a650d9368e012038	0	Rebirth: I Swapped Snake Mates With My Sister		27		
new	6a981ee417879200f002d8d1	0	Her Billion-Dollar Resignation		28		
new	6a981edecd485fd3190e8b9d	0	When I Left, Their World Fell Apart		29		
new	6a9a2e2741c097813802b929	0	My Fiancé Loves My Sister — You Can Have Him		30		
new	6a9a36b5b04906a6ee006abb	0	The Mob King's Dead Bride: Too Late to Regret		31		
new	6a9ffc1e5e646fe05f028aae	0	The Monster I Rescued Is the Dragon King		32		
new	6a83b89dd41c248dae056469	0	Mafia Queen's Fake Bride	32	1080		
new	6abb2052d01437ee3f05c8ac	0	Wave of Beauty in the 80s		33		
new	6abb21f59cd2da662304444e	0	The Mute Bride of the Wolf King		34		
new	6abc6c3699598e1c6306c1aa	0	King of the Card‑Sharpers		35		
new	6ab9d804f06224f2d70c890b	1	The Comeback Heiress		36		
new	6abb1151fa7ed33c5507bd77	0	Star Goddess Returns		37		
new	6ab9de0d65e9f5e86d088812	0	Divorced a Hockey Star, Chose His Biggest Rival		38		
new	6ab608475f377946a2054b85	0	My Rival Got My Thirst Trap by Mistake		39		
new	6abb1fd988a8bc049c005478	0	Too Late, She Married the Regent		40		
new	6aba38fd8522e0017b0e466e	0	Married Behind Masks		41		
new	6abc6c31ba00ab957a0bda7e	0	The Mafia Heir's Underground Prize Fighter		42		
new	6abb8ab9a4edaef1cc090b1a	0	Professor Alpha's Taboo Silver Wolf		43		
new	6abc6bba8898c62e7b0a05aa	0	The Last Mech God		44		
new	6ab1e4fdb35552a0c2028529	0	No Dragon Chose Him—So He Chose the Dragon God		45		
new	6ab541f9a0570f0b720682e7	0	The Dragon Lord's Regret		46		
new	6ab48e78dc6fd7ef4a06596e	0	Out of Your League: The Billionaire Wife's Revenge	1412	47		
new	6ab4f20d7b513874d10ce723	0	No More Chances		48		
new	6abf46f91bdbe323c30f5769	0	I Raised a Silent Genius		49		
new	6ab4ee167703ecb0ad07a788	0	The Mob Queen Wants Straight A's		50		
new	6ab4f1d21a463f155b0b7744	0	Daddy, Your Little Angel Is Gone		51		
new	6aba38c1c742d049170e0d38	0	The Alpha and His Amnesiac Princess		52		
new	6abb8a4138ae1fbd14072d28	0	The Moonlit Contract of Wolf King Uncle		53		
new	6abc6b7e428bcabcef0ddf6b	0	Thrown into Prison, Claimed by Three Alphas	1251	54		
new	6a98068fa11efb8684067d36	0	Moonlit Wilds, A Secret Yearning	54	895		
new	6abcc632d0b9a35b87011b4c	0	My Crush's Wolf King Father Seeks Pleasure with Me Every Night		55		
new	6aba2205c69739a3ed0176e5	0	Heat Wave Rivals Bound to My Stepbrother	1471	56		
new	6ab60a5d383eb0da93077d05	0	Revenge of the Superpowered Nerd		58		
new	6ab606a06909bea78b02a495	0	Runaway Single Mom and Her Billionaire Hubby	1737	59		
new	6ab717e529656d2f070af407	0	Never Touch the Cargo		60		
new	6ab71551958150c2ac095815	0	A Blood Oath to the Vampire		61		
new	6ab4ee12b5c94e93bf08cb16	0	Pregnant, My Alpha Wants Me	2352	62		
new	6ab4eff342bdb2379d0491a6	0	The Angel King Wants My First Night	1567	63		
new	6a2b68ac6fff4c90380cdae9	0	You'll Regret Cheating on a Superhero	63	1826		
new	6ab9c35521f3839b6e0ded37	0	Baby Abandoned Dad:Late Apologies Mean Nothing		64		
new	6aba3796f5c2f1a57501a28a	0	Realmwalker: The Miami Godfather		65		
new	6aba227d49d0d1ee43057021	0	Atlantis：Pearls of Promise		66		
new	6abb8a05d127d7c8ed05aae6	0	The Blind Violinist Is the Wolf Queen		67		
new	6abb8b6d75a96675d504095f	0	Not a Scandal. An Heiress		68		
new	6abcca2d9210a849490556ca	0	Too Late to Beg, Lycan King		69		
new	6abb608991bbd6f99000f9bb	0	Contracted to the Billionaire I Once Saved		70		
new	6a881516109908ce810c1ce6	0	Rose of Seoul: Revenge Reborn	70	1011		
new	6abc6a1767c7bf663e087129	0	None of the Seven Knights		71		
new	6ab9fcfd94d73236cc05864a	0	The Beast and the Rose in the Moonlight		72		
new	6ab9fd393587575fb4076e37	0	The Sterling’s Hidden Heir		73		
new	6abccc85ec84a1a54803ff3c	0	The Robot in My Husband's Bed		74		
new	6a55ac24485f9d5b0506785a	0	Dying After Ten Years for His Sin	74	1448		
new	6ab4ed9ac0d5c20474082911	0	Billionaire's Contract Pregnant Bride: A Sudden Marriage With Baby		75		
new	6abb235d54bd74f95d01337a	0	The Discarded Wife Is the Queen of Luxury		76		
new	6a7047879dbba6268204e157	0	99 Cracks：The Scorned Siren’s Final Goodbye	76	1027		
new	6ab48fd9f9e19a102105c0af	0	THE HUSBAND SHE DISCARDED IS THE WINTER DRAGON	786	77		
new	6ab0fd4b08b46709f40cc875	0	You Messed With the Wrong Ex	1136	78		
new	6ab1e47548021082330aee9f	0	Wrath of the Sea God		79		
new	6ab33698b35e090c1a0cd10b	0	The Alpha's Runaway Bride		80		
new	6a223050fd137dd5ef0e3675	0	Bound to My Three Fated High Lords	80	1854		
new	6ab4ebf6f128bf3d7c0812fb	0	The Pure-Blooded Wolf Queen’s Vengeful Fury	1617	81		
new	6aba371e3ad229a8c30bc459	0	My Bodyguard Husband Is The Mafia Godfather		82		
new	6ab23b8542c0f756180f663f	0	Mistaking My Daughter For Trash	2135	83		
new	6a87b49aae487843a005c104	0	Mr. Walker, Your Ex-Wife is Your Boss	83	1013		
new	6ab23bf894d95228650555cc	0	The Forsaken Moon		84		
new	6abc69269e1e43e6060a0099	0	Forced Vow: Prey of the Vampire King		85		
new	6ab334ef48665b4a3603a049	0	Dragon King's Forbidden Lover		86		
new	6ab4860683bdb603a2093f15	0	My Archenemy Became a Cat	1899	87		
new	6ab9fcc20a518add9d06caa5	0	My Contract Wife Is a Hitman		88		
new	6ab4e0796632c4e4800fe038	0	Seven Years Too Late		89		
new	6abb217e9cd2da662304444a	0	My Lieutenant Husband Is the Dragon Prince	1416	90		
new	6ab542adc0469ddbb30a7c59	0	The Dead Mafia Princess Will Make Them All Pay		91		
new	6ab54091922f71fc8b0b3d97	0	The Beheaded Queen's Rebirth to Dethrone the King		92		
new	6ab48e82a0c9ed1a400db21a	0	I Buried Our Son While You Played Poor		93		
new	6ab6069d7d9f411584084db5	0	My AI Boyfriend Came to Life!		94		
new	6ab9c482c1adf9f92e0c5fe9	0	The Firefighter's Burning Claim:Too Hot to Handle	2260	95		
new	6ab336ecccc1ed13b706925d	0	My Abandoned Bride Is the Elf King’s Grace		96		
new	6a8bafeb4c31fef2aa0c1467	1	My Strongest Master Pretends to Be Weak 2	96	976		
new	6ab337c86b95b71fbe04cafa	0	I Married a Nobody But He Was the Beast King		97		
new	6ab4f429f410a6d3620cf707	0	A Mother’s Revenge		98		
new	6ab8feee15fa455e9c062f17	0	Beast Whisperer		99		
new	6aba36e3031c3c5f53097529	0	The Duchess From A Tiny Fishing Island		100		
new	6abb20c993e66d437a0592dc	0	The Drowned Heiress Returns		101		
new	6abc68af88e27df7ee0d9638	0	She Returned Home with Her New Flame, And I Came Clean About My Identity as the Heir		102		
new	6a8544182f75b2fba60697a9	0	Came For The Money, Stayed For Him	102	922		
new	6ab33480bd2301a0260c7afc	0	The Wolf King's Late Confession		103		
new	6a8ba956743331814f0d4827	0	Reborn in the '80s, I Chose Science Over Love	103	1012		
new	6ab4ca72568f3af6c105b05f	0	Bred His Dog, Slept with Him		104		
reupload	661df310cee9143a3e01b92b	0	Fated to My Forbidden Alpha	105			fated-to-my-forbidden-alpha
new	6abc82ed6a33aad7120598ef	0	The Melted Promise		105		
new	6ab248725f5b9d13a104951a	0	Trapped in His Den		106		
new	6a338e275fc1c89a8f035c19	0	The Lawyer She Slept With	106	1698		
new	6ab0da287a6dc71aeb08fbbd	0	My Fake Husband Is Dangerous		107		
new	6abb30052371d90e430fc840	0	The Fake Wife's Fatal Mistake		108		
new	6a5062a2cfe82f6004003dad	0	I Seduced My Husband’s Adoptive Father	108	1495		
new	6abc78dad36c2bbdb705c29b	0	Claimed by My Ex's Alpha Daddy	748	110		
new	6ab6084357304459cf0cfcc5	0	Divorced, I Married the Mafioso	1452	111		
new	6ab0fcedaab35a4c220acad6	0	Bows By Design		112		
new	6ab335d92b31f8a4ef0a5539	0	Second Chances After Divorce		113		
new	6ab33bd88b7372565c018e3b	0	The CEO’s Secret Cleaner	1796	114		
new	6ab9c3ce58ea8ed2c40dbdc9	0	She Dumped a CEO for Her Sugar Baby		115		
new	6a8d515010f3a4bb8309dad3	0	Splash! The Lord of the Tides Comes Roaring Back	115	966		
new	6aba36a6b0accbf6b203d8fb	0	My X-Ray Eyes See Everything	819	116		
new	6abb19c28da151f4330ac9ab	0	Return of the Sea Princess		117		
new	6abb21baec9ed3c05900a61f	0	The Day I Got Divorced, My Billionaire Mom Found Me	1794	118		
new	6ab4bbae9d9ed679d606a22a	0	After the Billion-Fold Depreciation, I Became the World's Richest		119		
new	6aad0b798f6a7e56ac09c191	0	Kiss the Vampire or Die	119	475		
new	6aba047d0738174e8e02a278	0	Traded to the Winter Alpha		120		
new	6ab9bf1dd37bc2b2ea0b81b9	0	Price of Rejecting Me: Your Pack's Downfall		121		
new	6abc8275c912ae5f8202db30	0	No More Waiting for the Captain		122		
new	6abcccc5d2ed84e2c80f51da	0	Saved and Fated by The Ruthless Alpha		123		
new	6a8e902f9185ccf2230990ab	0	Wrath of Zeus's Son 2: Secret Protection from the Janitor	123	965		
new	6abb210586d2231dd009f0a9	0	Remorse Too Late for Olympus’ Ashen Bond		124		
new	6a1d30788e3424eb5d018b1b	0	Second Chance No More Mrs. Nice Girl	124	2009		
new	6abcc2ad27738ac4e20616b7	0	Devil's Contract		125		
new	6ab497d10abd6fbbd905b3b6	0	A Nun Claimed by a Vampire		126		
new	6abb198533daf5b350060887	0	The Alpha's Contract Nanny	1300	128		
new	6aba0cb115c52b410803c747	0	28 Lockouts, I Locked Him Out		129		
new	6a5d836dda4a556288063f1e	0	Hook With Boyfriend's Best Friend	129	1294		
new	6a8fce5a72320f50d207cd12	0	The Day of Betrayal, I Took Everything	131	962		
new	6ab48e7fb0cc5b02e504728a	0	The Dragon Heir’s Secret Maid		132		
new	6a9e5e483e3e3774520ffddd	0	Daddy Left His Baby to Die	132	758		
new	6ab48f611261e140c00d2b72	0	Don't Mess with the Billionaire Heiress		133		
new	6a56e53486836e04ae0c6a99	0	My Vampire Lord	133	1449		
new	6ab3cfa9cada6f26bf044678	0	The Wolf King Wants Me Back	1795	134		
new	6a8ba2809c6562e0640a54e7	0	Displaced War God	134	951		
new	6ab205093b21ae6ba206d819	0	The Super Soldier of the Stunning Female CEO		135		
new	6a86742ccad37e54ae051a18	0	Rejected By The Alpha, Claimed By His Brother	135	1021		
new	6ab248c64dc48c013b069415	0	Out of Prison, I Rule Vegas		136		
new	6aba33d6c498cacdf40bf8e7	0	The Monster Hunter's Pact		137		
new	6ab9c31abd062a47400e0059	0	His Dead Wife Is Getting Married	1415	138		
new	6aba0531e585c7314a06155c	0	I Burned My Wedding Dress Before He Ever Marked Me		139		
new	6aa75787742a9765a10bfc80	0	She Swapped the Wrong Baby	139	596		
new	6aab4629cfce10cb2f06e7c8	0	Back Off! The Maid Is the Duchess		140		
new	6ab1e3ac6e49794ab9083a4a	0	I Married This Dragon King Instead of My Sister	1440	141		
new	6ab1de6d28d690b7fb088625	0	Beast Whisperer: I Hear Animals Talk		142		
new	6aad0ae80516965e1c01012a	0	Captain, I’m Marrying Someone Else		143		
new	6a8cf7fca29b9799aa03db2c	0	They Bet on My Tears	143	939		
new	6ab3376093ec08f4440288cc	0	From F-Class Trash to Mech God		144		
new	6ab2048d8abfd7acb10b5f7a	0	No Escape From Mafia's Obsession		145		
new	6a8ba4d32c15011e540b072b	0	The Girl They Regretted Losing	145	938		
new	6ab4bbe9bc3838f6bb04cb5a	0	The CEO's Nightmare: Battle of the Viper		146		
new	6ab4b8dd7a80758e5208e006	0	Rebirth in the Sky		147		
new	6a7006698a1b1823640e172f	0	Reborn: A Flight Attendant Counterattack	147	1281		
new	6ab33c9101b03e493003885a	0	She Rose After Divorce		148		
new	6a8670cba86ffc1fac0c417e	0	Three Alphas Abandoned Me for that Omega, Then Regretted It	148	977		
new	6ab2332355ea89c47d07ec6b	0	Reborn: No More Mr. Nice Guy		149		
new	6abb22ab69b4e879a104d92e	0	Crash Into My Rival’s Obsession	1025	150		
new	6ab1f6c748021082330aeea7	0	Velheim Hunter Academy		151		
new	6ab38995984c77e9340d48d5	0	The One She Lost		152		
new	6abc832accc26d30ce04bb85	0	After Our Love Faded		153		
new	6ab24803ee19872d9b02ea3d	0	Reborn at 10 The World's Greatest Magician		154		
reupload	6a02ed06ab20a7f49c084c9f	0	Bound by Honor	155	2039		bound-by-honor
new	6abb1e714dd8dfa8c50bb85d	0	I Was Your Game, Now I'm Your Regret		155		
new	6ab203b08efc484015060de9	0	Wolfless Luna's Royal Return	1911	156		
new	6ab48f64d0f771c12b0add3f	0	The Dragon King's Virgin Bride		157		
new	6a56e53a4ffb908818071aad	0	Queenpins- My Enemy, My Wife	157	1295		
new	6ab3ba913eb244b17d031ed1	0	Sexting My Pucking Nemesis	1472	158		
new	6ab392059db6f3a57a070ae9	0	Number One, Nobody	2158	159		
new	6a45c77e2fdd0135260e2dea	0	The Day You Dumped Me, I Became a Millionaire	159	1566		
new	6ab3ceb983ec64ca37028217	0	The Rejected Lycan Queen Returns		161		
new	6ab091947a63b274920f44c7	0	Rejected Queen	415	162		
new	6aa8dad9632d51a1f901d837	0	Pregnant by My Ex's Father	162	521		
new	6ab1e304ed425041e6000c30	0	Don's Back: No One Touches His Daughter	1798	163		
new	6ab485169b5ef8f06d0efba5	0	Star Core Rush		164		
reupload	6a06bdb9266423c2c70de71f	0	Djinn Under Contract	165	2128		djinn-under-contract
reupload	661df35c03e87e3b65079644	0	Married at First Sight	166			married-at-first-sight
new	6ab4f0a5cdf37341760bec69	0	The Godfather's Amnesiac Bride		166		
new	6ab4bb3600201a59b408e65f	0	Boy Toy I'm Your Boss		168		
new	6ab4bc617b88aa5d520cb259	0	My Brother Is the Dark Lord		169		
new	6aad0081cdd42d3e700dcdfc	1	I Was His Secret. Now I’m His Regret.		170		
new	6aad007e45c728dd8c0b3bca	1	He's Not A Spare Son		171		
new	6a87afcf0641e2829b07bd3d	0	The Vampire Lord’s Final Salvation	171	996		
new	6abcb7346798a55c8e0f95d8	0	Honey, We Are In a Novel		172		
new	6a90e77f3400f6ce3b0fad07	0	The Branded Witch is the Prince's Bride	172	948		
new	6aaf76aa24d852c58504187c	0	Inflated Ego		173		
new	6a56e53710cf0d2533014cfd	0	The Silent Luna’s Secret	173	1441		
new	6abcccfdf36814d23a0e5c9d	0	The Daughter He Hated		174		
new	6ab334211fe255acc0059c1c	0	The Alpha's Quest：Five Cubs Matchmakerrs	1129	175		
no_rs_link	6a82754b603b5c0ffa02aeb6	0	Don’t Provoke Him，He’s the King of L.A	176	1087		dont-provoke-him-hes-the-king-of-l-a
new	6aac9c43dc2d39fef301f689	0	From page to king Arthur		176		
new	6ab38779c694944c590230f4	0	The Heiress Returns Playing the Game		177		
new	6a8bb7b6c922d6c26505cd8b	0	Possessed by the Alpha No Escape	177	974		
new	6a5840e82769ac7896097974	0	The Fake Heiress's Revenge	178	929		
new	6ab9fc0f2628d3c4e407834a	0	Royal Love: The Stand-In Is His Lost Love	2134	179		
new	6ab484223a0f7235a50dd577	0	Broke off with the Nether King, the Saintess Regrets Madly		180		
new	6a9800d0f765e466fb0f6137	0	Mafia Boss & His White Rose		181		
new	6a86749ff52297f7020402cf	0	Blood Oaths and Broken Thrones	181	934		
new	6a97c77ac55be74ed20960cf	0	President's Sexy Wife		182		
new	6a9a239b2e03f385b00d4649	0	Unlawful Desires		183		
new	6a471408082122dc360d635c	0	Your Uncle Is Obsessed with Me	183	1546		
new	6a9a7bf724e9a2fabe0b0760	0	WILD RIDE WITH MY STEPBROTHER		184		
new	6a3ddc7b6c8a0267ae0408ca	0	Knocked Up by My Ex's Alpha Daddy	184	1624		
no_rs_link	6aa37a6243aed75954074e38	0	The Billionaire's Rescue		185		the-billionaires-rescue
new	6ab0f1a2018580c9820e1475	0	Stolen Identity: The Billionaire's True Bride		186		
new	6ab335709a52d1898e0f969e	0	Reborn to be the Dragon King	1040	187		
new	6abc88caa3fa99a20f001bf0	0	My Alpha Betrayed Me After I Got Pregnant		188		
new	6aaf3bedef67df672b0dfab7	0	Flash Marriage to the Hidden Billionaire	711	189		
new	6ab4f2fe9369192e17015ae0	0	The Mercenary Mom Is Back	842	190		
new	6aaa72c037997939fc0f6788	0	From Plus-Size Girl to Campus Queen	1110	191		
new	6a8ba21210ae054ece06c2a7	0	My Husband Runs the Syndicate	191	828		
new	6aac991ac8ded976b8005a5a	0	Don't Touch My Son：I Am The Heiress	607	192		
new	6a86dc2e175020bfa6012415	0	My Worthless Ex-Husband Is Poseidon, God of the Sea	192	957		
new	6ab0966c2eac8bc8bb0d3e4d	0	Hearing the Little Alpha's Mind Saved My Life	1267	193		
new	6ab335b1c0199bc6f502eac9	0	The Sealed Farm Daughter Is the Bloodline's Queen	910	194		
new	6ab9fedd7a2c7cfffe0f8074	0	Congratulations, You're Linked to a Walking Disaster	1073	195		
new	6a1fe6e094171de24004ffe7	0	Too Late, Clair Collins	195	1891		
new	6aad2c67eab86c100a0e994a	0	My Two-Faced Fox Mate	977	196		
new	6a8babd69828929ab10d315a	0	Reborn in the 70s: For Country, Not Love	196	984		
new	6aab8922088de5d31c0c436b	0	Refund Denied: My Serpent Slave is a Dragon!	1673	197		
new	6a6b01dc39f964ed56043895	0	Revenge in My Ex's Brother's Bed	197	1274		
new	6ab0db3b4bacaf3cf90e3f15	0	Seven Years a Curse, Then the Abyss Came		198		
new	6ab3ac0afbd298323302ecf0	0	The Heir They Threw Away	1438	199		
new	6ab4950d61907b83ba0eb8da	0	He Called His Wife a Vase		200		
new	6a9666af470904d5580f098e	0	Your Consort Is Back in the Modern World	200	921		
new	6ab4ee4d8ee3a23f97044324	0	Dude, I'm a Girl Now		201		
new	6ab4951019f6b3d4f506c81f	0	The Weakest Orange Cat Is the Strongest Golden Tiger	1152	202		
new	6a0d1e90cbe683eabe04f14e	0	Payout & Payback	202	1899		
new	6ab9c8b9c641a6684b078d4a	0	The Mic Was Still On		203		
new	6a9a76ca38999d12c103c839	0	The God They Called a Fool	203	795		
new	6ab9e34b34886c11c4092730	0	SCORING WITH MY EX'S RIVAL	1275	204		
new	6a215117e35446e0970e138a	0	Divorce Me？Bow to My Billionaire Daughter!	204	1890		
new	6ab1e934b02538fac509bc4f	0	Welcome to the Pro League		205		
new	6a87ae87c2e5e6251000097d	0	The Cursed Alpha and His Virgin Groom	205	986		
new	6ab0f46996aa27336c0f6a39	0	Accidental Vows		206		
no_rs_link	6a6975bf5d8851c89d0fcc8d	0	My Freeze. Their Tears. No Forgiveness	207	1299		my-freeze-their-tears-no-forgiveness
new	6ab2155e9df6bcab89056d99	0	Oh my god—I'm carrying the Wolf God's pup!	1797	207		
new	6ab21509aeecd330170eebc7	0	Six Royal Uncles, One Dragon Princess	1448	208		
new	6a55d7c500cd6e27a200316a	0	The Black Drakes Second Vow	208	1297		
new	6ab9ccf1569baf55990e3f20	0	The Villainess’s Fifth Life		209		
new	6ab9c22a20b8ff5a830ffba7	0	The Dragon King 's Bride		210		
new	6abb176b85b71339340d3c27	0	My Crush Has Always Been Me	655	211		
new	6abb29ee14ee347f860fa1cb	0	The CEO's Fake Twins		212		
new	6a900bc7e259af77060af16c	0	I Am the Immortal Lord Season 2	212	964		
new	6abb5c1691bbd6f99000f9b5	0	The Reborn Queen Path of Dominion		213		
new	6abb5d05140ead30d90b69e5	0	That Good Girl Is a Boss		214		
reupload	649a7d2ad113de5e85033db2	0	The Double Life of My Billionaire Husband	215			the-double-life-of-my-billionaire-husband
new	6abb5e36af4116b1ea043387	0	The Daughter They Cast Out		215		
new	6ab9ccf6fafd447ffb069b4e	0	Sacrificed to the Abyss, Crowned by the Dragon		216		
new	6abb5e6fe6fadd9a0e0114d7	0	Sweet Experiment With My Sugar Daddy		217		
new	6ab49f52f7f5f54f640d4863	0	The Billionaire Boxer Fell for the Plus-Size Heiress		218		
new	6a97bb7b5edcbfc5b9067696	0	I Calm the Beast Tides With Spirit‑Words	218	897		
new	6ab4f11fd40737c8aa0b078f	0	Taming My Five Beast Stepsons	961	219		
new	6a8514607074043629031bdb	0	Addicted to My CEO Doctor	219	1029		
new	6ab9c931d4b67ee9f609dada	0	Lust & Lies: Falling for My Sister	1340	220		
new	6a8ba4d95da2c9a5c50c17f9	0	THE DON LET ME BURN	220	936		
new	6ab4f1596688d318da0d9db2	0	Forbidden Bond: Claimed by Three Vampire Heirs	697	221		
new	6a5d83c2142a64de2f0f292d	0	The Mafia Don's Secret Wife	221	1293		
new	6ab335600f537a7e080bb1de	0	The Lion’s Lost Blind Fated Bride		222		
new	6ab33a161c885770a70cfbfc	0	Whispers From the Womb of Luna	1380	223		
new	6ab33905040d8c38980fe439	0	Falling for My Tomboy Alpha Roommate	1252	224		
new	6ab33e17bac521fcb106ac77	0	He Loved the Wrong Brother	664	225		
new	6a83eecc862e4975f202e3b3	0	Rose drowned in the Kuroshio Current	225	1028		
new	6ab349fc0a88dc67f506b65d	0	Magic Failure's Phoenix Fate		226		
new	6aad0fc58e4c82d6770d6c31	0	Kneel，Thunder Queen Returns		227		
new	6ab0f4041c28a715760cd0a1	0	Alpha's Fated Contract		228		
new	6ab0fb435d496c921706947d	0	Hiding the Mafia Boss's Billionaire Heir	2378	229		
new	6ab1e8a43e9d1039780d3b9d	0	Delivery Rider Turned Doom Survivor		230		
new	6ab22bef06843159ac0c9a18	0	Destined Glass Slipper: Twins Matchmaker	2473	231		
new	689eff8289683ecade09778c	0	Destiny in the Stars	233			
new	6ab54ae183888419ff0b1589	0	Water Broke, Heart Broke	1593	234		
new	6a9e50f2f0b3ac02d102ff76	0	The Omega's Command	235	747		
new	6ab386c65ea428ef3e0c0666	0	After I was sacrificed to the evil dragon, my brothers regretted it		236		
new	6a9034ce5284d484dd043333	0	Lady Pale Wraith	236	958		
new	6ab3b479e9c7f3df880e43c0	0	The Finall Play	970	237		
new	6ab330b11fe255acc0059c19	0	Beast Cubs Matchmake Their Parents	1589	238		
new	6abb1679d7cafc4ace0ec2e8	0	Love Came Too Late		239		
new	6aab8d2d52849f2d1006048b	0	The Wife He Should Fear		240		
new	6ab49c469958d02d9f0d7caf	0	His Surgeon Princess Consort		241		
new	6a87120b29bd6d504f03d7fe	0	My Strongest Master Pretends to Be Weak 2	241	1050		
new	6ab38701ee12cda71b0332fc	0	Contract Ends, Love Never Does		242		
new	6ab33377336edc96540e6689	0	Seven Alpha Wolf Mates, I Cast Them All Aside		243		
new	6a981a168259296cb909cc7d	0	My Black Python Wants My Eggs	243	290		
new	6ab49dec4a24f137390e16aa	0	Fatal Vow Swap, I Rule the Castle		245		
new	6aaa31f82dd0c8ec8d0dec38	0	After She Vanished, The Alpha King Regrets	991	246		
new	6a94de7260c844205d04244a	0	He Left Me at the Altar, So I Married the Man Above Him		247		
new	6a90ebe987b0c61f9007735c	0	Transmigrated as a Billionaire's Wife	247	942		
new	6ab1f677f4bae05d3b03d4e0	0	My Wedding Was Supposed to Be His Funeral		248		
new	6a45cd5d6a8c4720d70d7bf9	0	The Housewife He Threw Away Is a Billionaire	248	1568		
new	6ab34a843087e011030699de	0	Dumped by My Ex, Chosen by the Dragon King		249		
new	6ab3b0f68eb57767b80f5732	0	The Billionaire’s Daughter Chose Me to Be Her Mommy	249	396		
new	6aaa3dd87b1c44ab070000bc	0	I moved on, and he fell apart		250		
new	6aa37a4943aed75954074e35	0	Ms. Billionaire's Love Business	2380	251		
new	6a8d03f510f3a4bb8309daa2	0	Bringing Home the Woman in Black Stockings, My Parents’ Secret Is Exposed	251	980		
new	6aa37a12b55dd4a1cf053ff6	0	My fated Alpha: Rejected and Reclaimed		252		
new	6aa37981e0b00997b80f0703	0	How I became the CEO's darling		253		
no_rs_link	6a9a23d7d019e2250904d6a5	0	The Intern is the Undercover Boss		254		the-intern-is-the-undercover-boss
new	6ab48e7290a90172fe09635f	0	Roaming the World Untamed	2257	255		
new	6a79752f7cd8988e4f021832	0	The Billionaire I Married Overnight	256	1187		
new	6a58b081cd6dabf02b02b0e0	0	The Siren's Vengeance	257	1403		
new	6ab0f388752914e8e50fe57e	0	The Dragon Lord' Daughter		258		
new	6ab32cfcf20879dc290f9f99	0	The Luna Swap	2457	259		
new	6ab9c1b2ea7df2f63e086397	0	Don't Call Me Aunt		260		
new	6aa39542cfad6e0f1e036697	0	Divorced and Billionaire		261		
new	69cf7b8b280546175c0d9b4d	0	Hate to Love You Again	261			
new	6aaa499978f034adc00571ce	0	My Sister Ran, So I Married the Don		262		
new	6a8ba810915070e93808db35	1	Reborn to Build an Empire	262	1000		
new	6aa7778e38d2cb6ba80c50e5	0	Oops, You Messed with the Mastermind Queen!		263		
new	6aab649675afa6ca50014cd1	0	The $50 Billionaire		264		
new	6a954112ffb159a50b0e241a	0	My Hidden Dragon Awakened	264	909		
new	6a9a616c75a26d4b52079b89	0	My Wolf Chose Her, but the Alpha King Chose Me		265		
new	6a6316939bcd438cf504424b	0	Canceled Honeymoon	265	1343		
new	6aa24f8c75dcbe9d3807009c	0	Rejecting My Three Suitors After I Slimmed Down		266		
new	6a8cf7f7f98f4e48030121bc	0	My Boyfriend Can’t Know I’m a Mermaid	266	940		
new	6aaf575be7862770da05312a	0	Hidden Values		267		
new	6ab090132d78d85715058dcc	0	He Marked the Cheer Captain		268		
new	6ab9d9a3cd773b4bb00ab1e1	0	The Cat Spills.The Whole Mansion Spoils Me		269		
new	6a50cf19863389044f0971ca	0	Craving My British Cowboy	269	1474		
new	6ab33da438eb52161700fb25	0	One Night with  the Vampire Lord	1582	270		
reupload	6aafe6410426c658030ac987	0	I Married My Cheating Ex’s Uncle	1301	271		i-married-my-cheating-ex-s-uncle
no_rs_link	6a505c856e916f10b00e8aaa	0	Billion Dollar Bed: Addicted to Him	271	1519		billion-dollar-bed-addicted-to-him
new	6a2fd38eeca393941d0947be	0	How To Make A Death God Sin	272	1744		
new	6ab33ad4ccc1ed13b7069262	0	The Billionaire's Contract Bride		273		
new	6ab336437702dd71b104beee	0	Owned By My Fiancé's Uncle		274		
new	6ab34c188a29e5ccca0a54ac	0	The Crown of the Abyss: The Mute Bride of Atlantis		275		
new	6ab48061918b4e60f00b10ec	0	Post Release, Deeply Doted On by the Seal Master		276		
new	6ab487a64658c29b410878c6	0	Apollo  I’d Rather Marry a Monster		277		
new	6ab4e7fbe4534157b709f74f	0	White Wolf Rising		278		
new	6aaa12d1891adb6ff8063355	0	The Billionaire's Superhuman Maid	1595	279		
new	6a859df93f0921fe060bb6c2	0	The Little Goddess of Family Fortune	279	1024		
new	6ab3852b3150acd59f00280f	0	Daddy's Regret Comes Too Late	1616	280		
new	6aafb955dfd772fec90978d3	0	Gone Before the Vows		281		
new	6a4c6d3d952a3234740907ef	0	Star Prison	281	1540		
no_rs_link	6ab3852676234689d7078281	0	The Divorced Billionaire Heiress		282		the-divorced-billionaire-heiress
no_rs_link	6ab4c2f1a5e1bbcdc20dfe49	0	Clinic Miracle		284		clinic-miracle
new	6ab47fe9e5897872360ccb9b	0	Warlord of the Wastes: Rise of the Beasts		285		
new	6ab0f9d1fa6d3a3e98004385	0	The Dragon King's Secret Baby	1228	286		
new	6a90f6d101e2de15180ff0be	0	Rejected Bride, Reborn Dragon Queen	1208	287		
new	6a6ac2b29891ec35ea0ac5dd	0	The Phantom Pilot	287	1301		
new	6a94dcfdf713c2ef4504a2d5	0	The Alpha’s Luna Was Already Dead	979	288		
new	6a338e265fc1c89a8f035c16	0	Goodbye, I’m Getting Married	288	1697		
new	6a94e555fcfb758a6d08267d	0	My Son Crossed Me Out for His New Mom	1375	289		
new	6ab32d5b144ab8635400e759	0	Alpha Heiress Reclaims Her Pack	837	291		
new	6a7b163cc628342bd2004993	0	Ruler of the Ancient Seas	291	1195		
new	6ab3b5adb0a5c3756705d7d1	0	The Ice Man	1379	292		
new	6a8276a9ed771c8e0a01d621	0	Private Tutoring	292	1071		
new	6ab25bde66329a7d78047348	0	The Exiled Alpha Queen	1356	293		
new	6ab231080b0eb5beec035a9b	0	The Midnight Village	1102	294		
no_rs_link	6ab0f2cfad306f3419085d35	0	The World's Deadliest Body Guard		295		the-world-s-deadliest-body-guard
no_rs_link	6aad0e71e01e8ab9e30dbdc4	0	Space Cowboy's Royal Escort	1761	296		space-cowboy-s-royal-escort
new	698aa797e37e04d9f60ca689	0	Airing Their Dirty Laundry	296			
no_rs_link	6ab2149f105785493d09a90b	0	My Ex' Uncle, My Possession	1793	297		my-ex-uncle-my-possession
new	6aaa0e179bb2187fdb056d2e	0	Daddy, I Got You a Wife	1089	298		
new	6ab3497f6d9115f4f90a9c89	0	Never Look Back: The Dragon's Contract Bride	1612	299		
new	6a850ef2d32a67a1d005171b	0	Between Us & Our Enemies	299	1060		
no_rs_link	6ab08f0f67e561dc9d0581fb	0	Silent Wrath	1157	300		silent-wrath
no_rs_link	6ab1df083f2620d4610235b8	0	The Mafia Don Got the Wrong Wife, So I Ran Away Pregnant	1042	301		the-mafia-dongot-the-wrong-wife-so-i-ran-away-pregnant
new	6ab1e02e895cc75bc70e42e7	0	King of the Dead		302		
new	6a8fb0fa833289c5ca079ae2	0	From Mudblood to Atlantis' Owner	302	987		
no_rs_link	6a85417e38ad62cb8f0644a4	0	When She Stopped Chasing His Love	303	1049		when-she-stopped-chasing-his-love
new	6aacad376b92f600750e210d	0	The Dragon’s Heart Oath		303		
new	6ab4c202e4f2f95edf00dff6	0	Paladin Betrays God for the Wolf	1205	304		
new	6ab3cafad3dcc6d3860bae2a	0	My Name Is Not Maya	304	316		
new	6ab4d35903843de2550bc032	0	Chosen by My Olympian Gods		305		
new	6a9aaab47273d9fb8505cf8d	0	Married to the Mafia King's Brother	305	737		
new	6ab332d3c6d934532a02380c	0	Dragon blood Uprising		306		
new	6a7c09eedc4e3cb2b80e4055	0	The Gold-Digging Queen's Guillotine	306	973		
new	6aafb8dca89958edc3091bd0	0	My Demon-Hunter Ex Returns to Expose All My Lies	1590	307		
new	6a69994b1e93a53dfc0ca73e	0	Rising from theAshes, I Cut All Blood Ties	307	1352		
new	6ab1dfac491ed2935d0abde8	0	Silent Dad, Chatty Fairy		308		
new	6ab33273eb36cab19f067a7a	0	Lethal Vows：Married to My Rival	1033	309		
new	6ab1e506d70c17e43b09791f	0	Invisible Wife,Tragic Fallen Angel	1236	310		
new	6ab0f24d963f1a91c60ab186	0	My Taxi Driver Ex Is a Billionaire	515	311		
new	695f6b771f2e2e4c5d0e74b2	0	Kitty Kills	312			
new	6ab32e05b9a3484878090439	0	The Fairy Who Slept Her Way to the Throne	920	313		
new	6a8ba2192a1e3a1b8d07ace7	0	He Called Our Dying Daughter a Liar	314	930		
new	6a842cd5c76795cc8f0a8e32	0	Blood Moon Roommates	316	1057		
new	6ab0f66c6be902e3720136d8	0	Stolen Identity		317		
new	6ab33b6f8f705409d20c581c	0	The Wolf's Painter	699	318		
new	6a5d7edb91780e5b3202497d	0	The Blacksmith You Dumped Is the Red Dragon King	318	1416		
new	6aa9fa044ef91e80a602672b	0	The Toilet Portal: Feeding a Kingdom Across Time		319		
new	6aafe6a0807f36ffca0c1225	0	The Unchaste Charge:Plaything of My Husband's Godfather	1620	320		
new	6ab3b403815ce855ac0cdab3	0	My Bride's Ex on Our Wedding Bed	1273	321		
new	6aab4ef2fee11281e7090168	0	The Crown's Forbidden Pet	321	470		
new	6ab23b0744a8ec6e99098a6e	0	My Two Spy Daddies	1020	322		
new	6ab3300cc560130968048e59	0	He Lost the Mother Who Raised Him	2353	323		
new	6a9824393e7d254f5707284d	0	Under One Lane	323	870		
new	6ab229d4d0333c9f0c05cbb2	0	Factory Girl to First Lady	707	324		
new	6aa9faaeb933c4e0af08690a	0	Trapped in the Book as His Worst Mistake	1663	325		
new	6ab2297a2b70507c99058f86	0	The Beast Whisperer: Rookie Cop's Revenge		326		
new	6a9a2f49228a07c6d10e4429	0	The Alpha's Obsession	326	858		
new	6aafe4517ca9bff32e086f29	0	The Queen Who Never Aged	1224	327		
new	6ab23639274315766a027a6e	0	Tiger Mom Rewrites Her Family's Tragic Fate	1034	328		
new	6981d26bcc13551def05b58b	0	From Romance to Revenge	328			
new	6ab4ba46eff8a70dc906f185	0	His Golden Touch on My Body		329		
new	6ab4ba81a1b836a1c40b1457	0	Savage Prescription		330		
new	6a9e1b5f4e168cea8804569c	0	Addicted to the Rival Alphas	330	746		
new	6ab3b16de15ba58c99095aff	0	Not Daddy Anymore, Just Alpha	1627	332		
new	6a8cf883e0c1cf8ede01677d	0	Seducing the God of Olympus	333	967		
new	6ab33143194f80d99c01fa0b	0	Apocalypse Siege: King of the Awakened		334		
new	6ab331fbf2310964420250aa	0	Her Last Laugh		335		
new	6a22e72411f10a40420fc6b0	0	I Divorced His Whole Family	335	1903		
new	6aa9f635d53268d99c0d848b	0	Seven Days Thirty Again		336		
new	6aaf3ccdef67df672b0dfabd	0	Obsessed by My Stepbrother	2371	337		
new	69ba71c3547d76333c063896	0	Taming My Ex's Billionaire Uncle	338			
new	6aaa3f867b1c44ab070000c0	0	A Father's Redemption		340		
new	6aa0d8974cfd2f8e44057b76	0	The Godmother Returns	340	673		
reupload	6a838daf0154926396056229	0	The Husband She Took for Granted	1367	341		the-husband-she-took-for-granted
new	6ab11e0af321a3292b05419b	0	Never Reject a Dragon Princess	2354	342		
new	6aaf9bcc7bfb882718056152	0	Divorced: Claimed by the Mafia King	723	343		
new	6a740377759fd85b61000861	0	True Luna：On My Terms	343	1252		
new	6a90192b879f8b6304024fb4	0	I'm Not Your Ex Anymore	344	955		
new	6ab348feba9317afa50b2758	0	The Frat King Who Made me Shine	1052	345		
new	6a8fd851bb1b4f6bb503e902	0	Phantom on the Nile: I'm conquered by the high priest	345	917		
new	6aa9f6e93d1b0759cb0d914c	0	Too Late to Love Me	1334	346		
new	6aacd9e3b5c952d0200aa70b	0	I'm the Human Who Hunts Fiends		347		
new	6aaa58e56a90084bd304022e	0	The Vote Queen: My Mayor Ex Can't Have Me	1517	348		
new	6a62fae20fe809fbcb097c76	0	Sold to the Wolf King	348	1286		
new	6aafe5aff6dc4eb1860c97b8	0	Six Nights Before I Leave the Elf King	1561	349		
new	6a8d70926587c82f53031da2	0	The Mother's Comeback	349	982		
new	6aafe4acab96224b3001e285	0	The Blacksmith Is Thor's Son		350		
new	6a5d7df5337710b8ac04d330	0	The Crown of Thorns and Tide	350	1402		
new	6ab0fdc3cbcb2ebce1075adc	0	Mommy, I Found a Brother!		351		
new	6ab234fe8dc278cca60fc03a	0	Throw Me Out? You'll Beg for My Help		352		
new	6ab236bcb235657242087cf8	0	The Day I Stopped Paying		353		
new	6ab32f64046004cac60040da	0	I Paid a Fortune to Swap My Sister's Groom	1594	354		
new	6a796814cde2f1179f0c62ca	0	You sacrificed daughter of the last god	354	1145		
new	6ab32ed159fe702cf703f2fb	0	He Fell for the New Me	1065	355		
new	6aaf40ddadec8186070b64eb	0	The Revenant’s Vow: Shattered Crown		356		
new	6ab39949ec17d073650d5236	0	The Black Wolf They Cast Aside	1242	357		
new	6a6033aa2ba345fe32007a6a	0	Broken contract and four cubs	357	1285		
new	6ab21823b1f659cce405a239	0	Bedded and Buffed: Claiming My Shifter Harem	1882	358		
new	6ab379a5966635495c0b52ad	0	From Omega's Prey to Luna Queen	1467	360		
new	6a90ef7b26e6d777480a5e84	0	Goodbye Fiancé I Choose the Vampire King	360	912		
reupload	6983037d3cb3286b940d97ee	1	Return to Reckon with His Hateful Village	361			return-to-reckon-with-his-hateful-village
new	6aaf47139e6ed4ef06084606	0	Hidden Heiress: Spoiled by Five Billionaire Brothers	1104	361		
new	6aafb8460dcf8319bf0f6061	0	Reborn at Five,He Wields the Thunder God's Hammer		362		
new	6a27885ade8a045b2d04d46a	0	Unconditionlly Loved by the Lycan Billionaire	362	1908		
new	6aa37dba78a4f8b71e0fab25	0	Crown of the Nile: My Beggar Husband is the Pharaoh		364		
new	6a8bd8b3b2bd289a7a097d40	0	Crown of Starfire	364	983		
new	6aad112d89bf7cfe830389ca	0	Bloodbound to You	1245	365		
new	6a5750f712e78a1707083f40	0	He Gave Her My Luna Mark	365	1270		
no_rs_link	6a995a16870e7f35ae062fc3	0	Rejected by Three Alphas, Claimed by the Lycan King	366	780		rejected-by-three-alphas-claimed-by-the-lycan-king
new	6aa9f95fed354c18f70c92c4	0	Loser? I Have the White Tiger!		366		
new	6ab2545c0b0eb5beec035ab4	0	The Void Realm		367		
new	6a86b15a5a5694c81d075530	0	My Contract Husband is Hades	367	995		
new	6ab254c59dbc9a756a0c3761	0	The Forest of Laws		368		
new	6a701ebfe75af274da07241c	0	The Serpent King Calls Me Master	368	1194		
new	6aaf5144865374f888020127	0	Slimmed Down, My Wolf Crush Recognized Me	2458	369		
new	6aaa5ad912516e61c1098431	0	Bully at School, Sugar on Live	369	543		
new	6aacd6048765c9ffb501803d	0	I let her have all. They live in regret	2221	370		
new	696df1a4a91fc430190002a6	0	When Love Is Unequal	370			
new	6aaff98c9bcab205770fed07	0	That Soldier You Betrayed Is The War Master	1456	371		
new	6aaf9af0a11474059c0d6830	0	That Beggar is the Grim Reaper		372		
new	6a9ebf69b584df1280049ee6	0	The Alpha’s Substitute Bride	372	791		
new	6aaf52d36f4b58546800f727	0	King of Guns		373		
new	6ab4b960b1ed19fd1408979c	0	The Ten-Million Dollar Trap	2186	374		
new	6aac937052b71ef598001385	0	The Last Ark to Mars		375		
new	6a028e192a7c88e6fa0ae0ef	0	Acting for Real-He Fell First	375	2084		
new	6ab4c8917b513874d10ce70b	0	Stolen by My Fiancé's Uncle		376		
new	6ab4b9cdc4ba90cc8d07abda	0	Daddy, We’re Secret Billionaires	785	377		
new	6ab4c9bd5a789dd450019b7e	0	My Commander Husband Chose a Cat Girl Over Me		378		
new	6a8f98e0758fb693cf048117	0	A Touch of Reunion	379	956		
new	6ab32c29ccc1ed13b7069259	0	The Mafia Boss's Stolen Bride	1760	381		
new	6a586d61f1819245a007809e	0	Illegal Touching	381	1459		
new	6aaf3b7430c3de34eb028e69	0	The Dragon God They Dared to Mock		382		
new	6ab3d3e175d464255e0e0eb7	0	Five Years Desert Exile, His New Bride	862	383		
new	6a9fa08dd4b512b5e40f6f75	0	He Went Crazy After My Fake Betrayal	383	685		
new	6aafe54ce40f321ba40e4177	0	He Sent Me a Lover		385		
new	6aa9f4a043c4c60e65055cc5	0	The Billionaire Ex-Wife	517	386		
new	6aa9f419545e4f0dda08be67	0	Beg Me to Stay		387		
new	6aaa670926f21fbf730dac6f	0	Carrying the Oil Baron's Four Heirs		388		
new	695e02f1c914e8c400038895	0	Star Paws	388			
new	6aaa3e4b39f2eeea4f0221fb	0	Pregnant Yet Mistaken for a Mistress		389		
new	6a4ef8db24f63497da07f7c1	0	The Sister They Hated	389	1502		
new	6aac9eeb32ec848a9b0e9f4b	0	His Late Repentance		390		
new	6a9ad210a71c71f5b40153b9	0	Abandoned Husband, Titan Lord	390	781		
reupload	6a0eb1a12159e18bf9063c3c	0	The Extraordinary Mother of a Billionaire	391	2036		the-extraordinary-mother-of-a-billionaire
new	6aac9a50a5aa71b036008ada	0	Transmigrated, I Married the Reborn Bride		391		
new	6aacf175492366b04d06bbc8	0	Taming My Mafia Master	1660	392		
new	6a9f7d0ddceb53e2a4020c4b	0	The Night He Pawned Our Dragon Child and Forgot Me	392	724		
new	6aaf3c5f04e5c4d1a70a1159	0	My Lady Is A War Goddess		393		
new	6a9a2161ac321ce6950ca4f5	0	My Billionaire Husband Can Hear My Thoughts!	393	738		
new	6aafe2f45173068ce80665a5	0	His Healing Touch		394		
new	6ab1ddb848021082330aee99	0	Weightless Rose		395		
new	694b5a7da99ea818ed0bd7de	0	She Returned as Empress	395			
new	6a97933e4755502ce50b4a6b	0	My Blood-Sucking Familiar Is My Husband’s Lover	396	876		
new	6ab3b2d5e17b057dd6095bcc	0	The Demon Lord’s Contracted Princess		397		
new	6ab3a84d5d7b4f9772012c7e	0	The Comeback Heiress	787	398		
new	6ab393313ee58baf990638b5	0	My Ex-wife the Mafia Princess	1664	399		
new	6a8d89f916a9e3a59f088d5a	0	The Exiled Dragon Queen	399	969		
new	6ab3afc9a74fce7ab402b4d3	0	Ten Years of Lies, One New Beginning		400		
new	6a9f9ee4226a552f67018246	0	My Ungrateful Ex Never Knew I Was the CEO	400	687		
new	6aaf466ac9a67ebbca0ba786	0	Jilted at the Altar, I Flash-Married a Mysterious Billionaire	1203	401		
new	6aa14a06e9874ad3660da2ca	0	My Merman Husband Is a Deep-Sea Tyrant	401	676		
new	6aaa14204fc571a2ed097347	0	Dear, the Baby Isn't Yours		402		
new	6aad87adccf51211d602eaf5	0	Married to the Billionaire CEO	402	509		
new	6aaa135821de4aa3580f1cbe	0	The Price of Losing Her		403		
new	6a200af55b690589650b0cd4	0	Burn the House Down	403	1985		
new	6aaf76be9884ddb0cc07604a	0	I See the Death Countdown		404		
new	6a695ac6318ab06af9089969	0	The Lost Swordsman	404	1291		
new	6aaf51b6ca29c0aa920114f7	0	Game of Blood		405		
new	6a9015988935fd813e0b50bc	0	My Billionaire Husband Got My Sister Pregnant	405	773		
new	6aafb7a6a0a689b4a00e725b	0	One Night Love, Fated Forever		406		
new	6a97be5b7c15673985039ece	0	Return of the Strongest Beastmaster	406	896		
new	6aafe3e44a1671622a028fe7	0	Romancing Beast Husbands, Starting at 200 Pounds	2477	407		
new	69dc94cf1015a88977031811	0	Reset: Taming the Tyrant	407			
new	6aa9f590767637836d0f4078	0	Three Vampires, One Dragon Bride	1462	408		
new	6ab38a49ca1f5e1cc30a1a62	0	Every Night With You	742	409		
new	6a7d84d946113b47740e69e6	0	Doting Snake Lord	409	1173		
new	6ab1dc7e3d722d363b018ae7	0	Zeus Came Back for His True Love	1355	410		
new	6aa14add3a1b31199f047078	0	Twelve Years of Lies: The Gymnast's Rebirth	410	682		
new	6aaf3b15441c943bad0b20c7	0	Mistaken for His Mistress	2377	411		
new	6a72d8b5becaa7e3c600345e	0	Emerald Eyed Luna	412	760		
new	6a338dc986803bddc706339b	0	The Playboy I Married Runs Everything	413	1693		
new	6aab7fc88c28894d500ea6dd	0	The Wolves’ Bride	414	587		
reupload	6a583abc7f901fd90400c262	0	A Ruler in Disguise	416	1426		a-ruler-in-disguise
new	6ab10341c781b34b6c0be467	0	The Blood Pact Game	498	416		
new	6aa9f8baef223a8a350f942c	0	Daddy's Back in Action	1013	417		
new	6a8ea64018c4d0e99a0e245c	0	My Boss, My Wolfish Lover	417	823		
new	6aa9f30660d949781b0ef205	0	Feeding the Dragon's Desir	1122	418		
new	6ab214222bbdc12d830988f9	0	Bloodline Paradox: Silver and Shadows	418	425		
new	6aab4d8854f988d93b0a4c97	0	My Beggar Fiancé Is the Billionaire Wolf King	720	419		
new	6aab4ffcaa1ddc954a083e5c	0	Rejected by My Alpha, Chosen by the Strongest	506	420		
new	6aac98d5a2d88f76250558bb	0	Heavenly Sovereign		421		
new	6a7f30edf644260e4c06e96a	0	My Hockey Rival Under Me	421	1118		
new	6aaf3aadfa2475c6b7090017	0	The Mermaid King Begged Me to Return	895	422		
new	6a61fcc72109ad2b77051835	0	You Chose the Maid,Now You Beg	422	1237		
new	6aafe367524deb94ed0c5145	0	The Mermaid I Bullied Is My Daughter		423		
new	6a9e2a86c0ec57312203b897	0	You Wrecked a Federal Bulletproof Car, Mr. CEO	423	680		
no_rs_link	6ab2325ce4f8defebe092f1c	0	Betrayal at the Altar	1079	424		betrayal-at-the-altar
new	6a338dcd86803bddc70633a4	0	Reborn to Marry a Beggar Prince	424	1696		
new	6ab2372e07911a72630a6bef	0	Watch My Cheating Husband Fall		426		
new	6ab2460459c308a21f056a71	0	After I Gave You Everything	1243	427		
new	6a90158f7da62716800586d3	0	The Cut That Freed Me	427	766		
reupload	6825b12cfefca7a51809a25f	0	Why My Contract Ex-Husband Keeps Chasing Me	428			why-my-contract-ex-husband-keeps-chasing-me
no_rs_link	6ab380374010d8bfc50a1c79	0	Alpha’s Cursed Mate	649	428		alphas-cursed-mate
no_rs_link	6ab380e9addfe9e4cb0683f1	0	My billionaire roommate is the Demon King		429		my-billionaire-roommate-is-the-demon-king
new	6a96312d245b980baa077a77	0	He Pretended to Get Bullied Only for Her	429	765		
no_rs_link	6ab3807325f66741d7075b0f	0	Son from the Future	1287	430		son-from-the-future
no_rs_link	6ab381270dd9448d8b08c151	0	I Married a Family of Liars		431		i-married-a-family-of-liars
new	6a5f1057e2a59d2e2605759e	0	His Mafia Queen	431	1303		
no_rs_link	6ab381623da8fdcbfd0eaf0f	0	Our Crew Has No Tomorrow		432		our-crew-has-no-tomorrow
no_rs_link	6ab38172147919b579093add	0	My Pup Became My Alpha	554	433		my-pup-became-my-alpha
new	69abb81428a46f62740a9429	1	Taming the Demon Butlers	433			
reupload	68dec211bdbc8b6d9808d6b4	0	Cooking My Way Back to Love	434			cooking-my-way-back-to-love
no_rs_link	6ab3816aa5d7be7795094352	0	Death Forgot He Loved Me		434		death-forgot-he-loved-me
reupload	6a469885824b0d14020db237	0	Sweet Temptation	435	1455		sweet-temptation
new	6ab3819d0b3e9246fc0e8c3e	0	This dragon eats memories		435		
no_rs_link	6ab381a16cb4df6d2a054ba6	0	The Bakery Queen and Her Five Exes		436		the-bakery-queen-and-her-five-exes
new	6948e4319d0ddf2a960b1c04	0	Married on Paper, Claimed for Life	436	739		
no_rs_link	6ab380ed0293757f780fb454	0	My Patient Is a Mermaid	1277	437		my-patient-is-a-mermaid
new	6ab12383f9eb8ee2aa08aa9a	0	Boyfriend Sleeping with Another Woman		438		
new	6a6adbe96a1c2a68b909a072	0	Seducing the Tyrant's Queen: The Apprentice's Revenge	438	1325		
new	6aaf4731567556b68702a229	0	The football captain insists on drinking my breast milk	722	439		
new	6a9e38dc44460190dc07d479	0	Choose Sister, I Took All	439	683		
new	6aaa11f0991cb724880c588e	0	Ruthless Billionaire's Maid: Bearing the Secret Heir		440		
new	6a433dff60b4413d74099444	0	True Heiress, Stolen Light	440	1621		
new	6a28cdb0cb6231c480047dd3	0	Masked Socialite: My Cellmate Is a Top Tycoon Heir	441	1916		
new	6aaa1547ad8b86eca7057727	0	Awakened Dragon Oath	1784	442		
new	6aaa5ca0d8704222850a577a	0	The Forgotten Blood Heir		443		
new	6aaf3d86e270e34e33026b1b	0	I Woke Up as the Villainous Guide		445		
new	6a8ba20381156918460194e8	0	Trial of the Forgotten	445	771		
new	6aafac2a04aac7f8cb012447	0	Blood moon dominator	635	446		
new	6a82d2bb02bd5b98ba007110	0	One Husband, Two Identities	446	770		
new	6aa12ea4e890941d9e01f2b3	0	He Called It a Prank，I Called It Goodbye	447	574		
new	6aa7f9fc07ec76eb9509e921	0	The Billionaire's Forbidden Nanny	1381	448		
new	6a9f7cd65b3c94307c0583d7	0	Spurned Bride, His Indispensable CEO	448	723		
new	6aa9f50eff2bdf92390dcd37	0	The Omega You Mocked Is Your Goddess		449		
new	6a87ac7ad459b3ce38089b05	0	Mafia Obsession  Stop, My Stepbrother!	449	914		
new	6a7ae24680b1cbd37d00260a	0	My Dragon Daughter's True Sight	450	1199		
new	6aa7c0e18915a367070c1ce8	0	I Sent Nudes to My bully	451	639		
new	6aa75714f2ca5cb7f40ee354	0	Fleeing in Chaos: The Celebrity Mom	790	452		
new	6a2e0900ec19a7a7cd0a890a	0	Stolen Bloodline	452	1792		
reupload	664b2d472d7652552306d57d	0	The Double Life of a Billionaire Heiress	453			the-double-life-of-a-billionaire-heiress
new	6aab51be63a1e2776e066778	0	Fake Dating My Football Rival	606	454		
new	6a963220a45123e37f0d6aa7	0	The Death Payout System: Escaping My Toxic Pack	454	877		
new	6aaa59fdad3c5585c60c68c5	0	My Fiancé Lied, So I Chose His Brother	1030	455		
new	6a4a1a9cbc1064cff9052997	0	After 7 Alpha Rejections, I Became Queen	455	1507		
new	6aab56599dd55c68fe09057b	0	‌My dragon husband‌	839	456		
new	6a229be3766d20a0a90593ef	0	The Apex Operator's Secret Vow	456	1917		
new	6aad0c922905ea4b3007f469	0	Apocalypse Tyrant Tames the Zombie Queen	1061	457		
new	6a4b409812dbc3433e066248	0	The Proctologist's Brother	457	1397		
new	6aad0d2372afde7c390830b0	0	Elegy of the Damned	1117	458		
new	6aa9f7cfa7d2efe4ed0f962f	0	I Married a Star Lord	788	459		
new	6aa7d18a729361e7e207336d	0	Hale Heiress Strikes Back	1457	461		
new	6a1507e04240073bb00d308d	0	I Said Yes to My Fiancé's Uncle	461	1654		
new	6aa90162f49e3424d2085207	0	The Billion-Dollar Heiress’ Reckoning		462		
new	698d48b2c32dbaa80c0f445b	0	When I Stopped Saving You	462			
new	6aaf3b38f67b065cc101b767	0	Speed and Death	1511	463		
new	6a9f73832210cb0ddf055f97	0	Global Alert: Dragon Lord Unleashed	463	788		
new	6aaf3b3bf499ae4fe9071a07	0	Fated to the Cruel Falcon	1127	464		
new	6a8d2ad86a1a600e1306bd6b	0	I Got a Magic Dog and a Handsome Husband	464	999		
new	6aaba53318dcc44dbd00634f	0	After Seeing Their Soul Colors, I Gladly Chose the Poor Family		465		
new	6a28dfc647a956bf850e37d3	0	Fatal Attraction	465	1840		
new	696ef1dd2ab7cd033304a49a	0	Playing Weak, Winning Big	467			
new	6aa7679f33c68355850005bc	0	King of the Four Seas: Legend Reborn		468		
new	695f9f537c6ad272200e3daa	0	The Reaper's Contract	468			
new	6aa756337b3ea9ca6e0e382e	0	The Robot She Cheated With		469		
new	6aa26f4f37ec0b3e480f6738	0	Nights With My CEO	469	645		
new	69abb1797a64ad5c5208136b	0	Taming the Demon Butlers	470			
new	6aab4e26c39f8f9ed40ea638	0	The War God's Commoner Bride		471		
new	6a9f972ee5cf1e069205b0bd	0	My Racing Nemesis Kissed Me	471	801		
new	6aaa5873c4762a7c080b5edc	0	My Secret Son with the Billionaire	884	472		
new	6a7d23d7c3a0d45dc40f8379	0	I Divorced My Husband Over a Birthmark	472	1026		
new	6aab55d320d9c973640bbbae	0	The Wolf King’s Cub Comes Knocking	1048	473		
new	6a86b1b8b3c9e822400b3b3c	0	Ashes for My Sister's Destiny	473	769		
new	6aab4f7445ee0eec6a0c3a68	0	The Useless Princess Turns Three Beast Lords into Her Servants	1722	474		
new	6982f811dd4450529f0ac767	0	The Mafia Boss Has a Gun, Darling Don't Run	474			
new	6a9922c5f1680179d201b6fb	0	The Second Breath	475	734		
new	6aab92e6bbf815412b08a3a6	0	His Caged Angel	1295	476		
new	6aad0bde39f21a7bd10aa53d	0	Buried Alive, I Became My Enemy's Sister		477		
new	695cded9949a9a81b10ac56f	0	Mom, I'm Here for You	477			
new	6aafa9872f378a0b720251f2	0	Reborn Before the Impostor’s Wedding	985	478		
new	6a8e4be19c93316c5a070d59	0	I Proposed to a Stranger at My Wedding  Season 1	478	913		
new	6aafa8f67f299dc17e02b3e7	0	So close, yet so far the stolen princess	2072	479		
new	6aa7d0fe95f53e3eb10764d4	0	I Athena Married the Demon of Sparta	1140	480		
new	6a9f71f3edbeacc16b044e78	0	The Silver Moon Heiress	480	755		
new	6aa91544e0f4acabb404f2ec	0	The Stand-in Bride	1027	481		
new	6a741db7bf22b9d5b80c238e	0	Off the Ice	481	1254		
new	6a9fc9dea2102d5c600d47d6	0	Mommy by Mistake for the Abyssal Tyrant’s Baby		482		
new	6aa751916ed7715abe04f0e7	0	Bound to the Mob Alpha's Baby	2264	483		
new	6901f2d906967f11bc0470df	0	How to Tame Your Bully	483			
new	6aaa008f38bdf5f65a0af22b	0	My Four Beast Daddies' Regret	1229	484		
new	6a8e81e782a8d6193b0483fe	0	Cooking My Way Out of Servitude	484	981		
new	6aab87f6f118c0c3b00ccbb8	0	Between My Ex and My Stepson		485		
new	6a700150eef7d6f5550a0b23	0	His Father Made Me His	485	1272		
new	6aaa73d81c3de108910ef9a3	0	The Don's Abandoned Ex-Wife Strikes Back	1037	486		
new	6aa123fd5dfa737b5104599b	0	When Love Takes Hold	486	748		
new	6aa89f9e91cc2ef1d4004b47	0	My Husband Played Dead. I Made It Real.	789	487		
new	6aa20b80756571a6090712d5	0	After My Fake Death, He Went Mad with Regret	1519	488		
new	6a87aeff24de07bd5009b022	0	MY MAFIA HUSBAND WATCHED ME BURN	488	937		
new	6aab6504d2ab3aadf90598bc	0	The Wolfless Queen		489		
new	6a62cf6aaa2d9518cb09947d	0	The Fake Hero Never Saw Me Coming	489	1398		
new	6982f81bdd4450529f0ac777	0	Extreme Gambling Game	490			
new	6aa3983abe67c2f3dc0c9699	0	He Swapped My Wedding For My Sister	1007	491		
new	6aa80857faf5b28f7808e34c	0	Faking It with the Quarterback		492		
new	6a9819c22ee68677580ca241	0	Daddy Please, Wake Mommy Up	492	803		
new	6a94e55ab7f35041b608930b	0	The Luna Who Broke the Bond		493		
new	6a5ed94d86fc5365410a581f	0	The Tyrant's Max-Level Dragon Bride	493	1425		
no_rs_link	6a5446b2b2294edf4608f5dd	0	My Three Brothers Chose Her	494	1497		my-three-brothers-chose-her
new	6aa900f9e8d62ec0ee0778a7	0	Buried by Lies		494		
new	6aa8085c5d250d8e3a027c43	0	The Wife He Buried	1747	495		
new	6aa0b83410e6e406410874a7	0	Escaping the ER Death Trap via Scrolling comments		496		
new	6a865c80c0137913d9066567	0	My Two Mates Never Loved Me	496	767		
new	6aa7a51101b1d5af8f0ddc77	0	Rejected by the Heir, Crowned by the Dragon	1010	497		
new	6aac91fa5d27d6cfab09a235	0	Alphas Never Kneel	516	498		
new	6aa270443a1ab55d480d6487	0	The Stand In	500	613		
no_rs_link	6a981cbaebcfee6ff4072433	0	Claimed by My Boyfriend's Mafia Father	501	786		claimed-by-my-boyfriend-s-mafia-father
new	6aabb8c90f0428a0f00f0531	0	Seven Sins! I claimed them all!	721	501		
new	6aaa57b4632ee09e940d9d47	0	Betrayed, Broken, But Crowned the Dragon King's Queen	670	502		
new	6aa24ce9007f35c71808dd98	0	Love Has No Turning Back	502	675		
reupload	6aa8bda56f4ce926140b1f65	0	Brothers in Arms	503	601		brothers-in-arms
new	6aaa14d443e718e18b003f94	0	I'm a Witch, But I Just Want to Farm	2379	504		
new	6a9fdbe1a1bb33563b042673	0	An Archmage in the City	504	757		
new	6aad09d6d9fb4f26d60a2f62	0	My Security Hubby Is a Billionaire	815	505		
new	6a9e36e93434e18c480e363a	0	Black Blood's Awakening	505	697		
new	6aab4a1d8685c77e080295d5	0	I Killed a Dragon, I'm Still Weak		506		
new	6aab4774d2c373b7230c4fc7	0	The Defective Wolf at Magic Academy		507		
new	69f04833a620c88b9402760c	0	Worthless to Priceless The Alpha's Rejected Mate	507			
new	6aad0a3416f5bf02f00d1f25	0	After I Married Another, the Princess Broke Down	1613	508		
new	698ac72855539fb4b50f1f81	0	Bugged Love: Spoiling His Wives	508			
new	6a82da6d4618a4a11d062a85	0	Billionaire Luna: Taming My Alpha Mates	510	1031		
new	6aa90090da9bb5eb7e021a21	0	Hidden Bloodline, True Crown	1449	511		
new	6aaa2a9b75973e08a701355e	0	The Black Comet Hidden in Plain Sight	1360	512		
new	6aa016f0dec67ee5640992c5	0	Reborn: The Angelic War God with a Barbie Face	512	763		
new	6aa9148b26edef79ea0deba4	0	The Years I Lost You	1726	513		
new	6a7d23d4c59b8cef5f036fc9	0	My Boyfriend Doesn't Know I'm a Mermaid	513	997		
new	6aab8ca660f347ab7000a51c	0	The Janitor Runs This Tower Now		514		
new	6aaba61edaac82ea3708d8e8	0	From His Prank to a CEO's Arms		516		
new	6a9e712bd0b8f123e205dc66	0	Alpha's only mate		517		
no_rs_link	6aa935882bbb80a92d0a6aaa	0	The Reaper's Fated Bride	1018	518		the-reaper-s-fated-bride
new	698db87c4aaaee90090bd434	0	Walk Again for Me	518			
new	6aa39e12f4ae9dbd480c9e1f	0	My Worst Boss Is My Online Crush	1026	519		
new	6a9a38f537ef8a2b3a0c7320	0	The Gift Bride of a Mafia Don	519	668		
new	6aa221dcce316629590e2bed	0	Claimed by the Prince：the Forbidden Wet Nurse	724	520		
new	6a7977e127f2bdb0d10561d2	0	She Chose the Dragon	520	1221		
new	6aa0d2c0317a548a7d0e2a66	0	My Nude Chat Partner Is My Boss	521	782		
new	6aa7df9fef241e84980c21b1	0	Asura Dad: Hands Off My Daughter	1409	522		
new	6a603d3661e24f429c06736a	0	Love Caught Fangs and Claws	522	1422		
new	6aaa1042abae29938e04b14e	0	That Great Emperor Is My Dad?!		523		
new	6a8822c2008fe54d1f07b7ea	0	The Obsession Tree	523	992		
no_rs_link	6aa911ac6f6588b4d906af45	0	Married to a Fisherman, But He Is Poseidon		524		married-to-a-fisherman-but-he-is-poseidon
new	6a6c2c7931364c40380c6d34	0	The Rise of a Godfather	524	1290		
new	6aaa113cd63ef816d20795e8	0	His Ex-Wife Is Now Empress		525		
new	6aad0945bbe5285ac30ca2cb	0	My Limping Husband Is a Billionaire	729	526		
new	6aa26e69c628a25e9a00dfe9	0	Don't Harm the Heiress，Her Mom Is the Sable Queen	526	610		
new	6aa764892d395f6ee40b75d1	0	Betrayed by My Wife, I Return for Revenge	1257	527		
new	6a98f9691b1610805e03b41b	0	The Ice God's Cinderella	527	787		
new	6aa902759f0e8f89050c71b9	0	Bride of the Goblin Lord	1221	529		
new	6aa7c50450460871b005c79c	0	Wolf of the North	1244	530		
new	6a850a5b492a2109db07f8c9	0	God of Olympus: Taming the DILF	530	1053		
new	69c33d5dec54007f920905e9	0	Ride or Die: Predator's Game	531			
new	6aa0c4562049edc1cf0434e5	0	Don’t Bite Me, My Alpha Professor!	533	638		
new	6aab4b067fdcbbeca5057c79	0	Til Death Do Us Bind	2336	534		
new	6a8ba21522043df1630f7069	0	The Mafia Heiress Crashes Her Sister's Auction	534	993		
new	6aa8de7551a9de06c40dcb4b	0	A Joke Destroyed My Child	1343	535		
new	6a8f9b384ce90715bb07fb08	0	Six Years of Secret Marriage, I Choose to Leave	536	775		
new	6aa76218b3be27359003c45c	0	Rejected by My Shifter Mates, So I Walked Away		537		
new	6a982619f13d3495f40738d0	0	My Boss Is My Secret Husband	537	860		
new	6aa761a47260cccce80da797	0	The Godfather's Legacy	983	538		
new	695f6bad2d9546e4590a0197	0	Nest of Vampires	538			
new	6aa3a8de4c3ae91aba01e787	0	Bullied Girl		539		
new	694dec05fda650e8820eb4ec	0	The Swordsman's Rise	539			
new	6aa7c48c23b93c5a45037511	0	Blood Harvest	1078	540		
new	695cc956a48d21b3e10bb2ed	0	My Daughter, My Killer	540			
new	6aabaeceb29a9b4590020ef1	0	Spend on Her, Get 10,000X Back in the Apocalypse	1023	541		
new	65a9987fdacdc92c500004fa	0	Faking Death, Raising Trio	541			
new	6a6ff4c1d900154b5c073d1b	0	Contract Wife: Savage Stepmom Rules the Billionaire Empire	542	1247		
new	6aa75dc1403da2c10709f263	0	The Mermaid Princess They Betrayed		544		
new	6a62c99877ad3657000aa34d	0	Mated to Two Bad Boy Alphas	544	1310		
new	6aa363fcff2ecd8dfa08cec9	0	Bride To The Beast King	1108	545		
new	6a79c2c44471e7a7eb06104f	0	My Maid Stole My Fiancé, But I Stole Back My Fate	545	1197		
new	6aa913d2b2a74823790d26e0	0	Blind Date Mix-Up: The CEO Fell for a Foodie	1443	546		
new	6aaa0ec61c177021650713ab	0	The Desert King's Lucky Bride		547		
new	6a338dca86803bddc706339e	0	Boss, Your Wife Fights Back	547	1692		
new	6aa9f39846fc429c40053977	0	The Hottie Tycoon Has My Back	1216	548		
new	6aa35c4a19051e75c40bc587	0	Taken by the Mafia Godfather	548	695		
new	6aa934f2eca06874040634ce	0	I’m Pregnant With My Boss’s Triplets	1751	549		
new	6a8c0f134a3e10865c01146e	0	When I Meet Another Alpha	549	959		
new	6aaa0f8e6b8e83505f0b9260	0	Your Boss Becomes Your Stepmom	984	550		
new	695634fdff4538cc4c03777b	0	He's Not A Spare Son	551			
new	6aa24d84108f6e31d2089c0a	0	Bought by the Cold Billionaire Season 1		552		
new	6a2f6da52a43b076a806449b	0	My Dead Ex Came Back Rich	552	1816		
new	6aa0c5b89614c7bd950b6937	0	Claimed by the Deep	2381	553		
new	6aa763dfdc1f826b5f0bf667	0	The Scent That Found Me	1624	554		
new	6aa74fd0284d7b1e3c01c815	0	Bound by Revenge: His Captive Toy	1094	555		
new	6a978d62d39ee22b0809a61a	0	The Heiress and Her Bodyguard		556		
new	6a980076f13d3495f40738c7	0	Stitches of Regret: The Mistaken Heartbeat		557		
new	6a980049dd7014e615023656	0	Pregnant With My Rival CEO's Baby		558		
new	6a98009900cc0a5306089d68	0	After all this time		559		
new	6a630a38b62b29088b018acb	0	Savage Mates: Rise of the Beast Queen	559	1374		
new	6a9800b248622bf1570a9af9	0	My Vampire Husband Wants to Bite Me Every Night		560		
new	6a2f6da32a43b076a8064495	0	Racing King Rise Again	560	1817		
new	6a9a23b9ca2b55f8720f29e7	0	My Exclusive Client		561		
new	69a2be7b6ae8ca55740cf639	0	Father's Wrath: Escape Before Delivery	561			
new	6a9a2369ee2213761601a3a7	0	Call Me By Your Heart		562		
new	69897fe76ccc6463510d1af6	0	The Prince and His Precious Vixen	562			
new	6aa379f422ecaa8bbf0b5fc4	0	The Returns of Billionaire Mom		563		
new	6aa37a268a96e906d800f81b	0	The Secret Recipe to Snatch a Billionaire		564		
new	66effa2612e551069e051e02	0	The Ugly Heiress's Try	564			
new	6aad0cc3f95e53059606ca7f	0	The Mafia's Accidental Queen	2261	565		
new	697b696347fd2df25f08b4a3	0	The Prince Is My Kid's Dad?!	565			
new	6aa2710cee2da5f5ee090558	0	Countdown to Leaving the Alpha King		566		
new	6aa908aa2865d3720a03ee64	0	A Kiss on Your Faded Heart	1382	567		
new	6a3ddce9401492332b0026b9	0	My Repairman Dad Is the Mecha God	567	1619		
new	69def42f69dc6fef82020ed5	0	The Wolf King’s Runaway Queen	568			
new	6aa362809c3d2a806c09b7b5	0	The Godfather with Amnesia		569		
new	69b952e3736859ae4604b6c3	0	Countdown to You, Mr. CEO	569			
new	6aa7be510277dd3ed1059830	0	The Freshman’s Secret		570		
new	69a565f5da8337d7a70a5015	0	Fallen Fox, Kneeling Royals	570			
new	6a8412f4c23076e04c018eac	0	The Son They Switched	1463	571		
new	695dbc8948c136a15305c7e7	0	Lady-in-Waiting vs. Lady Fake	571			
new	6a9515ca502eb5a8560a29e9	0	Driven by Love	625	572		
new	691c2ce63be7f4958708aa46	0	Miss Secretary, You Stole His Heart	572			
new	6aa37cede917b4216b027db0	0	The Price of Blood		573		
new	6aa2603fa4ffa6e81f0cda59	0	My Husband Lost $10,000 at Poker, So I Went All In	738	575		
new	68244e20b042811b2b0d5f57	0	Stay	575			
new	6a9e7a740bc0a33f1e000e25	0	A Promise to My Fallen Brother	629	576		
new	6a79352e6aee1ef8c50dd878	0	Goodbye, Ex-husband I'm Racing with a Billonaire	576	1175		
new	6aa360f038aaa7ec8d04c5a5	0	Doted by the Big Shot After Betrayal	1024	577		
new	6a68b826e39ad393b709c15b	0	Mafia Boss Never Loved Me	577	1264		
new	6aa360410c264fcce2032e1c	0	Weak in Sight, Keeper in Secret	2188	578		
new	6aa215a349c5e588de0313b9	0	So What? Your Dad Loves me		579		
new	6a433dfd3d1c4e53360729f4	0	Revenge Groom Is My Ex's Uncle	579	1623		
new	6aa75808bca8dafa1709392a	0	Shattered Past, A Father's Return	1057	580		
new	6a41d63c1d684fb8fe060e77	0	The Immortal Guard	580	1557		
new	6aa7688a8cb45cb42e07b33e	0	The Devil's Plus-Size Bride	2566	581		
new	69fc06a2397eb149ac09962d	0	The Fake Marriage Got Too Real	581	2191		
new	6aa75eaca51d58c1a30a3769	0	Born to Bring Luck I Married My Ex’s Rival	1493	582		
new	69dc8dc7f5f7a7b9890d6a68	0	Bound by Lies, Saved by Love	582			
new	6aa7c627efb51120270aecd4	0	My Blind Date Has a Secret		583		
new	69ce0feadf568438090d3489	0	Metropolitan Wolf Warrior	583			
new	6aa7c414d1460ae9ca0f123d	0	My Sister's Husband	2223	584		
new	69ca091c5fb203bf52091a26	0	Reborn, Ex-Husband Begs Me Back	584			
no_rs_link	6aa9343e2b7ab6ea3e0cdf9c	0	The CEO Who Felt My Pregnancy	1341	585		the-ceo-who-felt-my-pregnancy
new	69b262edad2711a8da06e35b	0	From Heartbreak to Fated Lover	585			
new	6992bbfb9af23fd9ce0f5e91	0	Let Love Stop Before the Tears Fall	586			
new	698aa5b145e941c96d02e26a	0	One-Night Stand With the Right Man	587			
new	6aa8ff9f5f86a8b72f04e0e5	0	Done in Fifteen Years		588		
new	698411d14e5ab58e830a96cd	0	Love Found Her in Paris	588			
new	6aa762ef7437581d78018d97	0	My Lycan Lord	1378	589		
new	697c6da5f915fc8d4c0e5d94	0	Betray Me? Chaos Follow!	589			
new	6949fae39dc8a604b9098059	0	Harm Her, Harm Yourself	590			
new	6aa3618b8b03e71fd0047437	0	The Contract Wife’s Vengeance		591		
new	6aaa457647b731f35c0cb459	0	The Heir Game		592		
new	68761936ca80138b490008c8	0	Spoiled by the Devil	592			
new	6aaa4729c1223366a606967a	0	Under Her Heels		593		
new	6aa80929eca954405107a0f4	0	Beasts at My Command, I Tamed a Kingdom		594		
new	6aa20de315d359602001a835	0	Rise of the Culinary King	1304	595		
new	67276cd44ae187280c0362e9	0	Crown of Vengeance	596			
new	6aa363575c614c71b500c008	0	The true heiress returning is the grand priestess of fat	680	597		
new	6721ccd46806e732ee081c21	0	The Spoiled Miss is a Hidden Big Shot	597			
new	6aa7a817352596cfcd03ec5b	0	Surrender to the Night	1604	598		
new	670503b831d811a7fd0a722f	0	Darling, Forgive Me	598			
reupload	6aaa07e16e1c372f3f018162	0	Brothers in Arms		600		brothers-in-arms
new	6aa269dba3b677c0080ee555	0	Wrong Bed, Right Billionaire	601	677		
reupload	662b1729de38c805800b1af6	0	Snatched a Billionaire to be My Husband	602			snatched-a-billionaire-to-be-my-husband
new	6a5e29f0ead6c0bb740f4c79	0	My Forbidden Brother	2074	602		
new	6aa8087087fabbce6b0b13a9	0	I Married a Lumberjack and Struck It Rich	1045	603		
new	6a55ac1fcc73b0d9d700d5a7	0	The Woman He Protected Was My Killer	603	1473		
new	6a9f8316123d6b084e08eeca	0	The Rejected Mate: Rise of the Silver Luna	604	720		
new	6a95189a09768947aa0492e8	0	The Billion-Dollar Ex-Wife’s Reckoning	605	749		
new	6aa906a8217be7842c0db56e	0	No More Being Your Perfect Wife and Mom	1633	606		
new	6aa819832a345a10750ad6a7	0	Nobody Messes With My Five Sisters		608		
new	6aa765af8d7e92f91a030faf	0	Daddy's Done Pretending		609		
new	6a9672b7e000053bee02aae1	0	My heart is AAA	610	762		
new	6aa20e97583b26ec3b031415	0	Runaway Wife, Relentless Lord		611		
new	6aa75e5733cdc15dbc0f9808	0	Fallen Boss, Racing Heart	1800	612		
new	6a630a3663d0697ed40f8846	0	Married as Her Sister’s Stand-In: I Accidentally Fell for the Billionaire Wolf Alpha	612	1375		
new	6aa7c58723b93c5a45037516	0	Fallen Princess to Queen	871	614		
new	69704426b77b005a70066257	0	The Ascending Heir	614			
new	6aa7a6696a19b24c4c0d6384	0	Shared Boyfriend		615		
new	6a4fa4b19ea4c087de0ca234	0	The Lost Prince Strikes Back	615	1501		
new	6a9e9e77afd46d4b1b0fcc75	0	The Godfather’s SAT Guide	1776	616		
new	6aa8d9a35ac8b90d9809ab7a	0	His Missing Genius Is His Wife		617		
new	69bc0ea81b09143c1e08d21c	0	The Price of Losing Her	617			
new	6aa753499f31a8ba4c0a3fcc	0	Let the Past Rest	1384	618		
new	6aa752ea136f31b62908c889	0	Prank Gone Wrong	2640	619		
new	6a9f7e489fddd4eca202f6ca	0	Goodbye, Childhood Sweethearts	619	722		
reupload	665d37065057c14f640ca18c	0	Fated to the Alpha	620			fated-to-the-alpha
new	6aa760d814afee28720ae8f7	0	One Wrong Toss, I Married the Richest Man	1265	620		
new	6a90158913e6db464a0be72e	0	The Daughter They Left in the Cold	621	759		
new	6aa8da2fbf58aac6cb0b70cd	0	My Brother Thought He Won	690	622		
new	6a70066482066d772d0cdba1	0	Forbidden Love: Brother’s Cage	622	1300		
new	6aa92d318ac4232b930dfeb7	0	Bound to the Fallen: A Seraph's Rebirth	2187	623		
new	6a4713cc369437f3120674dd	0	CEO's Little Sister Is a Big Headache	623	1551		
new	6aa92dccc88a903d7e09d7e5	0	What Came Out of My Antique Lamp		624		
new	6a8bb8883a925f0914080bac	0	They Bleed My Brother Dry	624	768		
new	6aa39b2375fe0fe1d705fb8b	0	Blood, lies and Hitman		625		
new	6aa35f3d755081a0f10abb78	0	He Can Hear His Wife’s Inner Voice		626		
new	6aa75e93f4b1f16b750b687d	0	Love Finds Me at 45		627		
new	6a98e46f11c933c8010dc9b8	0	Bound Byaie the Amnesiac Heir	628	882		
new	6aa210229a6dc321a204dae7	0	Campus Clashes, Secret Crush	1303	629		
reupload	6aa3b47d1c774c071106349e	0	Dragonblood Alpha		631		dragonblood-alpha
new	6aa21cbf37066bd6fa0ba66b	0	My Janitor Dad Is a Legend	631	726		
new	6a66b7c27fa17f5a61022475	0	The Mafia Don Refused My Ransom	632	1121		
new	6a9fa64818c332f73c0becf8	0	Transmigrated Into the Underworld: I Pushed My Playboy Adoptive Father to Godfather	633	700		
new	6a9e7d70e751b89e350f2a6a	0	The Heiress Returns at Forty	2224	634		
new	6aa7a47b20a55ee0b10f1206	0	Deadly Pact: Blind Tyrant’s Wild Bride	731	635		
new	6aa20b7b62bd923e280bbc05	0	Wrong Chat, Real Wife		636		
new	6aa7bf0bcc5bd7bc5a042b11	0	Never Underestimate betrayed	914	640		
new	6aa7c02393f3af6d3a05ed96	0	The Cursed Holy Priest	1137	641		
new	6a8fef34c22ec2dd5308633a	0	The Counterattack of the Fat Wife Queen	641	960		
reupload	662749993c76e98a0c01e50c	0	Escorting the Heiress	642			escorting-the-heiress
new	6aa7bf9c7e718113f3056d4d	0	Dragon Heir	1143	642		
new	6aa3c77fb7434a33740b5e5a	0	Wall Street to Wilderness: The Montana Druid	1085	643		
new	6aa7556b30382ac65c0ea30c	0	Elowen's fiances	887	644		
new	6a83bdde87b92ff9820d7ff9	0	The Lycan Queen Rose to Slay	644	1040		
new	6aa0c41e948618a07d02fed6	0	His Love: My Best Friend	645	684		
new	6aa26d835eff8cdd580b622b	0	My Husband Pretended to Be Poor	1374	646		
new	6aa0c794f0a554f6be08413a	0	The Forbidden Desire	750	647		
new	6a9fa9f646bfa85a00019c8b	0	My Crippled Mate is the Alpha King	663	648		
new	6a9fcb109bd4830f76098e55	0	Fated To The Lycan King	648	789		
new	6aa3993ce8c08184bd01192d	0	Siren's Pact: My Pirate Queen	854	649		
new	6a9fa251f8c2c567f70eeab6	0	The Ichorless Thrall Is The Primordial Queen!		650		
new	698ac6feaefc0e37bc078596	0	Entwined by Fate, Reborn to Love	650			
new	6a9f7829742cadec7602d145	0	Return,Goddess of the Moon		651		
new	6aa3b82c32eca1e150047623	0	I'm the Doctor You Never Should Have Fired		652		
new	6a855097b122e77698072746	0	Two Wolf Pups: The Lost Darling of the Heirless Alpha King	652	1022		
new	6aa14dcb5a2de74e8501bf91	0	The Frozen Lycan King Claims His Bride	653	653		
new	6a718b5258db5ac2fb0b9572	0	The Alpha King's Stolen Bride	654	1240		
new	69fc26fa701aa19375023e5d	0	Saving My Villainess Boss	1254	655		
new	6aa37c16009a2332a30abd51	0	President's Captive Cure		656		
new	69df535efcf0fce6cb0ce77f	0	Son's Whispers Unveil Betrayal		657		
new	6a5d856b50f13fa4a20836b1	0	They Bet I'd Cry, I Bet They'd Fall	657	1442		
new	69df535cfcf0fce6cb0ce77d	0	Burn the Past, Guard the Nation		658		
new	6a94ebefe7c41896010967cf	0	Marked by Him I Became the Dragon Clan's Forbidden Toy	658	728		
no_rs_link	6a4de31ad3c2ebd70d0376c4	0	Too Late: The Gambling Ace	659	1536		too-late-the-gambling-ace
new	69df535bfcf0fce6cb0ce77b	0	Reborn in '83: From Divorce to Fortune		659		
new	69df5359fcf0fce6cb0ce777	0	Lady Boss on the Rise: My Daughter's Inner Voice		660		
new	69df5358fcf0fce6cb0ce775	0	10-Point Trap		661		
new	6970a9d2b3b28bd9800ce439	0	Happiness in Her Own Way		662		
new	6982c0c1734764dc370435a7	0	Urban Survival: Bound to the Doomsday System	662			
new	6a981593d34037288f0fc899	0	Walker Love Tale	876	663		
new	6aa0c2174ce445c34d052731	0	After One Night with the Dragon King		664		
new	6a98faf36b47f6c32e069f44	0	Boss, Your Wolf Secret Is Out!	1155	665		
new	6aa213ce7d560fa0290979b7	0	The Royal Chef’s Comeback	665	691		
new	6aa0c087c6f7e854510f1c42	0	Married to the Vagabond King		666		
new	6aa26cca7f06bd3e9a068047	0	Reborn, I Became Dragon Queen with My Daughter	1353	667		
new	6a9528b29e1ac8de2d01d8e4	0	Black Card The Reckoning		671		
new	6a9f959e10694fcbe20b4921	0	The Don's Obsession	671	800		
new	6aa41b758d6e213b0101ffa5	0	How I Bankrupted My Cheating Ex	890	672		
new	6a6aac9603fcabf24600e0b9	0	My Fated Mate Wasn't Him	672	1250		
new	6a982326ff5809fdf70b2e4d	0	Four Wolves, One Queen	673	884		
new	694b8951cbd1a2b15405f2bd	0	Burned, Betrayed, Becoming	674			
new	6a61fcc5e1c7863b130cc0eb	0	The Second Wound	675	1176		
new	69b3025ac8d0c21dbd03e326	0	The Father's Sin	677			
new	6a9f7e7aeb618de2ed0439ca	0	After My Faked Death, They Lost Their Minds	678	721		
new	6aa214827f10f7350d061957	0	Divorced, Betrayed, and Claimed by Her Rival		679		
new	6a338dcb86803bddc70633a1	0	The Ultimate Throne	679	1694		
new	6a98ee249190c115d90278b7	0	My Wolf Roommate is a Fool	682	883		
new	6a8eb74d83a76115410e154f	0	Call Me By His Name	683	867		
new	6a8f9db834262eafca0ade60	0	Traded by My Four Billionaire Mothers	684	772		
new	6a94edde525a0f0b05072178	1	Cooking My Way Out of Servitude	685	899		
new	6a732afee67113e068047db6	0	Chained Wings	686	1185		
new	6a7beae04dee789b970d854c	0	Rise of the Trash-Tier Pilot	687	1144		
new	6a9e17b2c8729d5f4e019bb7	0	Replaced My Guardian with a Werewolf	994	688		
new	6aa218f5833f4790aa067028	0	Winds of the Atlantic	1021	689		
new	6989507a210388144101a21e	0	The Prey's Counterattack	689			
new	6aa0bc9f37b60f451304dc85	0	After I Remarried, My Wolf Men Brothers Went Mad	734	690		
new	6aa217a1550d0f52260da399	0	Engaged to My Enemy	716	692		
new	6aa28042b1c9e7891c05aac6	0	Fated Reunoin	713	693		
new	691ecb28b343b1e67e06ec3d	0	The Long Game of Seduction	693			
new	6aa24eba9312610a8208fa89	0	The Dragon King's Fertile Bride	992	694		
new	6a45ccbcd0d3ada53d0ec66d	0	You Never Saw Me	695	1561		
new	6aa26bc1c177163e200be667	0	The Hidden Heiress Strikes Back	696	698		
new	6a475fda246000097501ee4f	0	My Fake Boyfriend Owns the World	698	1505		
new	6aa35d260fac88c4d20cb597	0	Ashes of Vengeance: The Wedding Reborn	1128	699		
new	6a866045dcc61971d9018237	0	God of Judgement: Seducing the DILF	700	1008		
new	6a9fdcf9cdf33cf431015093	0	His Curse, My Destiny	714	701		
new	6a5ecd225302bc20f70e344b	0	A Father's Regret	701	1415		
new	6aa27c0a6fdfcd61ca0a985d	0	The Wolf King Bowed for Me		702		
new	6aa27f2a3a1ab55d480d6497	0	The Luna He Lost on His Wedding Day		703		
new	6aa27d40a3b677c0080ee561	0	Love Through a Mistake	1623	704		
new	6aa21efefba1c5524b00a0de	0	Pretending Poor in the Elite Clan		705		
new	6a6c00058d584eabde047c69	0	The Destined Alpha	705	1219		
new	6a7a8992311e58eda5029d5d	0	My Fake Girlfriend Is My Fiancée	706	1158		
new	6a980ef9a68d1a06280ed24a	0	Dragon Girl's New Choice: All 3 Fiancés, Get Lost	728	707		
new	6a9e35a4186e3f874d02a058	0	Human Luna, Golden Heir	885	708		
new	6aa13ab21e573e2b84067787	0	Ice Dragon’s Thoughts Drive Her Husbands Obsessed	2376	709		
new	6a7a8adc15958a224b0af1a7	0	Beauty and the Western Beast's Summer Lease	709	1156		
new	6aa21db9c23f3ec68f045ece	0	The God of War's Feisty CEO Cousin		710		
new	6aa21e5e9615f67a9f03bf79	0	The Hidden Billionaire Husband		711		
reupload	6a94fc7f61320b7b0804b8c7	0	Fated to Find You	1093	712		fated-to-find-you
new	6aa0d79327f29a04960f5c20	0	Flash Marriage Sweet Love		713		
new	6aa0d9c3770c6738ba0de1cf	0	The 72-Year-Old Landlord		714		
new	6aa121381c825f5b600fb05b	0	The Billionaire’s Stand-In Wife	1414	715		
new	6aa0e6bfab50fefce90108ef	0	Twin Mafia Kings' Runaway Wife	1103	716		
new	6a743ac77ef51a4855018515	0	His Athlete Boyfriend	717	1225		
new	6a9f836110694fcbe20b491c	0	Three Days Before the Wedding, I Walked	856	718		
new	6a9831f092ff5baf3c0a5dde	0	Her Billion-Dollar Vendetta	718	880		
no_rs_link	6a9a7d15195a1a31c00a1c9b	0	All My Pets That I Raised Turned Into Dark Realm Bosses	719	745		all-my-pets-that-i-raised-turned-into-dark-realm-bosses
new	6a9f833eabb129127c0d289c	0	The True Alpha's Silver Luna	919	719		
new	6aa391d8a7e0f8b3a80870e5	0	Phoenix Blood: Genesis	843	725		
new	6a6965c5f84b72e40905454d	0	EXODUS: CELESTIAL FALL	725	1377		
new	6aa225999d2fa081d5073ca0	0	The Dragon Lord Comes Home	848	727		
new	6a83b825bc8d87bfbf0ce30a	0	The Mafia Boss's Wrong Bride	727	1084		
new	6a9a67a8ed1505d7280fda7a	0	Primarch Genesis	1305	729		
new	6aa0cd02e672b974be0cc507	0	The Ice Queen's Secret Bodyguard	1801	731		
new	6aa22454583b26ec3b03141d	0	The Top Student Is a Mob Boss	1454	732		
new	6aa13bb19674f217f40375c8	0	Reborn From Betrayal to Reign	732	752		
new	6a94fba32ed90661b805adb8	0	The Valet King	2382	733		
new	696466ba1cb873b1e004fb33	0	She Owns Me Tonight	733			
new	6aa0bec5daf44451500e0686	0	Abandoned Dragon, Ascendant Queen		735		
new	6960d2746ad45507a601e978	0	The Heiress's PhD Boyfriend	735			
new	6aa13cb55a2de74e8501bf85	0	Farewell to My Old Flame		736		
new	6a28cdb1e2c7b95f8502dba3	0	He Claimed Me at My Engagement Party	737	1893		
new	6a951796721b65efa00932b8	0	Falling for a Mafia Boss After Pregnancy	1051	740		
new	6aa13d8c3b07915bc6070337	0	When Snow Falls, Hearts Break	990	741		
new	6a28c8100b266b131b0dfde2	0	I Fell in Love with a Serial Killer	741	1793		
new	6aa0caaf42d33893dd0bfa5e	0	My Immortal Master Has No Chill	1002	742		
new	6a9a68e8bcb63757e80881ca	0	They Banished Me as a Monster, Now I'm the Strongest Witcher	1626	743		
new	69a173523ffbc0444908a62c	0	Bye EX, I'm Having Billionaire's Baby!	744			
new	6970aa300aa62316ec0b16e6	0	The 500,000 Divorce	746			
new	695ca4b5a0287504180e0d17	0	Wrong Wedding Room, Right Groom!	747			
new	6a98202ff5b9b83c45081220	0	Revenge Is a Size Zero	1459	750		
new	6aa0c946404e841fdd0182ab	0	The Wrong Room, The Right Love	760	751		
new	6a30e14dad1d799df4050b7c	0	I Called the Police This Time	751	1736		
new	6a9fddf34bd05df5660a5878	0	Rejected Alpha, Risen King	1106	754		
new	6a9f71716a0188d72f09f847	0	No Promotion? Fine, I′ ll Inherit a Business Empire	1647	756		
new	6a9920e1b0fdd66c8c0e03af	0	The Wolf King Bows to Me	756	808		
new	6a8cf7ff8c305a663a0e1e3a	0	My husband pretended to be his identical twin brother	2478	761		
new	69b7b8dd5511dca44a0601de	1	From Heartbreak to Fated Lover	761			
new	6936774bfe2da624850c377f	0	Unspoken Love, Unblossomed Rose	762			
reupload	661580476c2238ff840d344f	0	Snatched a Billionaire to be My Husband	764			snatched-a-billionaire-to-be-my-husband
new	66c82b468aaadf416209c4fe	0	No More Looking Back	766			
new	689f060bcd43d9de170d5839	0	Hired by Fate	767			
new	6a5f0783b9ef2befee052fb3	0	Betrayed Luna, Now Awakened	769	1231		
no_rs_link	6a278aa87089e23c8a0a43e4	0	Return of the Racing King	771	1882		return-of-the-racing-king
new	699d06356f90da5e330090d7	0	The Art of Loving You	772			
new	696a07f5f57823b522077ba5	0	The Forsaken's Revenge	773			
new	6a8e7cd60964a500a6087b79	0	The Grave You Bought Me	805	774		
new	6968a2ced0d13fab3f05b848	0	Vengeance in the Veil	774			
new	6a8f9a9ce84c40eec9082528	0	After I Chose Myself, I Finally Broke Free	851	776		
new	669871b9ad40090ba3052483	0	CEO Husband Genius Baby	776			
new	6a8ba2075e9b8e1cae08ce07	0	He Chose His Mistress, I Chose the Don	1028	777		
new	6a8e7cc9bc9aa7da4e03001b	0	Betrayed, I married the Mafia King.	881	778		
new	6a79353382908a419d018d21	0	My Wolf Guard Chose My Sister, So I Chose the Alpha King	778	1098		
new	6a90158c1698b593410f2164	0	Her Father’s Secret, My Sentence	1158	779		
new	6a338ee415d842418b016165	0	Princess Strikes Back	779	1672		
new	69f04834a620c88b9402760e	0	My Deadly Marriage with Ms. CEO	780			
new	697188f3db9a25de570dc156	0	Kidnapped a Prince to Be My Husband	781			
new	66c21a1a7772c9cc520d6a11	0	CEO's Wife Spoiled by Three Big Shot Brothers	782			
new	6940f3e203ba77505807cc2d	0	The 101st Time I Let Go	783			
new	6a69be304e9babdb170f3a1b	0	Rise of the Fallen Mage	784	1340		
new	6a9fd7d1b9d02a5d880abe28	0	Married to the Dead King,l Became Empress	905	785		
new	6a94f5d69e1ac8de2d01d8d7	0	The Moon Laurel	791	807		
new	6a9e91c0b3ce7f21490c0040	0	My Fiancée’s Boy Best Friend	1474	792		
new	6a8f962eb5af63e4790adfa7	0	The Priest Is Actually A Seraph	792	866		
new	6a9fda0b3a120fb80d0eb58d	0	My Sister Dies at Her Wedding Every Day	847	793		
new	6a792d0968014e86ca0a0a79	0	A Soldier's Revenge	793	1217		
new	6a71485d12c3962c010749f4	0	The Dark Duchess’s Lucky Star	794	1201		
new	6a6ffa7fb5238dc7f701bbff	0	The Boss's Baby: Triplets on the Way	795	1277		
new	6a670d11e5349476040e8e31	0	Misplaced Heart	797	1232		
new	6a9fd47509fd91519c091137	0	My Daughter, His Regret	2105	798		
reupload	6a9fca5134114054fc0a6d85	0	The Heiress Strikes Back	980	799		the-heiress-strikes-back
new	6a6033a807e23079ca015d8b	0	The Sunblood Girl Frozen to Death	799	1216		
new	6a6030ba1ee6c0486900da8c	0	His Decoy Wife	800	1309		
new	6a900050fd9273c14e0f4526	0	Too Late to Love Me—So He Went Back in Time	1116	802		
new	6a2e09053ea1b9998f0cfa00	0	My Arranged Marriage to the Beast King	803	1749		
new	6a981b7ff7834bbbb30297cb	0	My Rival Played My Boyfriend, Now He's Obsessed	888	804		
new	6a86b3884aa54c3d5100d2f2	0	I'm the Mafia Heiress Who Saved My Auctioned Sister	804	994		
new	6a9a3adf24fa6011890169ae	0	Three Princes Regret Deeply, I'm Already Dragon Queen	1130	805		
new	6a9aa00b2741b2d5a60a5297	0	Married by Mistake, Loved by Fate	978	806		
new	695e458d22a3b6727c063398	0	Taming the Ice Prince	806			
new	6a97fd0b5ada70b3960f8357	0	My Fiancé Got My Sister Pregnant, But My Sister Is a Dog	996	809		
new	6a2f6da82a43b076a80644a1	0	The Cultivator Who Knew the Plot	810	1796		
new	6a94dcf6cadfa58d240f7b6b	0	Ashes of Two Marriages	872	812		
new	6a7f2f9efa2cefad4b09a50a	0	Oops! The Mafia Boss Is in My Body	812	1134		
new	6a826786c3d61d65300f8247	0	My Wolf Rejected Me, So I Chose the Scarred Fox	1206	813		
new	6a4c77e71feefc0d67069bc3	0	Married Him, Then Left Him for Dead	813	1534		
new	6a9a73885b42b9d73901ddd9	0	My Daughter-in-Law, My Shield	2469	815		
new	6a3e197a1f01b50767055000	0	The Stepbrother I Hate to Love	816	1610		
new	6a9909df5b00bef0e00b36d8	0	The CEO's Impossible Fiancé	1569	817		
new	681247fd47ec2505eb0d08b0	0	Fate's Redo: I Quit Loving You	817			
new	6a981efcfbf28c4f110062c3	0	My Three Brothers Finally Chose Me	1212	818		
new	6a695cfbe05b3907da0c851a	0	I Left Him a Letter, Not a Goodbye	818	1335		
new	6a94f81ff5e222776e05b7e6	0	The Discarded Alchemist's Bride	1035	819		
new	6a9e16e0e6f2a86f81062728	0	I Can See Your Lies	904	820		
new	6a8e7cdd79fc19b4a402edb7	0	My Firefighter Ex Still Burns for Me	1403	822		
new	6a2ff067eb903aaa1103277c	0	My Younger Bodyguard Wants Me	822	1763		
no_rs_link	6a1f8dc8d031f2461c0aa594	0	The Dragon's Contract Bride	823	1962		the-dragon-s-contract-bride
no_rs_link	6a053470d3842e374d03a09a	0	The Billionaire Wife of a Gangster	824	2158		the-billionaire-wife-of-a-gangster
new	6a8f9a93fae998cb9f08487a	0	My Secret Online CEO	1223	824		
new	6a8e7ce0c51985e5b20ef46a	0	Two Mafia Kings Want Me	1210	825		
new	69d2557363aee9a4c5046a40	0	The Price of Being Mrs. Grey	825			
new	6a8f9a97d4eca5c6cd05a6d8	0	Dangerous Roommates, Forbidden Hearts	2383	826		
new	69c33f10aece20ff76095e0c	0	Love Me, Don't Own Me	826			
new	698436c73f1ff61f2009cb60	0	Tyrant, I'm From Modern Society	827			
new	6982f816dd4450529f0ac76f	0	Mommy by Day, CEO's Wife by Night	828			
reupload	6a98d1e5824a5bd10a0de947	0	Race and Rise My Machine Girls	1386	829		race-and-rise-my-machine-girls
new	693bfd37e3617b5e930bb1b8	0	True Heiress Takes High School	829			
new	69313a07da04d67ea70b8f10	0	My Firefighter Husband Was Once a White-Haired Punk	830			
new	68f5c944cfc797a18503d67b	0	The Mob Boss Substitute	832			
new	66bc49d82b34bf6dfb00b1d0	0	Spoiled by the CEO During Pregnancy	834			
new	6a951da9b670b09c2604893b	0	The 99-Year-Old Woman's New Vampire Pet	1019	839		
reupload	652928a8fc4753af9a093cc1	0	Goodbye, My CEO	840			goodbye-my-ceo
new	6a9519498f77f7d2510045ba	0	Flee With Dragon Cubs	1789	840		
reupload	66384a8a062191bd540b74a4	1	Divorced and Desired! My Trio of Elite Suitors	844			divorced-and-desired-my-trio-of-elite-suitors
new	6a91275fc174ac08990cb867	0	Claimed by the Mafia Boss	1671	844		
new	6980109b46860bea8b0dcbbb	0	Between Two Worlds: A Bride for a Bun	845			
new	69250df4e3b02af8dd0aad34	0	Rogue Lawyer	846			
new	6a9a6fb3a0da569afa033549	0	The Abyssal Tyrant’s Baby Calls Me Mommy	1031	847		
new	6a995cdc6e8dbc842a09eb91	0	Road of No Turning Back		848		
new	6a951a7f4f2d2b5e830e38ba	0	My Sister is the Grand Supreme	873	849		
new	6a7d3aae10a933d3cb0c4cbe	0	Never Fall Alone	850	1150		
new	6a98f7701e836f8e7901c489	0	Wings of Goodbye		851		
new	6a98d78bfe666e19a6074b29	0	From Deliveryman to Cooking God	1621	852		
new	695346540d806d7bcd0d780d	0	Danger & Desire	852			
new	6a98f25cf974adcafd0b939d	0	I Left You Pregnant With Regret	1563	853		
new	6a99086db42ccc28d109b227	0	My Daughter Has Three Dads		854		
new	6a9a726f578d907b310a0a1a	0	Moth to the Anderson		855		
new	6a5dc49f92835bc7bb000b61	0	Blood and Silver	855	1373		
new	6a94efb998f9dd536609d392	0	Release the queen's daughter		856		
new	6a9835ece61e45ab260f8dfd	0	See No Lies, Make No Mercy		857		
new	6a544c5cb9b4b2cf2e0f83bc	0	99 Forgiveness, One Goodbye	857	1408		
new	6982eaf9e43a3dd2260ab471	1	The Ugly Consort's Comeback Plan	858			
new	6a951e4c5fd9882eaa077a3d	0	The Bride of the Dragon God		859		
new	6a94db7095660f04b30f1ee9	0	The Dragon's Cinder		861		
new	6a98fc7809dda853590ac775	0	Ashes and Thorns		862		
new	6a916ff368488e6c380c146d	0	My Contract Wife is Actually a Fashion Genius	1512	864		
new	6a66bcda57f05e0f510c12da	0	The Mafia Boss Who Loves Me	865	1342		
new	6a8422658bc0699270059d66	0	The Alpha’s Ugly Luna Awakened as the White Wolf	866	1064		
new	691402b5797f05d2a70f5a41	0	Love in the Shadow	867			
new	6a964710a58b42de0b0fb749	1	A Touch of Reunion		868		
new	6a98f4b4cd33c29b0c04626a	0	Marry My Love, Not My Fiancé		869		
new	6a94f261c2e95bf5b80e8f86	0	I’m Not a Forsaken Wolf, I’m the Lord	869	888		
new	6a4764677ea7e0e6e8007ff4	0	My Husband's Colleague	870	1365		
new	6a94db1162befa4c7f07baea	0	After Her Seventh Heartbreak, I Took Mom Back to Heaven		874		
new	6968442b73758d30a207bac3	0	Tailor Wife & Her Protective Boss	874			
new	6a714a97c771760de90bf620	0	Spoiled by My Ex's Uncle After Rebirth	877	1234		
new	6a338e2f5fc1c89a8f035c2e	0	Waking Up From a Deep Sleep	879	1629		
new	6a98d56ee2c86a26c0043d17	0	Reborn: My New Groom Is My Fiancé's Uncle	899	881		
new	6a6813aa25d1e62c850d3e1f	0	Breaking the Engagement, My Stepfather Wants Me Back	882	1362		
new	6a8fe46c09ecbf25d40267ac	0	My Wolf Queen Girlfriend	997	885		
new	6a94f34c5e5b2d168e03557a	0	The Mafia Wife's Sweet Obsession	1047	886		
new	6a90fb9a8c333c8f9f0a0299	0	My Contract Husband Is a Dragon	1121	891		
new	6a8ed383fc0a18e4a00e7430	0	Cheating Husband, Your Secrets Stream Live	891	911		
new	6a90f19a38fa7a66d00f39cc	0	His Nighttime Obsession	1678	892		
new	6a45cd55497b29f02d002509	0	Reborn as the Shadow Luna	892	1579		
new	69718267ae82b0ebe30b74e1	1	The Serpent Lord Wraps Her Close	893			
new	6a79753726d27eb2a90d4c34	0	Billionaire's Contract Lover	902	1119		
new	6a68b823e39ad393b709c155	0	I Hid the Dragon Billionaire's Secret Son	906	1065		
new	6a5db55e03c701b0530411ee	0	Five Winters for Her, Five Keychains for Me	907	1287		
new	6965a5603ff2f6b33a044f8a	0	My Plumber Boyfriend Is a Hidden Heir	908			
new	696a07f6f57823b522077ba7	0	The Princess of My Phobia	909			
new	6a4b0f3897abcc633006a247	0	You Play Innocent, I Perfefected It	911	1522		
new	6a82d2b648171d68b3030308	0	It's too late. I'm dying	912	1020		
new	6a7146915fb06366500226ef	0	I Married the Rival My Ex Couldn’t Beat	916	1136		
new	6a549b295a4a5345b00e507f	0	Mind-Reading Ultimate Guardian	921	1470		
no_rs_link	6a506548b32eb0d68a0cce6e	0	When the Wolf Fell in Love	922	1490		when-the-wolf-fell-in-love
new	6a8fd33769b615c8030e88f3	0	Giant Croc Attack	1444	923		
new	6a45cdc8f7f8fb16cd0a5b4c	0	I Slept With My Best Friend's Boyfriend	923	1571		
new	6a33a43d3f0720fed7016d4a	0	Ward of Hearts	924	1753		
new	6a338f5a2bdafa728a074529	0	The Beauty's Trap	925	1631		
new	6a338f582bdafa728a074523	0	We Ditched the Plot and Got Rich	926	1665		
new	6a338dc886803bddc7063398	0	Contract Lover, Pregnant Ex-Wife	927	1724		
new	6a313b22a405dbc4b50535a1	0	Three Kings Kneel for My Touch	928	1721		
new	6a31012dcaac24b17b08aa4f	0	How the Tech Genius Stole Back Christmas (updating)	929	1728		
new	6a2a1c72f03db4aa0d0935fd	0	The Kung Fu Bodyguard from Nowhere	930	1781		
new	6a226f7cb7ec41a1eb0c12d9	1	My Ex Is My Boss	931	1942		
new	6a1fcedced6dcca3500fbdb9	1	No More You In My Days	932	1981		
new	6a1507df4240073bb00d308a	0	You Are My Sunshine	933	1655		
new	6a13080c5142625a8d007764	0	I Left Him for His Enemy	934	1997		
new	6a1025dbcca3c2d4f9093545	0	Still Waters, Hidden Secrets	935	2049		
new	6a1025d9cca3c2d4f909353f	0	Back to Her Heart	936	2064		
new	6a0d487adbe9f1ac9d0d574f	0	No More You In My Days	937	2109		
new	6a0d1cf5fa285c2add078cfc	1	The Unexpected Divine Doctor	938	1938		
new	6a055f66615b2700aa08356a	0	The Nirvana Heiress: My Global Personas	939	2130		
new	6a019e8182816f7b6300844b	0	Runaway Bride Fell For Him	940	2135		
new	6a013787ef6f60bc790f8dea	0	Crown of Thorns and Roses	941			
new	69fc8ab8802fea273d001ccb	1	The Husband Delivered by Fate	942			
new	69faa3a4d0f105e060066c54	0	Dead to Love	943			
new	69fa0a987e9368c0730c145b	0	Prince, Thief, to Warrior King	944			
new	69f1baffc88faab6300cffea	0	Forbidden Steps	945			
new	69e870a343bcbfea3a052215	0	Heal Me Slowly	947			
new	69d7156997c4dfc1f901c5df	0	The Spy Who Married Me	951			
new	69d4b027f96739d60e009c2b	0	The Deceitful Marriage	952			
new	6a912552e51337cc6f014800	0	Married His Father,Now My Mat Call Me Stepmother		953		
new	69be365db008e8b15f0a377a	0	She Let Go, He Lost All	954			
new	69bba147f6b0696dd10f811a	1	Pretend to Love, End up Obsessed	955			
new	69ba0b03b4184477ed0983ac	0	The Groom's Regret, My Fake Death, His Living Hell	956			
new	69b3e279fb4031a92b074cbc	0	The Kidnapper Who Stole My Heart	957			
new	69b263554ebb401a900b4c44	0	Back to Reckoning	958			
new	69b115f707305623260bec2a	1	I Gave Her Check, She's Mad	959			
new	69a690fa945642a017011a65	1	Don't Mess with That Beggar	960			
new	695f6bfc845f00dd7c05f9a1	0	Virgin Alexander	962			
new	66cd617d8f0249e861022239	0	The Inverted Lives of Two Swapped Children	963			
new	696f1e47156b55004c0245d7	0	24 Hours to Save Her	964			
new	6a45d01328354989cc0a6e09	0	Love Found Her After She Died	966	1593		
new	6a44705b27bdb68e4a0834fc	0	Born an Heiress, Branded a Clone	969	1574		
new	69800c1506e9b2d065070cfd	0	The Ugly Consort's Comeback Plan	971			
new	6954c4b29e5c592fcb08f381	0	Frozen Heart, Burning Desire	972			
new	694deb4447763ee3ec03b9d2	0	My Delivery Girl, My Destiny	973			
new	6943c6f440c54ca3700d3c30	0	The 'Puppet' Emperor & His Clever Strategist	974			
new	6981d29cbe6e7ab244042e9f	0	Womb-Born Saint	976			
new	695df87ca0decd4f04068f26	0	Mr. CEO's Obsession	981			
new	69afbc012ab17701b30229de	0	My Unborn Baby Called Me Out	986			
new	6a62cc184c8763e0a40704fe	0	The God King's Son and the Four Rascals of the Apocalypse	993	1368		
new	6a717d1fdc078c47ae09917e	0	After Divorce, Four Vampire Kings Chasing Me	995	1316		
new	6a66bbf41925a6ea440cc029	0	Married to the Devil	999	1357		
new	6a75d21c587134ff8501dcba	0	My Accidental Billionaire Husband	1000	1220		
new	6a0be0699b1a8635730cbb92	0	They Called Me Worthless Until My Cards Destroyed Their Academy	1003	2040		
new	6a8ba76c319898bcc80a3717	0	Reborn to Build an Empire	1059	1004		
new	6a56e81d998cf5d82c08064f	0	The Alpha's Unclaimed Mate—I Rose to Lycan Royalty	1004	1424		
new	6a850cdb51b44140b40320d9	0	My Ex Is an Alpha, My Future Is a King	1005	1032		
no_rs_link	6a5f3c538f2e026dcf09566c	0	The Veteran’s Promise	1008	1433		the-veteran-s-promise
new	6a7588a197becf6700086632	0	She Used My Husband's Sperm	1011	1142		
new	6a754479fe8b2ebfcf0fa243	0	The Double Life of My Mafia Husband	1014	1110		
new	6a55d6f3e7e24d9dde061c5e	0	My Forbidden Hockey Coach	1016	1288		
new	6a72d8b011baf61cd80e5fb3	0	I Raised Him. He Let Me Drown.	1022	1100		
new	687618e90275cee4770938c9	0	The Second-Chance Heiress	1029			
new	6a5449eb8faf4af8f209e68e	0	Divorce Denied Caged by My Vampire Ex	1032	1479		
new	686b838024bdd454e5008cc2	1	Burning Between Us	1235	1033		
new	6863ab33e59b982a1407529d	0	Burning Between Us	1357	1034		
new	6a86b964aba8f1d6dc0beb14	0	Fallen Duke, Awakening the Trident of the Sea God	1064	1037		
new	6a83c3ce7204e720db064c9a	0	Goodbye, Mr. CEO		1039		
new	6a3b38f209229d62c60f9429	0	Son, Your Dad's a Big Shot	1041	1636		
new	6a546302e533929b890b34c5	0	Dear My Cruel Brothers	1044	1476		
new	6a82679591a12f02390c703c	0	The Forsaken Daughter of Olympus	1804	1046		
new	6a732af92fca44b41e02681a	0	Dragonborn The Four Flames	1046	1253		
new	6a857d47a97fdcfe7e0e0509	0	Mr. Ford, I'm Your Ex-Wife Now	1802	1048		
new	6972e034ad37b2666b06810f	0	Pregnant by the Serpent King	1049			
new	6a793539fe2b45b963054830	0	Marrying My Ex's Worst Nightmare	1050	1131		
new	6a87b058ee55041d1d03f7d5	0	I Married a Nobody, Now He Owns the City	1466	1052		
new	6a82e436df536517c70d2143	0	The Emperor of Rome	1803	1055		
new	6a7abaa78766cb0653019a4a	0	Untouchable Until Her		1056		
new	6a4cd46c6a3c142c850c7ab6	0	After I Cheated 99 Times, My Husband Went Crazy with Regret	1056	1517		
new	6a83bf5f309642cd8100e7fc	0	Beast Taming: My Pet Is a Dragon		1058		
new	6a8271aef613ede7dc0b406d	0	The Heiress They Couldn't Break		1059		
new	6a70478d9dbba6268204e163	0	He Chose My Sister, So I Chose His King	1060	1137		
new	6a827721b47a652ab20e0aec	0	Hades’ Little Warrior Takes on the Mafia		1061		
new	6a8509fcdb5f6028bf0f43ea	0	The Billionaire's Forbidden Secret My Sister's Baby Daddy	1754	1062		
new	6a7ecdc9c34b99d5370d4c80	0	Silent Snow Falls, No Looking Back		1063		
new	6a82678963a9f929ec0771e7	0	The Pauper Shifter I Married By Force Is The Real Heir		1066		
new	6a7bd13ab51889316001fc6b	0	Married to the Enemy		1067		
new	695c872f6c16c47e2f0af2c9	0	Gangster Like Me Got a Boyfriend	1067			
new	69f024cf72189b81f30776c0	0	The Mute Bride's Revenge	1068			
new	6a826f4cb48f991d0a0792c9	0	Love lost on Ice		1069		
new	69b9539783b69209a40637a1	0	Late but True Love	1069			
new	6a82e409c5f08892b60fc3f7	0	King Of Mars：From Red Dust He Rises		1070		
new	69b122b29f70ae19740497f0	0	My 5 Mini Boss Crew	1070			
new	695dc6ce6b14fea44b0897ac	0	My Ex Dumped Me... So I Become His Stepmom	1071			
new	694a5e168d60d4a621036341	0	Utterly Spoiled by My Gigolo Husband	1072			
new	6a83fe2169c07b537206ba51	0	Flash Marriage to My Comatose Wife	1339	1074		
new	6a826a65548975c6e506e1dc	0	The Exiled Prince's Bloody Comeback		1075		
new	6a82685843852e49d2039bac	0	Alphas, Line Up!		1076		
new	6a75a9dad8b27d07b00c5c91	0	New World, Old Rules?	1077	1161		
new	6a826ddf4c9cff5741070ecf	0	Forsaken for the Tyrant King	1241	1078		
new	695f47a4d7b8047ce006c029	0	Homestead	1081			
new	696a0801f57823b522077bb9	0	Storybound? Now Let me Modify Your Fate	1082			
new	695f5269a82a69a0ea0fdadd	0	Christmas with a Prince	1083			
new	6a8270d7225b9daae70ba640	0	Alpha Stole Me At My Wedding	1446	1085		
new	6a826c7217a9d582cc0bf55a	0	Reborn Heiress: My Ex Regrets Everything	2479	1086		
new	6a22e634e43ac5dedb02e2af	0	He Didn't Say He Loved Me Until I Left	1086	1905		
new	697701eca170427fdc0c2255	1	Peace Out, I'm Marrying Someone Else	1087			
new	6a7ab985618cb1757a07e666	0	Daughter of Poseidon Forsakes you	1912	1088		
new	6a2789340be4f6029e0b558b	0	My Vampire Bodyguard	1088	1914		
new	6a8574734c522e48f9096bd3	0	The Wife He Threw Away Came Back on Top	2384	1089		
new	6a827500afda3505f70a3fd2	0	Addicted to My Ex's Uncle: Forbidden Tenderness	1153	1090		
new	6a7ade4881a82adc940aeaf3	0	Mom, don't sign! Dad is not dead!	1634	1091		
new	695b1f55ad96ed0d6b0dbdb7	0	Through the Eyes of Wealth	1091			
new	697c440480c01bcab305abcb	0	San Francisco Cowboy	1096			
new	6a79354ae13d167ced00947f	0	They Stole My Grandmother’s Godhood		1097		
new	69706d6fc607e726e000ee5c	0	Trending Scandal: Stepmom Stole My Man	1097			
new	695f6cf89f47fcc5bf066bcf	0	Love Wine & Salt: A Tuscan Romance	1098			
new	695b8ef7b071a807260e63d9	0	Before Love, Become Yourself	1099			
new	69819871b8678b468e0cad03	0	Now That I'm an Emperor, Do You Regret It?	1100			
new	6a71471f953620e7ca06019b	0	A Deadly Gamble		1101		
new	6a2235095dada63b650ad972	0	Don't Cry When I Move On	1101	1952		
new	6a857374d981fd4a6e0c5251	0	My Fiance Cheated, So I Chose His Billionaire Dad	2225	1103		
new	6a8572257303b533f40bf108	0	The Mafia Don’s Virgin Wife	1237	1104		
new	6982c0c3734764dc370435ab	0	Path to Godhood	1105			
new	6a8277cb1b2ce72cc80a1111	1	Too Late, Dr. Hall		1107		
new	6a7c3216c1fb13520e051bed	0	Hunter's Prey	1326	1108		
new	6a83c90afe81bf29bc0c2d3d	0	Rags to Riches: My Baby is a Money Magnet		1109		
new	6968a893a54501c27608e8c3	0	Jerk Ex, You Missed a Real Heiress	1109			
new	6a72d8ae387822c92105c1fb	0	My Reborn Fiancé Begs for My Love	1906	1112		
new	68edc78765d3f739e50e1707	0	Bad Sister	1112			
new	6a70478a9dbba6268204e15d	0	They Fed Me to the Zombies, Not Knowing I Was Their Power		1113		
new	6a793547b52e318bd5041bcb	0	The Alpha Bought His Lost Luna	1591	1114		
new	692cfee470649864b1078cfd	0	Spoiled by My Supernatural Husband	1114			
new	6a82e6160f8129e8800fbe96	0	Fall for My Icy Rival	1411	1115		
new	6a2ff068eb903aaa1103277f	0	Lovestruck The CEO's Surrender	1115	1797		
new	6a742f2d30daa94ecf020719	0	My Vampire First Love Regretted Losing Me	1147	1116		
new	6a7d2bcab1873733e20616ba	0	KO, The MVP Heiress is Back	1806	1117		
new	69b26d0bd7b4049b400ca767	0	A Love That Couldn't Survive	1119			
new	6a7e7f5fb90f3179c401ccbc	0	Pregnant by the Serpent King		1120		
new	6a7d34b4528ba9b67e0fe6ce	1	My Strongest Master Pretends to Be Weak		1122		
new	692febc10b4485be5307b25c	0	Love at First Shot	1123			
new	6a3895a3f1cd7f1b0108ad8b	0	The Long Lost Son Is Now a Commander	1124	1653		
new	6a82c2b2493727456509be90	0	The Man I Was Meant to Forget		1125		
new	6a6849227434a5b9ed0f804b	0	Dance of the Broken	1307	1126		
new	6a7c0818f7cf5c465f08ba48	0	Shall Steel Wield Arcane Power?	1126	1160		
new	6a71485f3064175e0c0b72a0	0	The Groom’s Inferno	1154	1128		
new	6a7047889dbba6268204e15a	0	The Mafia Wife's Revenge	2483	1130		
new	6a1fe6e22c346e7fd502b593	0	Mafia's Little Grape	1131	1889		
new	6a7d29c9eef07d221a00cda9	0	The Bride Who Could Not Be Tamed		1132		
new	6a4b409c1645a3ff270b2b5e	0	The Frank Method	1132	1423		
new	6a7f3043b9a92ce5ba0f8839	0	Love After Goodbye		1133		
new	6a5f0823b6b9ea5a800376f0	0	I Liked Our Breakup Post	1133	1174		
new	6a7e7b7cf3926f832a00648a	0	Accidentally Pregnant, Irresistibly Loved		1135		
new	6a4a1e207879c28b1103d64d	0	The Billionaire's Secret Wife	1135	1560		
new	6a7be5ecdb59ed908700633c	1	Found A Homeless Dragon Husband		1138		
new	6a7bd1857cc82d300f0bf04a	0	Reborn to Escape My Cruel Fiancé	1351	1139		
new	6a47833431d1f8e48d050f3c	0	The Vampire King's Runaway Bride	1139	1381		
new	6a7bd0f9c6914781b809601a	0	He Shattered My Hands for My Sister	2480	1141		
new	6a44c59a4c075a38de0beb7e	0	My Off-Limits Hockey Coach	1141	1587		
new	6a05e459cd4097f64401ce53	0	Shanghai Sherlock	1142	2186		
new	6a62fae40fe809fbcb097c79	0	I Spent $2.90 on My Husband’s Card and Got Pinned to the Ground	2448	1143		
new	6a39e9db461360e5580eb9c2	0	Fake Queen Bee, I'm the true Heiress!	1144	1427		
new	6a7e724ea88544bf2c0f8cf9	0	Awakened, She Rises as the Frost	1805	1148		
new	6a7d28e3a889d242370a8b7b	0	Bow to Your Queen, My Lord Duke		1149		
new	6a7bcee79ed1234bed019ccb	0	Swapped Daughters,Stolen Empire		1151		
new	6a7db837bc89da71200830ee	0	The Snow Queen		1152		
new	6a7d43c8bb2a2afb88075c45	0	The Billionaire's Unstoppable Wife	1564	1153		
new	6a7d3e3781f2ee19b205cce1	0	My Driver Is the Capital's Top Heir		1154		
new	6a7d284d353875a9370e13af	0	Never Cross the Cleaner		1155		
new	699ecd40beec5d276e049e39	1	The Last Time I Forgive	1161			
new	6a7937d142b947c10103143a	0	Dangerous Persona	1369	1162		
new	69894d381c27e8d03d08a1b6	1	Wrong Wedding Room, Right Groom!	1162			
new	6982f817dd4450529f0ac771	0	Lightening Marriage with a Tycoon Husband	1163			
new	6a7047919dbba6268204e169	0	Carrying His Alpha Brother’s Baby	1365	1164		
new	6a701ec0e75af274da07241f	0	He Made Me Kneel Before the Fake Saintess		1165		
new	697c59f38deb032b910b9a93	0	After I Became the Emperor's Bully	1165			
new	6977167cabeaf427e709a727	0	A Street Scam Made Me a Martial Legend	1166			
new	6a71471d25d469446907ec5b	0	Forced to Marry My Enemy	2337	1167		
new	6970ac7e54d4d813bb045cad	0	The Heiress's Mask: Love Betrayed	1167			
new	696a07f3f57823b522077ba1	0	His Carefully Planned Sin	1168			
new	6a69bbba1893284da90e5a36	0	99 Divorces, Then My Husband Died for Me		1169		
new	696a07eff57823b522077b9b	0	His Brother's Wife	1169			
new	695fa05cf0b8e2141b044274	0	Loving You in the Wrong Body	1171			
new	695dbd914131168f0e03c85f	0	A Rose Across the Years	1172			
new	695dbce7f4bae5dcbd009029	0	Love, Lost and Found	1173			
new	6959fd84ca1efc57bf008edc	0	Animal Whispering Led to My Uncle Team!	1174			
new	69561b183274f2937c0bac80	0	We Met Long Before the Wedding	1175			
reupload	694b4e69871e2cae2806e89d	0	Clubhouse of Desire	1176			clubhouse-of-desire
new	6a603610db0b2f6baa08d6de	0	The Mute Luna and Her Cursed Word		1177		
new	694512e61429aa9289039897	0	Back to 2002: I Built My Empire	1177			
new	6a6032183c861b8b8805cd9d	0	Two Husbands, Three Lives		1178		
new	6941288c836b75b1a10d629c	0	When Love Goes Off Script	1178			
new	6a62fae10fe809fbcb097c73	0	Mom, I will protect you this time	2267	1179		
new	693fdd8e88b329db9504362e	0	I Seduced the Wrong Man	1179			
new	6a7be5bdfb41d50b060e897e	0	Found A Homeless Dragon Husband		1180		
new	693bfd5f463fde4f8c02d7ea	0	Love, Unexpected	1180			
new	691e71ea8997e2481d064125	0	Sweet Revenge: From Betrayal to Beloved	1182			
new	6a7d20ebe4b65a57190f8d2a	0	Too Late, Dr. Hall		1183		
new	690963626fb7eaa6140c219c	0	Pampered by the Tyrant	1183			
new	6a7541f9a6c28014960e47cc	0	Nine-Colored Saintess Amazes the Beast World	2265	1184		
new	68edfbc9ee983a89a000ce1e	0	His Morning Sickness Alert & Her Love Signal	1184			
new	68b944751755574501003d83	0	Checkmate, My Hubby	1186			
new	68b9371a396e31873f0010cf	0	Mr. Lewis's Indecent Secret	1187			
new	689f060ecd43d9de170d5859	0	The Outcast's Triumph	1188			
new	684c037f2efda0672f0fc1e8	0	Falling for My Gold-Digger Wife	1189			
new	6a754190b97710a6cf085c01	0	The Return of the Abyss King		1190		
new	6836ad4a5bb9b1a04006257c	1	Titanic Love After Rebirth	1190	1701		
new	680750400dcb037a8008eb77	0	Baby Don't Cry, Mommy is Sorry	1191			
reupload	67f5eb39024ff4a0df0605fb	0	Swimming My Way Back to You	1192			swimming-my-way-back-to-you
new	67e9fd794fa029bfcb00436a	0	Reborn: My Sweet Princess Era	1193	1601		
new	67d8e904787657f63a0fafab	0	Love at First Flight	1194			
new	6a7ab55755795c27fd012857	0	From His Cage to Her Empire		1196		
new	671c79508c4e109f0002c5fe	0	Boss, Your Wife Forgot the Marriage Again	1200			
new	6a3c94171f0e5304d10b2d0c	0	Till Payday Do Us Part	1201	1596		
new	6a701ec2e75af274da072422	0	Marrying the Dragon Lord He Mocked	1635	1202		
new	6a603335b43f3ec5e80e092a	0	The Alpha Forgot Me, So I Let Him Go	1679	1204		
new	6a33b74398add2ae2005b1a0	0	Rebirth From Betrayal	1204	1750		
new	6a61fcc096fa2a8c010882d3	0	The Bride He Betrayed	1253	1206		
new	6a6849207434a5b9ed0f8048	0	The Rise of the Ugly Luna		1207		
new	6a32429c2ce9776cfe00a798	0	The Dragon Lord's Regret: Rejecting His Slave Mate	1207	1708		
new	6a7047929dbba6268204e16c	0	He Called His Dying Daughter a Liar	1653	1208		
new	6a7002bdf1b7555be101d640	0	DRAMA IN HD		1209		
new	6a7ad3dc5b4df032870c51a5	0	The Billionaire Lawyer’s Secret Clinic	1288	1213		
new	6a72cce21a866e1ea70c6520	0	Too Late for a Goddess		1214		
new	6a753dc1b9f1f1e5ca055d3d	0	My Strongest Master Pretends to Be Weak		1215		
new	6a1fe6ddb03cd2322e0c576a	0	My Devil Sister	1215	1888		
new	69ef022f7b1e0f3f6900ac90	0	A Rogue Becomes Luna	1217			
new	696f50227b2ac71c520a9a70	0	From Orphan to CEO's Daughter	1218			
new	6a6ae33772acafdfe00daafc	0	Mrs. Grant Is Single Now		1222		
new	6a2773bfd288f56fbd03afab	0	Find You: The Emperor's Lost Heir	1222	1845		
new	6a730455cf2f12105605f0e0	0	Baby Bargain with the Devil	1342	1223		
new	6a730108b486503ea10a69e3	0	Bride Swaps Groom on the Spot		1224		
new	6a6ffb3827c69134cd00fd14	0	Fantastic Beasts and the Night Keeper		1226		
new	6a753afb853831408d045d5b	0	Blood Queen: The Vampire's Revenge	2073	1227		
new	6a753af15367fbf9d700f349	0	The Heiress's Game	2350	1228		
new	6a753b06b9632278d60f78c9	0	Covenant of the Witch		1229		
new	6a5f32adb362c31e4d0ce294	0	The Ex-Con Lawyer's Revenge		1230		
new	699fa814a6fc533c5f090589	0	Playing Innocent, Winning His Heart	1232			
new	6a61fcc28e3e5781db0e8366	0	The Heiress He Threw Away	1781	1233		
new	6a44c59e2cf631382007b52a	0	The Queen is No Longer Silent	1233	1577		
new	695f4eb1643a9384200af477	0	Will You Be My Ex?	1234			
new	6a714984282e82f7430d5aa3	0	Crowned: The Son-in-Law's Return	2481	1235		
new	6a75998188cda99cfc05e254	0	The Billionaire's Secret Heir		1236		
new	6a72d0cae6dea1f0740633e1	0	Borrowed Face to Love You		1238		
new	6a504eca5f279ed27700197a	0	A Duke's Daughter Strikes Back	1238	1485		
reupload	6a6ff60bb14d225fd80e245b	0	The Don's Fatal Tenderness		1245		the-don-s-fatal-tenderness
new	6a6ff561c8c11d1d94067e8b	0	My Dream Lover Is My Boyfriend's Stepfather	1625	1246		
new	6980162e3470e79a1b0eeebd	0	Dine, Dash & Destroyed	1246			
new	6a5d8183b3df43399e047900	0	Where the Stars Went	1247	1436		
new	6a6ff3e58e454a2f2c061e5b	0	Hearing My Boyfriend Sleeping with Another Woman		1248		
new	6a684be54203340f01007a15	0	The Divine Prince's Mortal Bride	2484	1256		
new	6a680f81ba8cec524e02d7ad	0	The Human Queen of the Lycan King	1256	1361		
new	6a74042be5a067bb2804d31a	0	The Mimic Playground		1258		
new	6a715195f5024c357f0789a6	0	Billionaire's Secret Janitor Wife		1259		
new	696a07fef57823b522077bb5	0	Underestimate Her at Your Peril	1259			
new	6a7536d7d20c60c600016a49	0	After the Embers(updating)		1260		
new	6a17a1a5001c23da4600b102	0	Awakening the Dragon Within	1260	2029		
new	6a69bbbb1893284da90e5a39	0	Frozen by the Man She Loved		1262		
new	6a4ca532a5047eb34a0b2a65	0	The Blind Girl Who Sees Souls	1262	1508		
new	6a66b7c57fa17f5a6102247b	0	Rejected Mate, Restless Ghost	2183	1263		
new	697049b8a729a277280fbb27	0	Sister Pact, Love's Contract	1264			
no_rs_link	69e4d9ef3af8912485044abe	0	My Fated Mate is the Bloodline Key	1266			my-fated-mate-is-the-bloodline-key
new	6a5d843ab4f9e8fd9c05c8b2	0	The Seduction of Jac Frost	1310	1266		
new	6a66b7c77fa17f5a6102247e	0	My Wife Is A Call Girl Who Services For Other Men		1267		
new	6a66b7c47fa17f5a61022478	0	The Rogue-Marked Mom Is the Alpha King’s Luna	2355	1268		
new	6a4c61cf5d4805a1ea03b4ef	0	The Vampire Lord's Lost Salvation	1268	1544		
new	6a5de4cb2eb293969e01b197	0	Share a husband? You're not worthy	2486	1269		
new	6a3a47218295da87ae0cf21c	0	The Pharaoh’s True Heiress	1269	1678		
new	6a72d2f5a9bacc9b7c049ef2	1	Blind Beastmaster: I Tame Ancient Gods!		1275		
new	6a7002db07b37ca2420bcffe	0	Mafia Son: Unbroken By Betrayal		1276		
new	6a338dce86803bddc70633a7	0	Hooked Her Ex’s Forbidden Brother	1276	1695		
no_rs_link	6a7456d8a7bdcc9dc20e253c	0	The Alpha King’s Slave Bride	1913	1279		the-alpha-king-s-slave-bride
new	690813c94ffdfdca84051b3a	0	Slept With My Fiancé’s Brother	1279			
new	6901d9e7ca3906084109d870	0	Only For You	1280			
new	670504a52ad0b3e8aa0885c8	0	Shattered Dreams: A Daughter's Fight for Justice	1281			
new	6a71436c94baf6bde908a282	0	Mending Hearts		1282		
new	6a6ff2460c2b5e76730af127	0	Nobody Hurts My Mother		1283		
reupload	663f4b58b4b9c4534c017b3b	0	We Are Never Ever Getting Back Together	1285			we-are-never-ever-getting-back-together
new	6a66bd9349bced6d830bf871	0	When the Hero's Daughter Was Bullied, I Carried a Coffin to the Military District	1289	1339		
new	695a3d11cad75777ce0cb159	0	Unanswered Calls, Lingering Regret	1291			
reupload	693ed840a7e9201b00006009	0	The Fighter Who Stole My Pulse	1292			the-fighter-who-stole-my-pulse
new	6a6170f28a8cdb3e7d0e440b	0	Revenge as My Uncle’s Wife		1292		
new	69d4af918d2eb334a60ae79b	0	I Don't Need a Husband	1296			
new	69250e572a301b17350be15e	0	Silent Divorce, Loud Regrets	1297			
new	6a62fa41c87ad72abc0a3e3d	0	Soul Exchange under the Blood Moon	2385	1298		
new	6a62f9e7063e662fac0cdd13	0	The Wolf Commander's Wrong Bride	2207	1305		
new	6a66b7bc7fa17f5a61022469	0	My Dragon, Not Hers	1461	1307		
new	6a549b2451cf0e4d6c0a153d	0	The Karmic Heiress		1308		
new	6a6021fb4b10ebfb5b0eda5a	0	My Secret Alpha is My Lucky Puppy	1308	1411		
new	6a5db3ef3a92735f1a059d89	0	The Beast King Worships the Worthless	1309	1418		
new	6a5f0760f7da29c9930dd433	0	The Monster Made Her Queen	1812	1311		
new	6a55ad545c3b1759bb023db4	0	I'm not waiting for you at the end	1311	1494		
new	6a5f32b02d9c74faad04b00c	0	The Queen's Revenge		1312		
new	6a6031b4b2718b63ba0debeb	0	They Called My Dragon Gear a Scam		1313		
new	6a3bad90b4b6b0605300f8cf	0	Reborn: I'm the Devourer	1314	1614		
new	6a3a772d271ba4aa8d0a9203	0	Accidentally Fell for the Zombie Queen	1315	1613		
new	6a33501937b5748859084caf	0	The Return of the Voltage Queen	1316	1687		
new	6a6ff5c0d84821c767025dfd	0	Pregnant with Sweet Destiny		1317		
new	6a28e35d3f921273370e2f67	1	My First Night Shift Saved the City	1317	1715		
new	6a6ff5bb694b5250ba0b1edb	0	Blind Beastmaster: I Tame Ancient Gods!		1318		
new	6a278a4569fc2d01e80892a6	0	Double Contract Love	1318	1880		
new	6a6ac53cc369561bca01398e	0	The Hundredfold Billionaire		1319		
new	6a222e5c4dfe097fa90912c2	0	My Dear Husband, Please Go Bankrupt	1319	1960		
new	6a700a4707b37ca2420bd002	0	My Powerful Caretaker		1320		
new	6a6ff241989753f010020609	0	The Forbidden Fist		1321		
new	6a5db3ec49ae13222f0ca5dc	0	I AM THE LUNA QUEEN		1322		
new	698b07e0c706e890610ed644	0	Her Name Is Not Pawn	1322			
new	6a55aca583cb75e34b0eb4bf	0	My Alpha Forced Me to Lose Our Pup	1883	1323		
new	6984457da03c4b0815031f06	0	The Emperor's Antidote	1323			
new	6a5d843cea03716a8b0caa59	0	When The Moon Hides Her Crown	1763	1324		
new	695fa088474222253805e0ab	0	Little Princess Came Back Radiant	1324			
new	6a6ff3f1682c35ae020fda2a	0	The Widow Who Stole the Marquis's Heart	1570	1327		
new	6a44d5e470fc4c8b840bf21d	0	Blood&Daughters	1327	1600		
new	6a6aae710cb29f5455081c2a	0	I Saved a Stranger and Found Out I'm Rich	2164	1328		
new	6a3354ee297612d9e5048f39	1	No More Mr. Wrong Guy	1328	1674		
new	6a6ff3ef74fd1d39a301cea9	0	Five Years Without You		1329		
new	69a8f666fb7a9f9f4408704d	0	My Revenge, My Phoenix	1329			
new	6a6c718e315e5376ba0d263e	0	Ticket Denied, Divorce Filed		1330		
new	6a6bfd7b61be4484010d05d9	0	The Heiress They Called a Fraud		1331		
new	6a699568fb5bf17ebc05c95f	1	Love You 1,000 Years		1332		
new	6916d8d7dd25ee45d80e29f5	0	The Double Life of Mr President	1332			
no_rs_link	687d948a4f6d91761b0d3062	0	Bound by Marriage - Freed by Love	1333			bound-by-marriage-freed-by-love
new	6a56fdb294a9400558057de0	0	She Left The Ashes Behind	1335	1468		
new	6a6adc4372e65640410ab2a3	0	Fake Witch Claimed by Two Heirs	2163	1336		
new	69c63a0f4ee6b275150bc192	0	You Picked the Wrong Woman	1336			
reupload	6a6b0349aaeb8126f1042650	0	The Betrayed Demi-God Reclaims Everything	2226	1337		the-betrayed-demi-god-reclaims-everything
new	6a4d9dfc8c44f1fa2b0324fe	0	That Eight-Year-Old Girl Is an Archmage?!	1337	1512		
new	6a6807e3a1e36668ae0a8119	0	Blood Is the Curse		1341		
new	6a4c696992682bcd24012479	0	The Magicless Boy Became a God	1344	1538		
new	6a6b27de1e005c3f500561b5	0	I Teach Aliens to Farm		1345		
new	6a0befe66b7d2dd699054e4b	0	My Fated Deal with the Alpha King	1345	2059		
new	6a6afe2b6cb3ef2be60df942	0	Exiled to an Island, I Built an Empire		1346		
new	690326f4e9780ee1680b2591	0	My Husband Is a Hidden Big Shot	1346			
new	6a6992d4dd4dd7edd60a5d43	0	Love You 1,000 Years		1347		
new	6a6971a2d8c89204f10212bb	0	The Wastrel & The Assassin		1348		
new	6a45ccba642b139df20195ab	0	The Alpha’s Baby Chose Me	1348	1552		
no_rs_link	691c49f5645b6ad1e50eba16	0	Return of the racing king	1349			return-of-the-racing-king
new	6a697704372818095101b114	1	The Wastrel & The Assassin		1349		
new	6a4c5d3dc2d6e00a6300278b	0	My Husband Auctioned Me Off	1352	1554		
new	6a6971a0e0753757f40f04d0	0	Rise of a Tycoon		1353		
new	6a69770603f1d48a7a07723e	1	Rise of a Tycoon		1354		
new	6a6325e3df65b3282c05a8ae	0	Ashen Knight: The Return of Dragon Blood	2227	1356		
new	6a62cba0cf6f36901805fd9c	0	Claimed by Apollo's Son	1777	1358		
new	6a696417f1299374e000cf5b	0	Brother's Keeper		1359		
new	6a5724f41fd2b06f5e0142b5	0	Eight Years Gone Down the Drain	1359	1483		
new	6a6961979c32db374502042c	0	The Serpent Queen's Rebirth		1360		
new	6a2f6da42a43b076a8064498	0	Empress of Shadows	1361	1794		
new	6981ba545edafcb6960db82e	0	Famine & Fortune: My Silent Wife's Golden Touch	1362			
new	69b2637b8095891cd10a39f6	1	Back to Reckoning	1363			
new	6a6961929f8dd29781038e7a	0	My Wife Thought I Was Just a Househusband		1364		
new	6a66bb4aa5474a55a20e59c8	0	The Seventh Death of the Devil	1748	1366		
new	6a0d4a45f5281671780c6a95	0	168 Hours to Regret You	1366	2047		
new	6a1cf55c0b913ff1f303cd48	0	Feed Me, Pretty Boys	1368	2016		
new	6a4e2c8f0385eef459011dfd	0	To All the Exes I've Loved Before		1371		
new	6a5dc4a1b30cbe1ede0594fe	0	Silver Curse		1372		
new	6a22e6b63930ceb0890aa2a6	0	My Real Family Burned It All Down After I Learned the Truth	1372	1902		
reupload	69a5454af5f994c29609a831	0	I'm The One In Charge	1373			i-m-the-one-in-charge
new	6a630a3b53c25feab006dfb6	0	Fruit Dimension: Orange Light Redemption.1		1376		
reupload	680d8afd1d9f89306b0dbce8	0	Bride of Vengeance		1379		bride-of-vengeance
new	6731b3f8843672ff830cdae6	0	You Are My Heartbeat	2253	1380		
new	6853e47c3f4007e1510da543	1	Sweet Debt, Secret Billionaire	2320	1385		
new	695e01efb0ce969f8e06c093	0	Next Door Spy	1385			
new	667e12a34ea4c08fb603cf56	0	Sweet Debt, Secret Billionaire	2723	1386		
new	6a2788d2d20a3d2dec04ae5f	0	Breaking Chains for a New Life	1387	1931		
new	6a6840b466a2c8d67608a4c6	0	My Afterlife Tavern Has the World's Strongest Guardians		1388		
new	6a66bb4ca2a3e3cefd03bf4a	0	Golden Dragon Mother’s Rampage	1657	1389		
new	69645c72db46493aef007fb1	0	I Found My Husband's Secret	1389			
new	6a4b409a3e360ffb6e073b5a	0	Virgin Lactation	1820	1390		
new	695f9fd19593f02ef50c1ff9	0	From Veggie Vendor to Billionaire	1390			
new	6a60225f41abc545e30fa409	0	My Secret Affair with the Duke	2166	1391		
new	695f4c665be653d7790a8b28	0	The Intruder	1391			
new	695f4bae531d22e1e204057c	0	Suzanna	1392			
new	695e03f0759bd4478f0599e8	0	Sister Cities	1393			
new	6a476469e06a924c9c072588	0	I Only Have Brisket for You	2491	1394		
new	695cc57f595ca78ce009db9a	0	The Childhood Friend I Couldn't Resist	1394			
new	6a6175758a8cdb3e7d0e440e	0	My Ex-Wife Wants Me Back Too Late		1395		
new	694dec24a6ca10d77e0e5c5f	0	Mother's Justice	1395			
new	6a60239fb9f5f7fe8f0356c9	0	My Useless Husband Is an Immortal		1396		
new	66aa02deaa60fdd2ae0adfb0	0	Reborn for Love	1396			
new	6a62ce842f21ba217a069ade	0	Dumped the Groom, Married the Billionaire		1399		
new	695b896dfd4408c96604ec92	0	Marry to Top Star at 40s	1399			
new	6a1507d94240073bb00d3075	0	Rejected, Got a New Husband	1400	1734		
new	695f49840e2a1c138b0aa589	0	One More Time	1401			
new	6a2a7562c7ac12edf401e6ca	0	The Young Master's Comeback	1404	1609		
new	6a5d7fa355d30dcff30de854	0	Secret Marriage Swap, The War God’s Late Remorse	2487	1406		
new	6a62d2cdb545a69f6d0db96e	0	My Wolf is the Sun God	2485	1407		
new	6a3e50f72620b17637021bb8	0	Match Point		1409		
new	6a56e8d1eab434a3870fd65c	0	The Diary of a Workshop Veteran		1410		
new	6a5068b09b871d8b3c0331de	0	Wolfless? Bow to the Queen!	2185	1412		
new	6a45cd5a24c2a24f330c945b	0	The Red Lily I Chose to Forget	1413	1581		
new	6a5f3a1e2e43d66ca60c5857	0	Group Chat Divinity	2228	1414		
new	6a5dc8230c67c4509c0a7f02	0	Rustblade Witcher	2229	1417		
new	6a31fc658343b61628067230	0	Becoming Lady Wyndham	1418	1720		
new	6a58d32795d3f308540031d8	0	Everything Plus, Everyone Else Shuts	2488	1419		
new	69a7cf047f90617047061160	0	In Love With My Husband's Brother	1419			
new	6a58d38c3d6025bd5205fe4c	1	Everything Plus, Everyone Else Shuts		1420		
new	6985a339e5e96597d00d96d8	0	Horror Isekai: Twin Beauties Turn Me On	1420			
new	6a5f1818a66d1b70fd0ee9c3	0	Pregnant with Power		1421		
new	6970a21ed8a92c79400e4595	1	24 Hours to Save Her	1421			
new	696a07f4f57823b522077ba3	0	Schemes of the Heart: Mr. Hart's Game	1422			
new	6969b133d09e6aa01e071c2d	0	Oops! My Vegetable Alpha is Awake	1423			
new	6960be97385a8c9eb00c6986	0	Grandpa 2.0: Invincible at Ten	1424			
new	695f9f352067503c6509418e	0	Mama's Second Chance	1425			
new	695f4b97e2429b3f87054b76	0	To Love, To Loathe, To Return	1426			
new	695dc6e90ff82ae5f60db17a	0	No More Nice Girl	1427			
no_rs_link	695a41a4fb85e456cf0c3824	0	Don't Mess With the Heiress	1428			don-t-mess-with-the-heiress
new	6a5f2a427913f437e502f8b4	0	Curvy Bloom, Sweet Surrender		1429		
new	69561a1490ff3e0cea04e9cc	0	She Didn't Bring Roses She Brought a Proposal	1429			
new	6a601e9572dc2dea170b5419	0	Promise in Paper, Folded Vow		1430		
new	6953875732b03e71e508b1e8	0	Reborn to Shine	1430			
new	695247078c28ccad9e0a5ff9	0	Buried in His Lies	1431			
new	6a5db5c7607675185a0af2fb	0	Stardust and Lies	1495	1432		
new	693f8089156da5dbac020e83	1	Bound to My Heiress	1432			
no_rs_link	6916da81686e13455b00b9bd	0	Champion, She is Not the One	1433			champion-she-is-not-the-one
new	68ecac7bfd6604d8a007377b	0	Minho [Love in My Hands]	1434			
new	68ecac6d09be3c27460e2b1e	0	Doyoon [Love in My Hands]	1435			
new	6870c9d6229664c1ed05ae3d	0	Millionaire Mode	1436			
new	6a58d467d28d4df43300a244	0	God of Snow		1437		
new	65b185b3f67cb895ff076de3	0	The Doomed Spendthrift	1437			
new	6a5ed3717990cea9e702b93f	0	Final Skill: Win Her Heart		1438		
new	6a3895a2df2f4387670975fa	0	You Might Be Bad, but I'm Worse	1439	1652		
new	6a44c5bd3183af32eb0cf61c	0	My Alpha Cheated on Our Mating Day	1441	1608		
new	6a5d856e4847039a4d062892	0	The Elf Queen's Revenge		1443		
new	6a5722d9988fca73730da144	1	That Beggar Wants Out		1445		
new	696ef0309c5fff9ff00b2a8c	0	Hold Me Tight, Brother	1445			
new	6a5840e92769ac7896097977	0	Max Maid’s Survival Rules		1446		
new	6a4720516e1b4ad8ae0d5f62	0	Football GOAT Reincarnated Into Me		1447		
new	6a55d76bef68ac498703dd1b	0	Bite the Exorcist Heir	1756	1450		
new	671bca6ce3afb9c1b20d4186	0	Fortune's Gift: Spoiled by My Zillionaire Uncles	1453			
new	6a5724f6dfc97c1a9403cf25	0	Two Snake, One Mate	1455	1484		
new	6a598ba60bcf6849150ba5bd	0	The Last Stand: Iron RV, Ice Plains		1456		
new	6a598ba50bcf6849150ba5ba	0	Frozen Frontier: Sarah's Costco Crossing		1457		
no_rs_link	6a589b96716ca7d47a0a97f4	0	Seduced by My Boyfriend’s Uncle	1458	1458		seduced-by-my-boyfriend-s-uncle
no_rs_link	6a560574c3c24333150afc08	0	My Wife Replaced Me With An AI Lover		1460		my-wife-replaced-me-with-an-ai-lover
new	6600e8596ca63ba2be05123f	0	My Foolish Husband Is A Billionaire	1460			
new	6a583b6619790e4aca027178	0	The Deadliest Operative Alive		1461		
new	6a56e6ec261b12d2ca04046d	0	The Surgeon You Shouldn't Have Crossed		1462		
new	6a5701363650e0a7e80aa78c	0	King of the Flooded World		1463		
reupload	661e5a5e275a00c0d607a763	0	Fated to My Forbidden Vampire	1464			fated-to-my-forbidden-vampire
no_rs_link	6a55fc87a8b79fdf270d1537	0	The Boy Without Destiny		1464		the-boy-without-destiny
no_rs_link	6a5594c8ae778f7316081d0d	0	The Soccer King: My AI-Powered Eye		1465		the-soccer-king-my-ai-powered-eye
new	6a544ac2e5a454a5d60a83ed	0	Mr. Vance, Your Wife's Cover Is Blown Again!		1466		
new	6a544e2b68ff54a82a095030	0	My Father Outside the Spotlight	2230	1469		
new	6893093d36619904e801242d	0	Destiny in the Stars	1469			
new	6a544e2354d47aac4303048e	0	Betrayed Brutally, I Purge the Magic Academy	1813	1471		
new	6a544e28d8db38d564066b5e	0	The Revenge of the Forgotten Luna	1739	1472		
new	6a544f954199bdefcb07d765	0	The Silver Tiger Mate's Gentle Pampering	2489	1475		
new	69704ca936009eebeb0da2f0	0	All Clear at Last	1475			
new	6a26c44cf8006609bf0d7c68	0	Love On Ice	1476	1907		
new	6a571f2c1e9758b002077f74	0	That Beggar Wants Out		1477		
new	69c619e8d7b9585eea03a4a1	0	I Went for Money, Found Love	1477			
no_rs_link	6a549d9551cf0e4d6c0a1540	0	The Curse of the Midas Touch		1478		the-curse-of-the-midas-touch
new	69bbaff247359033c509ca31	0	Hook, Line & Sinker	1478			
new	69ba4b9cb27d76251a0a11a7	1	From Death Row to Throne	1479			
new	6a5446ba30ed40d1620e0e5e	0	The True Queen		1480		
new	69a6c81f7c56a9aece015241	0	Dominate Me Please, General	1480			
no_rs_link	6a4f6a419480f5928e071573	0	Return of the King	2159	1481		return-of-the-king
new	69a56084cd3263ae7c0491b6	0	I Gave Her Check, She's Mad	1481			
new	6a4f6baef257157a3f0ac0be	0	Reborn Heiress Strikes Back	2268	1482		
new	69a101b367c6be143b0d783c	0	Netherworld Manager	1482			
new	696a07edf57823b522077b97	0	Love Crossed a Millennium	1483			
new	695e0726f68e932d050911cd	0	Dear Santa	1484			
new	69367abbe88c446d1702882d	0	Love Was Never Part of the Mission	1485			
new	691a8b145672b8ae5e0de240	0	Broken Vows, Healing Love	1486			
new	68f5921ccd5d20fba6099cf3	0	The CEO's Most Wanted	1487			
new	6a4c6e9b69846c737f0f7cb6	0	I Copied My Way to the Top		1488		
new	6853ec2405962eae8f0dcdce	1	Falling for My Gold-Digger Wife	1488			
new	6a55ae26aefa8bda590dd413	0	Leaving the Fake-Poor Alpha	1636	1489		
new	6788c354f85779b56402efdd	0	Love in two Lifetimes	1489			
reupload	661e03ae8ca659068d093723	0	Fatal Attraction: The Hybrid Princess	1490			fatal-attraction-the-hybrid-princess
new	6a55ad9f5480fc024408cdc7	0	White Wolf Returns, Mate Regret	1618	1491		
new	65f7aa60d8aaeb96f50cb0c2	0	CEO, Your Wife Is Gone	1491			
new	6a5062a60bf357d2610e19c9	0	Empathic Link with the Prince	1814	1493		
new	6a55acffff7e4a3926091ed7	0	After The Soundproof Wall	1758	1496		
new	6a338f5b2bdafa728a07452c	0	The Fallen God of Gambling	1496	1666		
new	6a544305b7dbbeda4907a8cb	0	X-Ray Vision: The One-Eyed Outcast		1498		
new	6a2787e79a16b83b9c05c62e	0	Mafia's Love Left Me No Way Out	1498	1909		
new	69f158afd8c0deda7f0c4bc4	1	Reborn, Not Yours	1499			
new	698c6c746633251c22050abc	0	Little Heiress, Big Daddy 2	1501			
reupload	681978ef439c213bc40bf4e4	1	Mending a broken love	1504			mending-a-broken-love
new	6a5443012428cc08d00c9d79	0	The Apocalypse Gave Me a Cheat Skill	1887	1504		
new	6a4ca45b25dd0f249d0b958b	0	Tears on the Pillow of Regret	1672	1506		
new	690423c050a1daf2070e729f	0	The Substitute Bride and Her Blind CEO	1508			
new	6a4f11aeb9b840d064021976	0	The Alpha Heard Her Too Late	1740	1510		
new	6a4c5f0ad27fd7507b09862c	0	Taste of the Wild	1818	1511		
new	691e72c4830ac6669109f3cc	0	Claimed by My Hunter Husband	1513			
new	6a4cf08c2997de8f060a4d75	0	After the Goddess of Fate left, My Ex's Mafia Empire Crumbled	2269	1516		
new	6a44df67f4949bd09c0a007d	0	Fate's Betrayer: Saving Grace	1516	1594		
new	6a4c5f056776db8c7606473b	0	Velvet, Blood & Power	2190	1518		
new	6853e44755b522df4a080c67	1	Reborn to Fly	1518			
new	6a4c69716de432c9700fa3ed	0	She Chose the Devil Over You	2189	1520		
new	6a4efbc977f8f1f91404d09c	0	The Supreme Sovereign Wants Revenge		1521		
new	6a13b988dc6489c2a50eca3f	0	His Cruelest Obsession	1521	1814		
new	6a13abd6bfaa03cecd0792ce	0	Loving You Costs My Life	1522	2066		
new	6a475fdf9f947b4b4a08677a	0	Second Chance With My Mr.CEO	2136	1523		
new	6a0fd336ea342da86700c6d8	0	The Return of the Wraith King	1523	2055		
new	6a4c631a1a588877650016ed	1	Rise of the Kung Fu King		1524		
new	6a067da7e0c25066c704453c	0	Hunting My Runaway Bride	1524	2145		
new	6a05405e58a1ffb47e005e00	0	My Pet Is an S-Rank Nightmare	1525	2072		
new	6a4a1e227879c28b1103d653	0	Dumped by My Amnesiac Wolf Alpha	1821	1526		
new	6a049b0b591e9a9561059802	0	Her Majesty and Her Demons: Tame or Die (updating)	1526	2092		
new	6a4f11af0c87f5b3aa0e31c4	0	Double Souls Under the Moon	2338	1527		
new	69f04eff0912c927250939fa	0	Rise Of The Sea Lord	1527			
new	69ef0c7f3d02641ab208aad5	0	The Forgotten Daughter	1528			
new	6a4c6aea0b0025d207026a0f	0	Steal Her Heart on Ice	1815	1529		
new	69df535ffcf0fce6cb0ce781	0	Heir Abduction, Wolf King's Chase	1529			
new	6a4c540d6f40f0e2060b2d3c	0	Bloody Bell Tower S2		1530		
new	69df33fa81a32b76590b6c05	1	Rise of the Invincible Healer	1530			
new	6a4c540b0f961942e50eeaed	0	Bloody Bell Tower S1		1531		
new	69ce416cf82e624bc200b94f	0	Reborn for My Mr. Right	1531			
new	6a4c61c8f65994e6e60b46b1	0	The Usurped Divine Daughter	1817	1532		
new	69cb1fa2601c6280f701b929	0	When Providence Wants You Dead	1532			
new	6a4e06dd86fc57d4b107b16c	0	The Ice Hockey Star Regrets Deeply	1574	1533		
new	69c11a0f2d168c64b8085e0d	0	Don't Let Your Son Fall, Hon	1534			
new	69bbaf4104d62287600150a0	0	I Chose the Wrong Daughter-in-Law	1535			
no_rs_link	6a4c696d7bacd87b4205b18c	0	Alliance of the Unusual Dawn	1816	1537		alliance-of-the-unusual-dawn
new	69a25dc52c125d60820083fa	0	Between the Brothers​	1537			
new	698db7f630a6786bf20b020c	0	The Billionaire's Secret Kids	1538			
new	6a4c90e76776db8c76064746	0	Sealed Power, Rising Legend		1539		
new	698af4fd977d4fbe9f0261d6	1	Mecha Era: Scoring SSS Mecha Girls	1539			
new	69857e7ef17e736a77090401	0	The Lazy Immortal's Nightmare	1540			
new	6a438c909fbf1286b10c3523	0	You Just Bullied the Richest Daughter in the World	2494	1541		
new	6982f819dd4450529f0ac775	0	I Don't Know My Husband is a Billionaire	1541			
new	6a4ca4e785b721cc250fe4de	0	Stolen Princess and Her Wolf Daughter		1542		
new	6981f5438c9423cec40a58c6	0	Ex-Convict Janitor and His Heiress	1542			
new	698197fa2769960e2f0c058b	0	They All Became Sages Because of Me?!	1543			
new	697742e8f13df5e030004041	0	Zero Sum	1544			
new	6a41d53b308a624e330fc9f2	1	Power Armor Sacrifice Rebellion	1597	1545		
new	696ee82be40b37a68d064457	0	The Bear Hid My Husband's Secret	1545			
new	696a07fdf57823b522077bb3	0	Crippled Prince's Love	1546			
new	696a07eef57823b522077b99	0	Phantom of His Heart	1547			
new	6a4c5f084d9dcf6d260cde6d	0	Now His Secret Is My Weapon	2490	1548		
new	6969e8c4ea4252c16601e757	0	Fated With My Fox CEO	1548			
new	6a4626abe2b856572400bc47	0	Love Lost in the Space		1549		
new	6965a64bfb953edfbf09caba	0	Daddy Is Not Who You Think	1549			
new	6a3ba36a54aeacec4308eee8	1	Now I'm Your CEO Ex-Husband	1826	1550		
new	695f6bd4f55f5efd110104d2	0	A Very Country Wedding	1550			
new	695b33abd5add69e910e85cc	0	Love Wasn't the Plan	1552			
new	6a4c5d3bdf67096a3205139c	0	Trapped by the Hunter	1596	1553		
new	695354a7f72be7b70f08a886	0	The Bride Hides a Crown No One Sees	1553			
new	694e2700ece4a728ad09824b	1	He Loved Her Sister First	1554			
no_rs_link	6a4720539fc3ee02eb007f1a	0	Sun Knight Time-Travels to Slaughter the Blood Demons		1555		sun-knight-time-travels-to-slaughter-the-blood-demons
new	694b5960182cb6b56500f676	0	Never Promise Forever	1555			
new	693bd5486e0eff860400c88d	0	I Am Not Just a Wife	1556			
new	6a3de17607fd803c7b0d1fbc	0	A Golden Dragon Made Me Rich Overnight		1558		
new	6a4a1e217879c28b1103d650	0	Fated to the Feral Lion		1559		
new	692cfd3ceb081406610ff7aa	0	For Her, He Never Moved On	1559			
new	692cf8531d4dea99ae07d1b4	0	Trapped in a Billionaire's Love	1560			
new	6a45cd6065c2edd56508203c	0	You Are Heartless, so Am I	1822	1562		
new	6a447d6f5294de844f0d5541	0	My Serpent King	1823	1567		
new	6a45ca8fd0d3ada53d0ec66a	0	No Longer His	2492	1570		
new	6a45d011a371401df3000a2a	0	Summoned Again: The Unwanted Consort		1572		
reupload	6a4c57f5acb3e876530f27e8	0	Nero: Made Men	1629	1573		nero-made-men
new	6a44c5b20d88d645ea03d86c	0	The Sister Who Stole My Fate		1576		
new	6a3a2ba9280c6eb504014887	0	My Boss Gave Me a Junk Boat, Now I'm Rich	1576	1643		
new	698db830f71689fad4024f1d	0	The Second Life Vow	1577			
new	695f6a86d2b152adb302b7e6	0	Bitcoin Baby	1578			
new	695b236dd498342ee30bcd7c	0	When the Fallen Prince Met the Unbroken Woman	1579			
new	69840c1593ee7cb2c706be3e	0	Dumped? She's Upgrading!	1581			
new	6a41e4c9d1f0cdd2d5090a3b	0	The Last Gray Helmet	2356	1584		
new	6a0a73f9001769c7b0042745	0	The Mercenary's Forbidden Queen	1584	2119		
new	6a44c5bf2fbfb858660517e6	0	Alpha Daddy, Mommy is Dead	2493	1585		
new	697c58e2a2009455e809e755	0	My Husband, My Startup	1585			
new	694a5e2badfd9f446d026959	0	Not Your Ordinary Heiress—She’s a Goddess	1586			
reupload	66274872810a13671300adc5	0	Spoiled by the Daddy CEO During Pregnancy	1588			spoiled-by-the-daddy-ceo-during-pregnancy
new	6a44c5ae31700bc1bb01215a	0	The Billionaire Twins' Substitute Bride	2161	1588		
new	6a44c5a9c15dcde1060af1bb	0	The Phoenix Was Never Weak		1589		
new	6a45d018969ff882e80e7eeb	0	Reborn to Raise Two Future Villains		1590		
new	6a45d015cdaaebb2030d3e99	0	Her Son Makes Her a Royal Lady		1591		
new	6a44c5b5ae33cf227e079cac	0	My Boss Is a Hungry Wolf		1592		
new	673460b420c1d2f86500236f	0	Daddy! You're Spoiling the Wrong Kid	1592			
new	6a45cf8a3c71b87e230f31ad	0	Ancestral Spirit Awakening: I Choose My Own Ancestor		1595		
new	6a45dc72b079ecc6b20524cd	0	He Loved Her Lie. He Lost Me	2629	1597		
new	6a45dc6e400913d3140e078a	0	Maid of Fate	2567	1598		
new	6a2feec49103b8fc0703fd83	0	The Way to Good Luck	1598	1647		
new	6a44de866e2f1530be0b71fa	0	Stop Reading My Mind, Villain Heirs	1914	1599		
new	69e9d8c67a80ef7aec0ec7a9	0	Jerk Killed My Bestie, I Avenge	1599			
new	69a673519f65ba5ee90a8185	1	The Second Life Vow	1600			
new	672876f6b6b3e459e0027d62	0	Love Beyond Misunderstanding with My Daddy CEO	2615	1602		
new	66eb8ed6515789a3f3045166	0	The Return of the Beggar: Starting from Being Picked Up by a Beauty	2254	1603		
new	670c9b83fa53b1060f075a3e	0	Signal: Mom Will Avenge You	1603			
reupload	661e03f008898c6e880ce822	0	Married for Green Card, Stayed for Love	1606			married-for-green-card-stayed-for-love
new	6a3f40ede102bd774b080eca	0	Watch Out! You Cheated on a National Hero！	2208	1606		
new	6a3df0940d58564fbe0e076b	0	The Cyber General Returns		1607		
new	69a69c4826d9dcaf730239ff	0	Taming the Gaming God	1607			
reupload	6651b2972b49b48f3002f3b3	0	Do Not Disturb: Lady Boss in Disguise!	1608			do-not-disturb-lady-boss-in-disguise
new	69bc0ed22583b5805c00403d	0	I Failed His Loyalty Test	1609			
new	6a4387feb66c41e77c0b918d	0	I Gain New Superpowers Every Week	1915	1611		
new	6a436a53dd3183e90b0a24fd	0	Rise of the Kung Fu King		1612		
new	6a03dee54ba75e2bd50120d4	0	My Mafia Boss‘s Dirty Secret	1614	2141		
new	6a4230a52487478a9604c6af	0	The Bodyguard Godfather's Good Girl	2449	1615		
new	69ef02347b1e0f3f6900ac9c	0	The Luna Assassin	1615			
new	6a41d4f7d70a3b05480bde70	0	Power Armor Sacrifice Rebellion		1616		
new	6a3cec9f2860aa8e5508f552	0	Wrath of the Sea Goddess: Married to the Twin Gods	1824	1620		
new	6a3b9b2680a309260a030136	0	The World Cup Captain Reborn as a Reject		1622		
new	6a3895a067e86cccf70bb9cb	0	Bound By Blood, Betrayed by Love	1622	1651		
new	6a3e5994de20c0f7a202a432	0	My Exoskeleton: The Chosen Girl	1755	1625		
new	6a338ee215d842418b01615f	0	Crushing All Realms: The Playboy Heir?		1626		
new	6a338ee115d842418b01615c	0	Grand Tutor of the Dragon Realm		1627		
new	6a28e08e858f9e6f3e06bc4b	1	Dwarf Hoop God	2096	1628		
new	6940c77839031b55d606a4c0	0	The Useless Son-in-Law Turns Out to Be the CEO	1628			
new	6a338ee015d842418b016159	0	Destined Twins		1630		
new	695dbd24bea58dde9e0cb55a	0	General's Husband, Playboy's Cage	1631			
new	6a3c8f62557f67aa110ad1e6	0	Love Found Me at Fifty		1632		
new	6a338dc786803bddc7063395	0	Prince Wants Fish, Why Bring the Family Tree?		1633		
new	6a30e1d4396ceee7940b8a24	0	The Master Returns After Sixty Years		1634		
new	6a3a1b78ab7cd86f8c025242	0	Six-Year-Old Dominates Golf World		1637		
new	69e596d22ca5ff658c0852cd	0	Claimed by the Devil	1637			
new	69b3d47469ca13f9170b6f3f	0	Pretend to Love, End up Obsessed	1638			
new	6a39205b2c5898cffc0edbfa	0	The Beggar I Saved Became a Billionaire		1639		
new	69afbbb3faeeeb28f6030893	0	Cheat on Me? Then Go Bankrupt	1639			
new	6a1507e14240073bb00d3090	0	Reborn Princess From the Madhouse	2388	1640		
new	696f3a363ca2dd51190c85a1	0	Empress of Revenge	1640			
new	6a3ddda717eb7fe89701fac9	0	Synced Senses with my CEO Wife		1641		
new	695dbdb7aeaa1af4590003e8	0	Cute Babies Alert! Love Incoming!	1641			
new	6a3d0d1e70c5060bee0dd136	0	Forbidden Fiji Nights With Her Rival	2270	1642		
new	6954c4f4794d8b02a006426f	0	Intertwined Hearts, Veiled Lies	1642			
new	69453b92d897a064fc04f14a	0	Borrowed Heart, Stolen Love	1643			
new	68f9fb1cb7440dd5500facba	0	Her Whisper in the Dark	1644			
new	687617f8347830dcbf0288c2	0	Billionaire's Unexpected Bliss	1645			
new	6a338ee615d842418b016168	0	Olympic Soccer the Reborn Champion	1661	1646		
new	671c727ab8ea6863370a6345	0	Immortal King Reborn: Comeback with My Female CEO	1646	1703		
new	6a1d307a443ba49530020c66	0	From Prison to Palace_ Revenge of the Mad Queen	1648	2008		
new	698169175598d45c840cac17	0	The Wedding Crasher: Contract Love	1649			
new	68ef5b5e3afd0739840a423f	0	A Love as Hot as Summer	1650			
new	68edaf9f39c176e0ec00259a	0	Where My Love Went Wrong	1651			
reupload	67ae5decf1e73434e50faba8	0	Money, Guns, and a Merry Christmas	1652			money-guns-and-a-merry-christmas
new	6a0d4ed98f2cd3e9b7013309	0	Daddy's Best Friend	1654	2043		
new	6858fa442ac058dc6608e0e7	0	Your Love Is My Poison	1655			
new	6a3b3f6eff13d9c94b050f0d	0	Newly Wed Enemies		1656		
new	6a338e2c5fc1c89a8f035c25	0	A Wife's Sacrifice		1657		
new	6a338e2b5fc1c89a8f035c22	0	The Dragon's Tear, a Royal Betrayal		1658		
new	6a13084db79995ad2e085145	0	Level up! From a Stray Dog to the God of Death (updating)	1658	2052		
new	6a338e2e5fc1c89a8f035c2b	0	She Shook the Battlefield		1659		
new	6a338e2d5fc1c89a8f035c28	0	Vengeance, the Master's Death		1660		
new	6a338edf15d842418b016156	0	I'm Actually the Last Cultivator		1661		
new	6a338f572bdafa728a074520	0	She Broke the Gift for His Mother	2232	1662		
new	6a338ee315d842418b016162	0	My CEO Mom Married a Security Guard	2272	1663		
new	6a338f592bdafa728a074526	0	I Invested in Her Future		1664		
no_rs_link	6a27885bde8a045b2d04d470	0	Spoiled by My CEO Husband	1829	1667		spoiled-by-my-ceo-husband
new	6a278a4469fc2d01e80892a0	0	Taming a Fussy Billionaire: My Chef Bride		1668		
new	69a8eac48561fdabbc07262e	1	Reborn and Became a Legend	1668			
new	6a2feec89103b8fc0703fd8c	0	The War for a Stolen Tradition		1669		
new	695f15727f0230b5d50e04f3	1	Since You Asked for Boundaries	1669			
new	6a338e295fc1c89a8f035c1f	0	Swapped Destinies Love’s Hidden Path	1827	1670		
new	69dc8d830baef504040da679	0	She Returned as a Mystic	1670			
new	6a338e285fc1c89a8f035c1c	0	Single Mother's Counterattack With Adorable Twins	2386	1671		
new	6a1507df4240073bb00d3087	0	The Housewife Was Their Legendary Professor		1673		
new	69e1a3085752c3c76803bf49	0	Runaway Gold Digger and Obsessed Heir	1674			
new	6a3269a9443351427f006ee7	0	No More Mr. Wrong Guy		1675		
new	691412c149ca3c10d00a39cd	0	Your Highness, Your Family Doctor Is Actually a Girl!	1675			
reupload	6780b77051fa1e718e02a461	0	Money, Guns, and a Merry Christmas	1676			money-guns-and-a-merry-christmas
new	6a3c92232164bfa73509c44d	0	A Fairy Tail Ending		1676		
new	6a3b9b21b64089b4e20349fb	0	The Deep-Sea King	2075	1677		
new	6932ad594c7881f9f704cdb5	0	My Sassy Wife	1677			
new	6a3a76742e8c28bfcc06a974	0	No One Choose Me	2271	1679		
new	6a3c8c9c6a3f190f540cb8bb	0	Mocked No More, Emperor Returns	1825	1680		
new	69a69bec0e4fbe6487063e01	0	When Fame Meets Love	1680			
new	6a3b9b22ee9b26f9210edfc1	0	Now I'm Your CEO Ex-Husband		1681		
new	69250e986c6c2f83800b7b22	0	Mr. Jackson, Your Bride Is Running Away	1681			
new	6a3a4465b0a8bd72bf0fd471	0	My Fiancé Is the Greek God of War		1682		
no_rs_link	691c4876fa188fd3de0434eb	0	Return of the racing king	1683			return-of-the-racing-king
new	6a3b3f73b5d56a65db020c4a	0	King's Pregnancy Proposition	2192	1683		
new	6a2bc4beabbb476487016d69	0	My Weak Fiancé Is Actually a Kingpin	2357	1684		
new	6916da92686e13455b00b9d7	0	Tame Me, My Lord	1684			
new	68e9c79d20ca0eb26d0d976e	0	Your Time Is Up	1685			
new	6a334db7725e2e4a2d05f92b	0	Becoming the Cyber Creator: Making My Ex-Wife Pay		1686		
new	68e728e41a73cf4c55045fc5	0	Her Turn to Win	1687			
new	6a2ff28e832bcd870e0c0526	0	A Baby's Adventure and A Wife's Awakening		1689		
new	68b93639d99f944fec0a3f32	0	The Go-Between Girl	1689			
new	6a2f6da92a43b076a80644a4	0	Come Home, Our Heart	2273	1690		
new	68b92d665fce4a480201102a	0	Taming the Governor's Heart	1690			
new	6a2f6da72a43b076a806449e	0	Double Life CEO Chasing Love		1691		
new	689f0df758a3f0e7eb04a4c3	0	Oops,  I Snagged the Starlet's Role	1691			
new	68835d9a79a7dbfdc80423c1	1	Ivy & Thorn: Ivy Never Fades	1693			
new	686b2503b4b297b3110b4ee7	0	Goodbye, My General Husband	1695			
new	684a3c4b79701d21f50e40f4	0	8 Years Wasted: Now Payback Time, My Ex!	1697			
new	67b2ac5c4191e7dd0c0c8381	0	My Legendary Dad Returns		1699		
new	67d3e0ca7a859ff1d10c69e2	0	Chained by Fate, Claimed by Love		1700		
new	67cac029900e8e89e9063f5d	0	Blind to Love, Bound to You	1700			
new	6721a36a274732e5520493d4	0	Titanic Love After Rebirth	2104	1702		
new	671bca5ada14fe397e0b2f12	0	From Housewife To Princess	1703			
new	66583da2efdfce641c08d612	0	Goodbye Ex, I Return To Being The Heiress	2732	1704		
new	671b67e4f620840cfc08c52f	0	One Night to Forever Love	1704			
new	65fbd5d9ae4e5898150b3b0a	0	Goodbye Ex, I Return To Being The Heiress	2769	1705		
new	6719aa27cdcc9a11f5071be6	1	My Bestie Wants My One-Night Stand CEO	1705			
new	660674b1400123b14f03bd1d	0	Marry Ex's Boss After Divorce	2765	1706		
new	66d4504bc6401aabe1084171	0	Forbidden: Entangled Love	1707			
reupload	66c7d85331466aca0705d4f1	0	The Three Badasses Who Want Me	1708			the-three-badasses-who-want-me
new	6a1507de4240073bb00d3084	0	Rise of the Heiress with X-Ray Vision	2632	1709		
new	66b8a88950be9977c508cfd7	0	My Bestie Wants My One-Night Stand CEO	1709			
new	6a3896d168f065944b0f53af	0	His Silent Possession		1710		
new	6a2b685466fe544c8a0e6b4e	0	New Life Through the Fog		1711		
new	6a335b9ac3d794404307cdee	1	Swap for an AI Sister, Now They Beg Me Back		1712		
new	66a1af6b730169423c04f437	0	The Hacker's Revenge Code	1712			
new	6a30fffc404b5a9a1000c918	1	No More Hidden Love		1713		
new	66388adf526445eca60b6c45	0	My Dumb Hubby is a Multi-Billionaire	1713			
new	6a28dfce22c97347b60737a1	0	My First Night Shift Saved the City		1714		
new	663886a6833a277aca0fdf29	0	Divorced and Back with His Baby Girl	1714			
reupload	661e0368210e27b946008409	0	Goodbye, My CEO	1715			goodbye-my-ceo
reupload	661e02c43ac6aff255050ed1	0	Never Divorce a Secret Billionaire Heiress	1716			never-divorce-a-secret-billionaire-heiress
new	6a1507dd4240073bb00d3081	0	Famine, Space, and a Second Life		1716		
new	6a1507dc4240073bb00d307e	0	My Dad Is a Secret Tycoon		1717		
new	6a28dfc7c9c5c335240f8201	0	Dwarf Hoop God		1718		
new	65e8fa41638bb56fe207a166	0	Marry Me When the Snow Melts	1718			
new	65d3f6664e4c1988b5095839	0	Flash-Married to My Rightful Fiancé	1719			
new	65c5620c2e8343662901e00d	0	What Miss Secretary Wanted	1720			
new	67bbec1647817b3a89003a5d	0	Baby Steps to Love	1721			
new	6a31fffa042d0d53380ed76e	0	Left at the Airport, Worth a Billion		1722		
no_rs_link	6a1fa1e93d80264639051d5d	0	The Billionaire Heiress's Double Life	1723	1745		the-double-life-of-a-billionaire-heiress
new	6a326e13ff13a4191b0a9f7d	0	The Homeless Sponsor Is Actually a CEO		1723		
new	6a1507da4240073bb00d3078	0	Everything I Touch Multiplies		1725		
new	6a1507db4240073bb00d307b	0	My Tyrant Dad Can Hear My Thoughts		1726		
new	69d4afba278099e3a90b0e97	0	Silent Heart, Stolen Love	1728			
new	6a2a1c7743f843160904877e	0	I Charm Hot Devils to Survive	2233	1730		
new	6982c0c4734764dc370435ad	0	The Psychopath's Guide to Saving the World	1730			
new	6a2a222dd7b035bb8d0255cc	1	I Charm Hot Devils to Survive		1731		
no_rs_link	6a0e685906e1d264830cdd06	0	Apocalypse: I Have a Super Fortress in Advance	1732	2056		apocalypse-i-have-a-super-fortress-in-advance
new	6a31fff8b46713a491079d13	0	Second Spring, First-Class Tech	1828	1732		
new	6a1507d94240073bb00d3072	0	Fake Bankruptcy, Furious Heiress	2277	1733		
new	69250e4843e34efeda07ac5d	0	Tell Me Your Secret, My Bride	1734			
new	6a2fae7cd7b153e4c4094a08	0	The Dragon Chose Me	2076	1735		
new	6a163f1346f65441d1006b3f	0	The Chronicle of the Sickly Knight	1834	1739		
new	6a055f69615b2700aa083570	0	The Tycoon’s Contract Bride	1741	2125		
new	6a2e09e8be1ac1ee080c34da	0	She Is Where the Stars End	2495	1742		
new	69eec35f4bc5cb71330647f1	0	Got Dumped. Got LadyAid.	1742			
new	69b59441d6e7b185da0cdc79	0	From Stranger to Favorite	1743			
new	69a551eb9d036d03440e10df	1	From Pushover to Underworld Big Shot	1744			
new	6953403c4fa672d60903468b	0	Oops, I Snagged That Fox's Heart	1745			
new	668c107f995696bad803dc3e	0	CEO: My Flash Marriage Husband	1746			
new	6a2b7473a9c3d9ed110eef59	0	Superboy vs. Alien	2274	1748		
new	671c793915c739b2b90a4c06	0	The Heiress's Regret: Spoiled by Her Three Brothers	1750			
new	6a2a2fcc333de051d600928c	0	The Hidden Master		1751		
new	6a2f96b73b31512fab0f5e9e	1	The Hidden Master		1752		
new	698db9299df43613e209a900	0	Love You Until I Forget You	1752			
new	6a2a850ab9caa598450a9b94	0	Cursed Island: Survive Me		1754		
new	6a2f96f02a43b076a80644bf	1	Cursed Island: Survive Me		1755		
new	6a2f5c2922e974982f018fae	0	Love My Wives, Grow Strong		1756		
new	6a2f6070ff7aa21f57059f49	1	Love My Wives, Grow Strong		1757		
new	6a2ff113892ba8194d06c922	0	The Freezer's Tiny Kingdom		1758		
new	6a33e28fa2cddb639103def9	0	Swapping Fated Mates: The Twin Vixens	1767	1759		
new	6a33d5ecb6915c65880ba8a9	0	The Mongrel husband I Bought for Five Grand		1760		
new	6a2f6daa2a43b076a80644a7	0	Supreme		1762		
new	6a2ff06deb903aaa1103278b	0	The Chic Mom Returns		1764		
new	698bef948a4eb4de720d8482	1	Ex-Convict Janitor and His Heiress	1764			
new	6a2ff06ceb903aaa11032788	0	Destined to Meet You		1765		
new	6a2ff114892ba8194d06c925	0	A Deal for a Mysterious Funeral		1766		
new	695e0787a466a47b7a007048	0	Hacked by Fate	1766			
new	6a2ff112892ba8194d06c91f	0	Fighting Legend		1767		
new	6a2ff117892ba8194d06c92b	0	My Daughter's Boyfriend Beat Me Up		1768		
new	6a262744f2cd610c090c3e03	1	Rejected & Rebel, Tycoon Rise	1768	1924		
new	6a2ff119892ba8194d06c931	0	The Modern Noble's Leap		1769		
new	6a1d307c8ff8f62e3a07f133	0	The Predator's Vow: Rebirth of the Stolen Bride	1769	2020		
new	6a2feec39103b8fc0703fd80	0	Love Runs Deep		1770		
new	69b8ce50ac083377bb0e6d6f	1	Cheat on Me? Then Go Bankrupt	1770			
new	6a2feec29103b8fc0703fd7d	0	Switched a Nobody Stunned Everyone		1771		
new	696a07faf57823b522077bad	0	The Lawyer in a Fool's Body	1771			
new	6a2feec69103b8fc0703fd86	0	She Was Never Dirty		1772		
new	6965a61b4b419d42b80e1dbe	0	Husband and Kids Chose Her Over Me	1772			
new	6a2feec99103b8fc0703fd8f	0	都市全能奶爸		1773		
new	6a2feec79103b8fc0703fd89	0	Reborn to Fight Back: No Longer a Scapegoat		1774		
new	6a2ff066eb903aaa11032779	0	After Reading My Mind		1775		
new	6a2a74a9659e9af1510792d4	0	Too Late, Your Majesty		1776		
new	6a31351edd8a999e1e0f891c	0	The Sylvan Crest Swap		1777		
new	6a2fd4741cc63326d802e810	0	The Billion-Dollar Backstab		1778		
new	66efa62efa6130d3ee0f0131	0	The Supreme Warden Rescues His Young Bride	1778			
new	6a2b68520820d6182702890f	0	Mad Dragon Francis Quarles		1779		
new	6a2a1c73a037b49e6f07cabc	0	From Prey to King		1780		
new	6a2904b06fd17295610cef65	0	Serpents Back for Blood: Justice with Fangs		1782		
new	6a169c47a4201634110feacf	0	Sheriff Johnson VS The Hive Mind	1782	1966		
new	6a1507d84240073bb00d306f	0	Don't Beg When I'm Gone		1783		
new	6a13b98fdc6489c2a50eca54	0	Too Late for Dad		1784		
new	6a13b98edc6489c2a50eca51	0	The Last Fight		1785		
new	69f01be903d257056a0c1c4d	0	Hive Master: The Disowned SSS-Rank	1785	2082		
new	6a13b98ddc6489c2a50eca4e	0	A Taste of Destiny		1786		
new	687617873f35dfd25d0bc595	0	Stray to Sovereign: The Power Play of Love	1786			
new	6a13b98cdc6489c2a50eca4b	0	5-Year-Old Cultivator: Not Weak		1787		
new	6a13b98bdc6489c2a50eca48	0	Dear Son, I'm the Chief Engineer		1788		
new	68e9c1180eae149b9d045cd7	0	In This Life, I'm Trying To Save The Boss	1788			
new	6a13b98adc6489c2a50eca45	0	Redline: Cross It and You Die		1789		
new	6a13b989dc6489c2a50eca42	0	Fist of Vengeance		1790		
new	6a1926ab8c3d7a356e06ae42	0	Daddy! Please Save Mommy	1790	1856		
new	66da5b2863f055aeb90e1bf9	0	Never Enjoyed Divorce Like This	1792			
new	6a2f6da02a43b076a806448c	0	His Immortal Majesty	2193	1795		
new	6a2ff065eb903aaa11032776	0	Divine Reckoning		1798		
new	6a2ff069eb903aaa11032782	0	Say Goodbye to My Cheating Wife		1799		
new	6a2ff06beb903aaa11032785	0	Betrayed by My Wife, Nowhere to Belong		1800		
new	6a2ff06eeb903aaa1103278e	0	Kill Me I'll Take the Throne		1801		
new	6a2feebf9103b8fc0703fd74	0	I Am Invincible, So What		1802		
new	6a2feebe9103b8fc0703fd71	0	Time-Traveling Crown Prince		1803		
new	6a2feec19103b8fc0703fd7a	0	No Way Home for the Bride		1804		
new	6a2feec09103b8fc0703fd77	0	Reborn at Eight, Changing Dad's Fate		1805		
new	6a2ff05deb903aaa11032761	0	Blind Prodigy Saved His Family		1806		
new	6a2ff05feb903aaa11032767	0	Trapped in the Same Day for 1000 Years		1807		
new	6a2ff05eeb903aaa11032764	0	Fat Cinderella's Reboot		1808		
new	6a2ff060eb903aaa1103276a	0	Vicious Dog		1809		
new	6a2ff063eb903aaa11032770	0	Peerless in the Mundane		1810		
new	6a2ff062eb903aaa1103276d	0	I Lured the Undercover to Help Me Get Revenge		1811		
new	6a2ff064eb903aaa11032773	0	Sovereign's Dominance		1812		
new	6a2bc4bf38f941103c0339d5	0	Not Settling in This Marriage		1813		
new	6a13b987dc6489c2a50eca3c	0	Return of the Lost Tycoon		1815		
new	6a2ff115892ba8194d06c928	0	Marriage Masquerade		1818		
new	6a2ff111892ba8194d06c91c	0	The Scapegoat's Revenge		1819		
new	6a2ff118892ba8194d06c92e	0	Don't Worry, I'm More Than a Driver	2630	1820		
new	6a2ff11b892ba8194d06c937	0	This Girl Is a Martial Master		1821		
new	6a2ff11a892ba8194d06c934	0	The Return of Brothel Heiress		1822		
new	6a2ff28f832bcd870e0c0529	0	Every Wish Has a Price		1823		
new	6a2ff28d832bcd870e0c0523	0	Reborn Lady Rules the House		1824		
new	6a30e1d6396ceee7940b8a27	0	She Framed Me, I Went Live		1825		
new	6a28d6edef14d55a980b1362	0	Daughter of a Goddess	2373	1827		
new	6a28dfcb7472c507dc034b83	0	He Who Fuses Fate and Cheats It	2387	1829		
new	6a28dfcc51d4b557d30e4526	0	"The Landlady and Her ""Broke"" Husband"		1830		
new	6a21511a8cd174f279027358	0	Betrayed by the Champ, Loved by the Billionaire	1830	1915		
new	6a2a1647dde6a1849a00717d	0	Sea of Lust		1831		
new	6a2110356b23d0adf20042a3	0	This Time, I Won't Marry You	1831	1904		
no_rs_link	6a2bc4c1d1f7708c3d01684d	0	Mafia Housewife	2631	1832		mafia-housewife
new	6a1e9701607f35eda0069352	0	Blood & Betrothal	1832	1999		
new	6a13b8fb58196120b8005bd9	0	Too Late for Regrets		1833		
new	6a1bf0f1519ef7c97204d28d	0	Mom & Dad: I Became the Savage Wolf You Craved	1833	1973		
new	6a13b987dc6489c2a50eca39	0	Crazy For Her	1835	1834		
new	6a27894a5bb47f0db201979c	0	One Night with the Governor	2339	1835		
new	6a2a4fc0b59b00607908c014	0	You Call This a Health Cultivation		1836		
new	6a0ea5d52f85c7e7df053cb5	0	The Outcast and Her Beasts	1836	2114		
new	6a2f6d9f2a43b076a8064489	0	My Dead Ex Came Back Rich		1837		
new	6a0d5435c2308bcd5308bc75	0	From Courier to CEO	1837	2095		
new	6a2f6da12a43b076a806448f	0	Warlord’s Modern Bride		1838		
new	6a0d4eda8f2cd3e9b701330c	0	Owned by the Bad Boy Athlete	1838	2057		
new	6a2f6da22a43b076a8064492	0	Time-Traveled Emperor No More a Puppet		1839		
new	6a0c0729fe37e8fa3d06afd6	0	Invincible Down The Hill	1839	2110		
new	6a27780743cecd32bd0164d5	0	The Agent's Comeback Play		1841		
new	6a0a8d85612852026906cd93	0	The Slap Queen No One Hurts My Baby Girl	1841	2096		
new	6a2a74a77b167a54c1005684	0	From Ugly Duckling to CEO's Heart		1842		
new	6a0a82f9f51ead12c80b16d4	0	Shared Senses, Sweet Love	1842	2111		
new	6a0d1e92cbe683eabe04f157	0	Divine Sight, Supreme Love		1843		
new	6a0945fa01947ebc8f0814ac	0	Never Cross a Supreme Sorcerer	1843	2037		
new	6a0d1e93cbe683eabe04f15a	0	The Fox CEO's Sweet Trap	2109	1844		
new	6a0808da27a430a82600d1a7	0	Wrath of the Forsaken	1844	2175		
new	6a06bab56594b8844c073ba0	0	Rejected & Rebel, Tycoon Rise	1845	1996		
no_rs_link	6a055f67615b2700aa08356c	0	My Forced Alpha Mate	1846	2124		my-forced-alpha-mate
new	6a2a94a159c31948940c24e8	1	Go Bold, Dr. Baena!		1846		
new	6a053e9366069cbaea07e5b9	0	Bloodbound Vengeance	1847	2091		
no_rs_link	6a053471d3842e374d03a09c	0	The Mafia's Sweet Cure	1848	2159		the-mafia-s-sweet-cure
new	6a26767d1ffb69b9670076fd	0	A Penny for His Revenge	2235	1849		
new	6a049b0a591e9a9561059800	0	My Homeless Merman Husband Rules the Ocean	1849	2097		
new	6a019f1e30eabd647906e6ad	0	Addicted to My Fiancé's Uncle	1850	2112		
new	6a0165d3d296326d110c1224	1	The Rebel and the Scholar	1851			
new	69fd7b4738f9bd5d450845a6	0	The Mystic Healer Who Rules the Realm	1852	2190		
new	69fc66ba27c436701c0aa300	0	True Heiress: Trading Up My Family	1853	2189		
new	69fb39df898b05ee150222cd	0	Rise of the Hidden Heiress	1854	2220		
new	69f17922df5a7f8d9c01d745	0	Pregnant and Hidden：The Billionaire's Runaway Maid	1855			
new	69f17921df5a7f8d9c01d743	0	Blood and Betrayal	1856			
new	6a2a4f2e18aec6c3cd02f4b1	0	Divorce Trial, Exposing Her Betrayal		1857		
new	69f033572f640f82b604a29f	0	The Wolf Assassin: Pregnant and Dangerous (updating)	1857			
new	6a2a4f2e18aec6c3cd02f4ae	0	Veiled Immortal Bonds		1858		
new	69ee13d31ad3f9b22e0acdea	0	The Vanished Racing Legend	1858			
new	6a2a4f3118aec6c3cd02f4ba	0	Forced to Marry the CEO I Saved		1859		
new	69e87b17b19a7b26c708ce4e	0	Seduce My Sister's Man to Revenge	1859			
new	6a2a4f3018aec6c3cd02f4b7	0	Mom, I Owe You A Fortune		1860		
new	69e878fa43dc646e7a01e878	0	Blades Out, Sheathed in Love	1860			
new	6a2a4f2f18aec6c3cd02f4b4	0	Stolen Legacy		1861		
new	69e776efbf1743903a01e938	0	Reborn, Not Yours	1861			
new	6a2a4fbab59b00607908c002	0	After a Wild Night, Pretty CEO and Child at My Door		1862		
new	69e5f3a5a332f649ee088e77	0	The Reborn Beast Tamer	1862			
new	6a2a4fbab59b00607908bfff	0	Reborn to Revenge My Evil Foster Daughter		1863		
new	69e203c59c99c9b9df07a870	0	Scorched Vows	1863			
reupload	69ddf017addd81724f0d6d8c	1	Raise Kids in the Apocalypse	1864			raise-kids-in-the-apocalypse
new	6a2a4fbdb59b00607908c00b	0	Slay, Madam		1864		
new	6a2a4fbcb59b00607908c008	0	Don't Mess With the Real Heiress		1865		
new	6a2a4fbbb59b00607908c005	0	Modern Emperor Who Speaks English		1866		
new	69dc952ecbcd7ecc090955a7	0	The Blackmail Ladder	1866			
new	6a2a4fc0b59b00607908c017	0	Supreme Master Asks You to Believe in Science		1867		
new	69dc52fecab4dc26f50e9cbb	1	The Dancer He Destroyed	1867			
new	6a2a4fbfb59b00607908c011	0	Farewell to Old Love		1868		
new	69d76a820761d623c2037177	0	Through the Fire and the Night	1868			
new	6a2a4fbeb59b00607908c00e	0	Your Majesty, I Am Loyal to You		1869		
new	69d466cc4079cd50aa0bce4b	0	Nepo Zombie: My Relatives Run Every Dungeon	1869			
new	6a2a4fc1b59b00607908c01a	0	Married in a Flash to the Healing Fairy		1870		
new	69c8559f2d897126bc0109ab	0	His Pawn, His Obsession	1870			
new	6a278aa87089e23c8a0a43e7	0	Please don't die, Alpha! I Can Heal You Every Night		1871		
new	69c61ad703e82c80ed093e27	0	Love, Like the First Snow	1871			
new	6a2787eb9a16b83b9c05c63a	0	The Heiress Prevented from Returning Home		1872		
new	69c4ee622562c633460f52bb	0	Banish Me? Bury Your Empire	1872			
reupload	69c4d90d61b02a8bd50032ae	0	Find Your Way Back to Me, My Childhood Sweetheart	1873			find-your-way-back-to-me-my-childhood-sweetheart
new	6a2787ea9a16b83b9c05c637	0	My Husband Is An American Hero		1873		
new	6a27885ade8a045b2d04d46d	0	The Christmas Twin Miracle		1874		
new	69c33ee75acc2c188e0848ab	0	The Dancer He Destroyed	1874			
no_rs_link	6a27885dde8a045b2d04d476	0	First Daughter:Forbidden Duty		1875		first-daughter-forbidden-duty
new	69c110940dba61bc200e9073	0	Awakened: Miracle Forging Blacksmith	1875			
new	6a27885cde8a045b2d04d473	0	It's A Wonderful Hire		1876		
new	69bbaf697e9c6841b105cf62	0	He Stood Behind My Dreams	1876			
new	6a2788d5d20a3d2dec04ae68	0	Marrying My Ex's Boss		1877		
new	69b3d43ee801eb238b0e79f4	0	Reunion in the Vanity Fair	1877			
new	6a2788d4d20a3d2dec04ae65	0	Alpha's Tender Torture		1878		
new	69b2658f4ebb401a900b4c46	0	Fate Beneath Your Tender Torture	1878			
no_rs_link	6a2789330be4f6029e0b5588	0	Second Chance, Double Trouble		1879		second-chance-double-trouble
new	69a8f5b84b381897bf0917cd	0	My Rented Girlfriend Rules Me	1879			
new	69a690c3de39c1df7307f5d9	0	Don't Mess with That Beggar	1880			
no_rs_link	6a278a4569fc2d01e80892a3	0	Debt of Desire and Love with a Billionaire		1881		debt-of-desire-and-love-with-a-billionaire
no_rs_link	6a278a4669fc2d01e80892a9	0	The Scent That Made Him Mine		1883		the-scent-that-made-him-mine
new	6a278aa97089e23c8a0a43ea	0	From XL to Extra Love		1884		
new	69f033582f640f82b604a2a1	0	Immortal Warrior Reckoning (updating)	1884	2193		
new	69b3d5588689f79109011489	1	Undercover Protector	1885			
new	6a0d1c6a164885350509d9c0	0	Betrayed Blood, Tycoon Returns	2209	1886		
new	6a215118c5e2d8b5b205ea8a	0	Too Late to Beg_The Fat Heiress’s Revenge		1887		
new	69f17920df5a7f8d9c01d741	0	My Dear Doctor, Please Be Gentle with Me	1888			
new	69c33ffbe91c4aa4220f15d0	0	The Obsession of a Billionaire	1889			
reupload	69afd4b5e7149314cd020939	0	My Fiancé, My Bodyguard	1891			my-fiance-my-bodyguard
new	6a28cdb3d44e5fccc20030d2	0	She Hears the Dead		1892		
new	69894faca3cb97defe0f21ac	0	Paper Marriage, Real Pregnancy	1892			
new	698066ead18d5eba78052618	0	The Fallen Monarch's Rise	1893			
new	6a1fe6e78fd83b6276043b69	0	Captive In Mafia King’s Embrace	1916	1894		
new	696f5885ec301804d9068d41	0	Scarlet Revenge: The Emperor's Love	1894			
new	6a1fe6de031fbcebc407e821	0	My Master My Slave	2168	1895		
new	6969a9bc23851a301804aa16	0	Battlefield to Boudoir: She Rules Them All	1895			
new	6a0d1e91cbe683eabe04f154	0	Bound by Deception		1896		
new	6a0d1e91cbe683eabe04f151	0	They Thought He Was a Eunuch		1897		
reupload	66723d22112b6e37520e6ccf	0	The Return of My Drama Queen	1898			the-return-of-my-drama-queen
new	6a0d1c69164885350509d9bd	0	The X-Ray Maverick		1898		
new	6a0d1c69164885350509d9ba	0	Her Kidney, His Regret		1900		
new	6a0a7e3bf6a248cf8a0d7bd5	1	The Unwanted Goofy Son-in-Law	1900	2108		
new	69fc3afbfdb63161f2087c2e	1	Got Dumped. Got LadyAid.	1901			
new	69e6f100894961dfd404ef3d	0	His Longest Secret	1902			
no_rs_link	69d466c94079cd50aa0bce47	0	Caught in the Devil's Love Trap	1903			caught-in-the-devil-s-love-trap
new	693bfcc140445cf26a085be5	0	Family Is His Only Weakness	1904			
new	699c01cdca499949fd019b54	1	REBORN 2008: X-RAY VISION	1908			
new	6a140f77dc6489c2a50eca77	0	The Royal Scandal	1909	2058		
reupload	69fab2df0fd3bf50d305f3ee	0	The Immortal's Return	1910			the-immortal-s-return
new	6a2788d2d20a3d2dec04ae5c	0	Hit the Jackpot! My Broke Chef Husband Is a Billionaire?!		1910		
new	6a2787e89a16b83b9c05c631	0	My Father's Billionaire Boss Treasured Me as His Bride		1911		
new	6a2789310be4f6029e0b5582	0	Love after Layoffs	2234	1912		
new	6a2789310be4f6029e0b557f	0	Memory Reset: Mr. Restraint Begged for Love		1913		
new	6a0d4ed88f2cd3e9b7013306	0	SAPPHIRE IN THE WASTELAND	1917	2044		
new	6a0d1c68164885350509d9b7	0	The True Heiress Strikes Back		1918		
new	69fda62df596069ae30b9697	0	Brother, Your Buddy Seduced Me	1918	2199		
no_rs_link	69f1791fdf5a7f8d9c01d73f	0	Goodbye, My Ex-Lover	1919			goodbye-my-ex-lover
new	6a0d1c67164885350509d9b4	0	A Mother's Dark Vow		1919		
new	6a163f4a5b5895ea0a0bd65e	0	I Let Her Raise the Wrong Son		1920		
new	69d4b0056214d7821c0b4917	0	Do Not Disturb: Chasing My Wife	1920			
new	69a63f1f8856f1419c08fbd2	1	The Father's Sin	1921			
new	6a151b9cf307b00bef0775d9	0	The Ash Room for Bad Neighbors		1922		
new	69a537ae99516a45f1070d51	0	Diagnosis: Betrayal	1922			
new	6a27864deea50f16ea01c551	0	The Virgin's Christmas Wish	2194	1923		
new	69a25e490d82ad7760075189	0	Love Betrayed	1923			
new	69a1129dbf6e4ea9bf0d47a4	0	Fallen for the Beast	1924			
new	6a27877f30454ed055071e5f	0	Sleeping with My Ex Husband's Son		1925		
new	699ecd72373a8d27ff06378d	1	My Cinderella, Love You Forever	1925			
new	6a27877e30454ed055071e5c	0	My call boy, my loyal CEO！		1926		
new	699d888f56c50b74ee0ff75a	1	The Reaper's Contract	1926			
new	6a27877e30454ed055071e59	0	Widow to Queen: The Alpha's Resurrection		1927		
new	6993efc72bdad52b8f0927b0	0	The Heart That Lost Its Way	1927			
new	6a2787e79a16b83b9c05c62b	0	Mafia Diva: Reborn From The Flames	2107	1928		
new	6991360de9a7e6fa700a8514	0	The Forgotten Husband	1928			
new	6a27878130454ed055071e65	0	QB! Look what you made me do!		1929		
new	698f12ef5f24de2432026e77	0	Taming the Monster, One Last Time	1929			
new	698db8abe1826abd260e3b54	0	From Fake Marriage to Forever	1930			
new	698da2dcadd4b743a80e2b5f	1	Reborn Queen in the Modern World	1931			
new	6a2787e99a16b83b9c05c634	0	Reborn to Find I Am the Mogul's Lost Love		1932		
new	698c6ce5c0f7679f8807f8cd	0	The Devil in Disguise	1932			
new	698b070947fa4ef43f04a872	0	From General's Scorned Wife to His Final Judgment	1933			
new	6a2788d3d20a3d2dec04ae62	0	From Trash To Cash: How I Found A Billionaire		1934		
new	698af62315bf0d110a06acbe	1	Any Global Tycoon Is My Disciple	1934			
new	6a28c4142268eeaa5f04bb30	0	My Forced Alpha Mate:Our Blood Calls	2358	1935		
new	698af4a70cf40cc901023963	0	Fated to Love the Dragon Again	1935			
new	6a0d1c66164885350509d9b1	0	Loving You in the Wrong Name		1936		
new	698ac6b65204afad3507202d	0	My Sister Is the Phoenix	1936			
new	6a0d1c65164885350509d9ae	0	The Unexpected Divine Doctor		1937		
new	6985aa19b22a3493e806a571	0	My Husband, My Killer	1937			
new	698547cf937ed69992046f6d	0	My Mother-in-Law Wants My House	1938			
new	69840ae27d5c7e868c0e7ae2	0	Appraiser's Ascension	1939			
new	6982bd2d44e728684406f6d3	0	My Nephew, The Crown Prince	1940			
new	6a1e3c84d2fcba9d3b040d30	0	Reborn at the Final Play: You Lost Me for Good		1941		
new	6981f577c7e068509c080d12	0	You're in for a Wake-Up Call, Betrayers!	1941			
new	6981f51641d57dcdff04d8f4	0	The Wrath of the Queen of Hell	1942			
new	6a213795bd3ca56009026816	0	Oops! I Carried the Cursed Billionaire's Quadruplets	2359	1943		
new	6981b964881261d0b50e119b	0	You Messed With the Wrong Sisters	1943			
new	6a2284f1071d1586c901fe4f	0	No More Hidden Love	2275	1944		
new	69807208dfd5be3b22078e6d	0	I Ditched Him for His Rival	1944			
new	6a06bb6451a5d1e3b304e6a7	0	Blood and the Veil: The Maid Returns		1945		
new	698015e513444cd32800d2cb	0	Her Rejection, My Chance	1945			
new	6a06bb6351a5d1e3b304e6a5	0	Reborn as My Kids's Saviour		1946		
new	697c76fc38d0ab25720dd6c1	0	Reborn Queen in the Modern World	1946			
new	697c598e014726f8fc076e70	0	From Probation to Proposal: Triplets with the CEO	1947			
new	697b1c0a08ac71f4440d45c3	0	The Princess Who Walked Away	1948			
new	697acf188e0538b68909d923	0	My Kidney for Your First Love?!	1949			
new	6979a0f449f2f3910804c59f	0	More Than Just His Sister	1950			
reupload	6977374154169a71e104df3e	0	Her Turn to Fall	1951			her-turn-to-fall
new	69747f968c01e3bb6e058fab	0	Seven Years as Your Stand-In	1952			
new	6a223507739d7370d50d34a4	0	Martial Gallop Life		1953		
new	696dfbc0d79331a6e70d8425	1	Love, Lost and Found	1953			
new	6a2235143521ca9b12073f5d	0	Eternal Night		1954		
new	696de7e99c5fff9ff00b2a6e	0	Married to a Rogue Prince	1954			
new	6a22350deb670c0bcd0466d1	0	My CEO Wife		1955		
new	696a0803f57823b522077bbd	0	From NYC with Warehouse	1955			
new	6a2235162f6a75cf3202a1d2	0	I am the Legendary Physician		1956		
new	696a07f9f57823b522077bab	0	Eyes of Fortune, He Sees Everything	1956			
new	6a20e5a64fca1d79840c2763	1	Reborn Villainess: Healing Hearts, Breaking Walls		1957		
new	696a07f8f57823b522077ba9	0	My Wife and Daughter Got Superpower	1957			
new	6a0fd39f33fef8f3a4021d52	1	The Return of the Wraith King		1958		
new	696a07ebf57823b522077b95	0	Fated Bride: Uncle Became the Lover	1958			
new	6969fa8232c1974a260d2379	0	Pampered by My Ex-husband	1959			
new	696886a296680e20b203d1f7	0	The Boy with Golden Eyes	1960			
new	6a06bb6651a5d1e3b304e6ad	0	Strangers by Fate		1961		
new	69686b97f06795856c02c968	0	The Serpent Lord Wraps Her Close	1961			
new	696701e9670f8577df040c8f	0	I Sent My Son's Fiancée to Jail	1962			
new	69cc8098e1ea79a0310e8307	0	He's the Rulebreaker		1963		
new	69662532f776f773200f40a4	0	Poison in the Honey	1963			
new	69cc809fe1ea79a0310e8313	0	Lucky Trap		1964		
new	6965c0f6b9f49d05e20f9fe9	0	A Recipe for Revenge	1964			
new	69cc809de1ea79a0310e830f	0	Throne of Lies		1965		
new	6965acbc7413b7d7040ff2aa	0	Before I Was Born, I Planned Revenge	1965			
new	69646638f794cfea3008e4ce	0	I Loved Her, I Lost Her	1966			
new	695fa01ec5979870f8091d2e	0	Too Late, Mr. CEO	1967			
new	6a263b28706a5510d90428b2	0	The Rose of Heracles		1968		
new	695f92e88a4689f33701658b	0	His Only Exception	1968			
new	6a263b2a930aa5480d0868c6	0	Doomsday Fireworks Show		1969		
new	695dc72f954024e5a20641da	0	Assassin Heiress	1969			
new	6a20e4f3b40f62b20505492c	1	Badass Driver, Hidden Blade		1970		
new	695dbb6cd9291758900ddddf	0	Holy Crap?! My Sperm Donor is a Billionaire	1970			
new	6a200ebaac894fcba907def6	0	Badass Driver, Hidden Blade		1971		
new	695c6c7a6ddf5678ec06027e	0	A Mother’s Trial	1971			
new	695b36c00ac5fd03aa06a06d	1	Love Wasn't the Plan	1972			
new	695a3cf8e3267b6f1b0527e4	0	The Iron Bride of the Marquis House	1973			
new	69561b675ada4908ca07a82e	0	Trapped in the Book, Married to My Enemy	1974			
new	6a16f417f1ff091614024c79	0	Poseidon	2108	1975		
new	6954c51287ef0541870ac226	0	A Marriage for Debt, A Heart to Get	1975			
new	6a13e06f7d91ed33a508608a	0	The Truth Behind Women's Moan		1976		
new	69537e8be0479ae9a50e4bb3	0	Falling for the Thorned Rose	1976			
new	6a13e06f7d91ed33a5086087	0	My Wife's Boy Toy Killed My Dad		1977		
new	6953755633d69229f209ae14	0	Fate Led Me to You	1977			
new	695349e215a2e6782f094634	0	Mistress, You Picked the Wrong Mother	1978			
new	6a14f91954073803ec06a644	0	Married to the Homeless Merman: He is the King of the Ocean		1979		
new	694a5e0212fdc2623f00fbbd	0	The Heiress of Blood	1979			
new	6948e3f9b1c3533af20c104f	0	The Melon Seller Is the King	1980			
new	6947f405bcbab02e330b5133	0	By Your Side, I Fear No More	1981			
no_rs_link	6a1f8dcaba833117b807ace3	0	They Called Me a Traitor, But I Showed Them I'm a God		1982		they-called-me-a-traitor-but-i-showed-them-i-m-a-god
new	6944b6fbcb2b107b860152e3	0	My Husband Betrayed Me, My Life Became Mine	1982			
new	6a2264eeb6cfe0eea30ed672	0	Swap for an AI Sister, Now They Beg Me Back		1983		
new	6943c738d9faf171c30c8283	0	Too Close to Touch	1983			
new	6a06bb6651a5d1e3b304e6ab	0	Betrayal Served Hot		1984		
new	69422153ede97efabc0f97b1	0	Little Guardian? No, That’s My Big Boss!	1984			
new	69412aa70a3cf09446048a4e	0	Love Under the Dotted Line	1985			
new	6a06bab66594b8844c073ba4	0	The Beggar's Duke		1986		
new	6a06bab46594b8844c073b9e	0	Back with Glory, No More Laughs		1987		
new	693bca6dc1119df20b075085	0	Turns Out My Pretty Boy Is a Billionaire	1987			
new	6a06bab56594b8844c073ba2	0	Vow Broken, Debt Paid		1988		
new	692d30b2bf422e0689096291	0	Killer Wife, Spoiled Life	1988			
reupload	692cf23c0c7340328c077938	0	Divorced, Devoted & Dominating	1989			divorced-devoted-dominating
new	6a1fa25941db06f391077a05	0	The IT King's One-Night Stand		1989		
new	6a2234fdba1fb381510c6cf3	0	Frosty CEO, Sizzling Baby Bump Romance		1990		
new	6927acdb367fb321d80b0843	0	I Crowned My Useless Dad	1990			
reupload	69250e767490e12a6c0d3d75	0	My Rise To Power After She Left	1991			my-rise-to-power-after-she-left
new	6a2234fb730e34059102cd08	0	Sky-High Payback See Ya		1991		
new	6a1fd2fb90963f03f70236e9	0	Accidental Cultivation,Unstoppable Revenge		1992		
new	6923e0461dbdb285bf07e30b	0	My Backup Husband is a Tycoon	1992			
new	6a2234ffd01c54d1f4006dff	0	Palace Sovereign Lord		1993		
new	6923d4f2ad8ce2ab45048d5c	0	Reborn Bride: Saving the Crown Prince	1993			
new	6a223505c89c7d786e0cd884	0	My 60-Year-Old Apprentice Dad Is a Hidden Boss		1994		
new	691fa31bd329c9918303afad	0	I Became My Ex's Stepmom	1994			
new	6a06bab76594b8844c073ba6	0	When Life Gives You Bitterness		1995		
new	691ecb1b08c36d04eb04d6dd	0	How to Tame a Royal Heart	1995			
new	691e722c2b9ef41a0f0ed3d8	0	Through Every Life to Find You	1996			
new	6916da8f686e13455b00b9d3	0	Pregnant By The Luxury Empire Heir	1997			
new	6a1ea844852965597f00555c	1	Blood & Betrothal	2497	2000		
new	690af3407658ff7b8c047b34	0	Mr. Moore, My Heart Won't Be Tamed	2000			
no_rs_link	69030baf202c3c870a038417	0	Falling For My Ex's General Dad	2001			falling-for-my-ex-s-general-dad
new	6a1d4f1da4496cd23e0b1374	0	The Backup Bride's Revenge		2001		
new	6a1d5d2db3b37119e207b71d	0	He Faked Illness To Betray Me		2002		
new	68f2109c7aac16813a0da66a	0	From Ashes, We Rise	2002			
new	68ee0adc1b51ce151e059b88	0	My Ex-Wife The Mafia Princess	2003			
new	6a108362514ddee36a0b90a9	0	Inheritance War: One True Heiress	2501	2004		
new	68e61104990930e7130cc8b2	0	Guarding Her Body, Claiming Her Heart	2004			
new	68d3a9277044a4b81a07156f	0	The Beggar Prince & His Runaway Bride	2005			
new	6a0531bf0131488d3c02ae9e	0	Real or Fake? I Decide		2006		
new	68cb74cea28d4830210d625b	0	Daddy, We're Getting You a Wife	2006			
new	6a13c64994826c1ddf0822ab	1	Real or Fake? I Decide		2007		
new	68a5379e805840f73f0bcdc7	0	Crimson Heiress	2009			
new	6a0d5432c2308bcd5308bc6c	0	The Princess, the Abyss, and the Beasts Who Love Her		2010		
new	689f060dcd43d9de170d584d	0	Darling, Please Love Me Again	2010			
new	6a0d5436c2308bcd5308bc78	0	‌Laugh Now, Kneel Later		2011		
new	689f060ccd43d9de170d5845	0	From Ex-Con to Cultivator	2011			
new	6a1d3073ec7b60ff380b3017	0	Tarpped in the Summer Heat	2169	2012		
new	6a0531c10131488d3c02aea4	0	Shattered & Reborn, Your Turn to Fall	2137	2013		
new	6a0531c10131488d3c02aea2	0	Deal & Love		2014		
new	6876158635a74811ea0626c7	0	The 400-Pound Diva's System Upgrade	2014			
new	6a1cf55ef907f1473f014a8c	0	Beyond Your Reach		2015		
reupload	6837bee881fd1e100600de9e	0	I Am Bloody Mary	2017			i-am-bloody-mary
new	6a1cf563afffd0728e0e7c9a	0	Betrayal and Rebirth	2498	2017		
new	6a0d8bb923aed843150891c0	0	Dragon King's Unlikely Cousin	2195	2018		
new	6a0d8c6e8a7b6f6c550c62f2	1	Dragon King's Unlikely Cousin		2019		
new	682163a86f918fc0e9021711	0	Love Dies That Night	2019			
new	6821637fc3f8d3175d0cc2ca	0	Daddy, Guess Who's Your Kid?	2020			
new	6a1cf5597f16a7bcc30bbdaa	0	The Regent’s Secret Wife		2021		
new	68197864df574f74cc0102bc	1	Who's Laughing Now, My Ex?	2021			
new	6a1ce924405f24321a041f83	0	I choose that halfblood prince		2022		
new	6a1cf55a00b7b65a47006766	0	A Princess's Return		2023		
new	6a040f9fc605bc3d130a7c27	0	I'm Done Hearing Your Voice		2024		
new	67ee3485c2035dfe7f0695bf	0	Who's Laughing Now, My Ex?	2024			
new	6a107d9af7107c524f091ef9	0	Veronica's Sinister Spell	2278	2025		
new	67dba0547d6089498b0c6316	0	My Heroine	2026			
new	6a0531c00131488d3c02aea0	0	My Ex Is My Boss		2027		
new	6a0531be0131488d3c02ae9c	0	The Soldier's Divine Legacy		2028		
new	6a05405d58a1ffb47e005dfe	0	Baby Girl Summoned Her Daddy to Rule All		2030		
new	6a040f9fc605bc3d130a7c25	0	Careful, He's Got X-Ray Eyes!		2031		
new	67682c5cf5ecbf6c2d059797	0	CEO Lu's Four Wonders	2031			
new	6a040fa0c605bc3d130a7c29	0	From Rags to Top Scholar		2032		
new	6a1aed04871a0b774c075429	0	Broken by My Twin Alphas	2500	2033		
new	6a094780495774c51907927d	0	My Love from Another Star	2170	2034		
new	674d53dcae3a2e397b01df65	0	3 Months Left, The Heiress Strikes Back	2034			
new	6a1669166a418ed0c6044080	0	You Woke the Wrong Dad		2035		
new	67468b79bd7223538703f9c5	0	My One-Night Lover Is My Contract Husband	2035			
new	67358d9fc4b8dbce76073672	0	On the Verge of Love's Truth	2038			
new	67276cb624f1654bf5000b21	0	I Fell in Love with My Beautiful Maid	2039			
new	6a140f78dc6489c2a50eca7a	0	Crashed into the Beast Realm, Claimed by the Serpent King	2450	2042		
new	671b6852a12e2102cd0d1b0a	0	30-Day Marriage After a One-Night Stand	2042			
new	671b14571966bb00af0eb2b5	0	Leaves Return to Their Roots	2043			
new	670fa4dbcca2a66eaf08afb5	0	Forever by Your Side	2044			
no_rs_link	670cd658fa53b1060f075a98	0	Dear X	2045			dear-x
new	6a13b47821f0101cd60e3ff5	0	This Villain Doesn't Play Fair		2045		
new	6a028e172a7c88e6fa0ae0e9	0	Reborn Villainess: Healing Hearts, Breaking Walls		2046		
new	6705039e637be4a3600a1411	0	Tracing the Path Home	2046			
new	6705038e2c0f3f197a092eeb	0	On the Wedding Day	2047			
new	6a040f9dc605bc3d130a7c21	0	From Wicked Aunt to Famine Savior		2048		
new	6a1025dacca3c2d4f9093542	0	Trap Love	2368	2050		
new	66f00a9976b82f16de069a55	0	Rise of Power: Dad, Your Son Comes Back	2050			
new	6a040f9cc605bc3d130a7c1f	0	That Beggar's Dad Is the Crown Prince!		2051		
new	66dc103b067b302d97034d06	0	From Flash Marriage To Destiny	2052			
new	66dc102ef1233ac30f01d260	0	General, You Got the Wrong Wife	2053			
new	6a040f9bc605bc3d130a7c1d	0	Bow Down, My Great-Aunt Is Back!		2054		
new	66b8ab4ecfbea7cd7c0ce131	0	Sugar Daddy's Sweet Pursuit	2054			
new	668f9ba5b1e72354e10b0d8d	1	CEO Daddy Spoils His Wife Sweetly	2055			
new	668f91077f0efd6dd608824d	1	After Breakup, Spoiled by Three Big Shot Brothers	2056			
new	668c1510e8cf88ce3f0a0243	0	Let Me Stay By Your Side	2058			
new	6683f6a4648a89c9610bdc6f	0	Black Myth: My Master is Wukong	2059			
reupload	6667cb2456bbbdaf710db208	0	Duke With Benefits	2060			duke-with-benefits
new	6a040f9ec605bc3d130a7c23	0	Billionaire's Return		2061		
new	6661779fbac47885660ad037	0	You're My Treasure	2061			
reupload	6655400a3308d39c590da66b	0	The Billionaire's Accidental Bride	2062			the-billionaire-s-accidental-bride
new	6a019f2230eabd647906e6b7	0	Eve of Vengeance: Reborn to Rise		2062		
new	6a019f2030eabd647906e6b3	0	The Sterile Heir and the Beast		2063		
new	664580640e5c769c9d036341	0	My Cyber Beau, My CEO	2064			
new	6a0ffd66dfa35cafac045e39	0	When the Beast King Follows You Home		2065		
new	664580371ba1662014088de4	0	Back to My Ex-Husband with Our Twin Geniuses	2065			
reupload	6630877717b2a938c90a1178	0	Baby, Just Say Yes!	2066			baby-just-say-yes
new	6a13abd7bfaa03cecd0792d1	0	Doomsday Supply Station: All My Staff Are Total Tough Nuts		2067		
new	661356a880b4322e92058923	0	CEO, Madam Has A Secret Child!	2068			
new	6a0d5433c2308bcd5308bc6f	0	The Verdict of Betrayal	2451	2069		
new	6a0d5434c2308bcd5308bc72	0	Don't Make Me Come Out		2070		
new	6600e71eac5dd5ae6305a940	0	Marrying A Billionaire Across Millennia	2070			
new	69ae6bfb4d28916a4b041b52	0	Back from the Dead: Code of Revenge		2071		
new	65f80b68d61ccf41270d6ba7	0	Seduce My Ex's CEO Uncle After Rebirth	2071			
new	6a0bcaffddab579b46043916	1	My Pet Is an S-Rank Nightmare		2073		
new	6a019f2430eabd647906e6bd	0	When the Reckoning Takes the Train		2074		
new	6a13ebf5735c32c050052856	0	To Heal or to Burn		2075		
new	6a0aadd3135363957a079986	0	The Cold Blade		2076		
new	6a0aae29612852026906cd9b	1	The Cold Blade		2077		
new	6a019f4a7af4c87e2302da84	0	Queen of Letting Go	2077	2184		
reupload	69c0a37043b3740cbc09f5f5	0	Carter Reed	2079	2115		carter-reed
new	69baa770d67c6a60e408cb3c	0	Married a Delivery Guy	2080			
reupload	6a0bcafdddab579b46043912	1	The Shrinkocalypse		2081		the-shrinkocalypse
new	69b7bfbd564c1f60c00f981e	0	Betrayed Zora Rules All	2081			
new	69b228d5783e458ec606bd4f	1	Spoiling Me, Spoiling You - The Rich Wife's Sweet Game	2082			
new	6a0bc7d203581e265c095499	0	Time Portal: Meds to an Ancient General		2083		
new	69b0d80be70989c2ad0ada61	0	The Devil's Power Couple	2083			
new	6965c0a7758134dd0c00abde	0	Oops, You Fired the Wrong Woman	2084			
new	6a019f2330eabd647906e6b9	0	My Wife Ran Away Again		2085		
new	6923d351ecf66c42f009faf1	0	No More Mr. Nice Guy	2085			
new	6a019f1d30eabd647906e6ab	0	Top Scholar's Reckoning		2086		
new	6a019f2130eabd647906e6b5	0	My Secret Billionaire Husband	2503	2087		
new	6901ed28777b640c0f04a88b	0	Her Turn to Burn	2087			
new	6a0fb34c37d61055380bde78	0	Mama's Girl, Killer Mode	2340	2088		
new	6a09d4fcaa03b0107d0eb696	0	The Princess's Cash Multiplier: To Spoil Her Men (updating)		2089		
reupload	673e8566e09d01c0940be29b	0	The Lady Boss CEO is My Daughter	2091			the-lady-boss-ceo-is-my-daughter
new	66c219648fcb50ccdc0c48b4	0	My Long-Lost Son Turns Out to Be a CEO	2092			
new	6a09430c495774c51907927b	0	The Neighbor They Should've Left Alone	2633	2093		
new	65c53d5d7ec6cac7b40e8418	0	CEO's Flash-Marriage Frenzy	2093			
no_rs_link	69df0c8147d7e3f42e0bc21f	0	Awakened by a Kiss: The Pharaoh is My Roommate	2094			awakened-by-a-kiss-the-pharaoh-is-my-roommate
new	696ee9bbab0b1f0ce302625f	0	I Was His Secret. Now I’m His Regret.	2095			
new	693fddd51b8d1b4448012ae0	0	Love Found Her After the Divorce	2097			
new	65f7fbe8e36c9b856f0606a4	0	My Flash Marriage Husband Is A CEO	2098			
new	69d4a8ace6759de8e00da63d	1	Banish Me? Bury Your Empire	2099			
new	6a0bf84c77d3cf19ca010891	0	Wavebreaker		2100		
new	69a8ed77a8396ce06b022a97	0	Twenty: Love Shuffle	2100			
new	6a0fb5ef26ae0e5ad40869d4	0	Love Breaks the Ice		2101		
new	69895000716ec729d80ed97b	0	Heal Me, Annie	2101			
new	6a019f2430eabd647906e6bb	0	From Mocked to Millions		2102		
new	697b66eaa1583d0ddf0a327a	0	Second Chance: A Prince's Obsession	2102			
new	6a019e7f82816f7b63008447	0	The Lucky Koi Girl		2103		
new	693583add38ecf3be605c5f3	0	The Night He Claimed Me	2103			
new	6a0d6210aa4cf16c9f0e0c66	0	Falling Objects, Fallen Mistress		2104		
new	6a05db5411d6e19d88047589	0	The Househusband's Hustle		2105		
new	6a0c410f9545ca14d2014eb8	1	Reborn Heiress: Total Takeover		2106		
new	6a019f2030eabd647906e6b1	0	The Unwanted Goofy Son-in-Law		2107		
new	69fc8a25105a230d0c0da6bd	1	Saving My Villainess Boss	2110			
new	69e776b5e26e2e226c0175bc	0	Nurse by Day, Hero by Night	2111			
new	69cc80abe1ea79a0310e8325	0	Died Coding, Came Back Cheating	2112			
new	6a019f1f30eabd647906e6af	0	Return of the Heir		2113		
new	69c61a9bd71036670508687b	0	My Mechanic Husband Is a CEO	2113			
new	69a924e66c24abd6ca0b8026	1	Dine, Dash & Destroyed	2114			
new	69a7ccd7447f702a6c05c00b	0	The Predator's Prey	2115			
no_rs_link	6a0bc7d303581e265c09549b	0	The Devil Dragon's Substitute Bride	2279	2116		the-devil-dragon-s-substitute-bride
new	6999c2c5813f9ac02b04931d	1	Smile and Endure? Not This Time	2116			
new	6a06bd9523f87aebfc0dca0f	0	Trapped by My Four Exes The Amnesiac Heartbreaker		2117		
new	6991371b5b3b38697f0aa016	0	I Took It All Back	2117			
no_rs_link	6a06bd9723f87aebfc0dca13	0	GUNVERSE: Rulebreak Protocol		2118		gunverse-rulebreak-protocol
new	6932b6ec6101e391c300be66	0	Bound to My Heiress	2119			
new	6a06bd9323f87aebfc0dca0b	0	Frost and Fever Bound to the Monster		2120		
new	6a06bd9423f87aebfc0dca0d	0	The Vigilante Karma System		2121		
new	69804663c2270306c90d5c2d	0	Her Research Report, Your Ultimate Regret	2121			
new	6a06bd9623f87aebfc0dca11	0	The Starlight Seamstress		2122		
new	6a067da8e0c25066c704453e	0	The Lost Heiress	2346	2123		
new	695c6cfa471620237a041359	0	If Love Started Again	2123			
new	69412acd28a2e4d7a60388dd	0	Entangled with My Ex's Brother	2124			
new	6a05db5311d6e19d88047587	0	Captain, Mayday for Love		2126		
new	689f061acd43d9de170d58cd	0	A Mother's Rewind Tomorrow	2126			
new	6a019e7d82816f7b63008443	0	Divorce the Fake, Marry the Throne		2127		
new	675b99a286c49da32a04cb85	0	You Had Me at First Base	2127			
new	663f1e93ebd5a8ff480dcfcf	0	CEO, Your Wife Is Gone	2128			
new	66388b8ad98c77b2a700521b	0	CEO, Madam Has A Secret Child!	2129			
new	69327da7171142da320e8cf7	0	Served Time, Now I'm His Mrs. Right	2130			
new	6a068936bc8399208400d1a2	0	Dish Slap: Revenge Served Hot		2131		
new	68b93572faf38b4972079a2f	0	His Second-Chance Bride	2131			
new	6a0424e5cacb6cc3f60176d5	0	Hidden Billionaire Mom's Elite Kids		2132		
new	695f6ab1d2bfd62c4c0d685f	0	Beauty in the Broken	2132			
new	6a067da6e0c25066c704453a	0	Past love, Present promise		2133		
new	6940bcfd7970cce0950d142b	0	I Don't Need a Husband	2133			
new	6a019e8082816f7b63008449	0	Furious Warlord Mom		2134		
new	6a019e7e82816f7b63008445	0	Ascension of the Exiled		2136		
new	6a019e8282816f7b6300844d	0	Distant Blood Love		2137		
new	6a0bd79d0a3bfd7eb10ef07c	1	Queen of Letting Go		2138		
new	69d4b0d05bc3fe10a10fcbf5	0	General's Wrath: The Fallen Corruption	2138			
new	6a0a82c0d4a965dda20e8af3	1	Rise of the Hidden Heiress	2236	2140		
new	69af7a86ddc2e01e220f41f4	0	Lost Empress: Coronation of Betrayal	2140			
new	69a8f6a41c8123340e036c33	0	Clingy Husband,  Double-faced Wife	2141			
new	69f01be703d257056a0c1c49	0	Oops, I Leveled Up the Apocalypse		2142		
new	6982e22318ed8467370b9284	1	Betray Me? Chaos Follow!	2142			
new	6a0bcafcddab579b46043910	1	Oops, I Leveled Up the Apocalypse		2143		
new	698196cf245cf9558309546e	0	When Cultivation Became Reality	2143			
new	69e1f9b9aa810b97da0e90a2	0	She Has Three Lovers		2144		
new	69784f4366e67d15310ddd34	0	My Boss Is the Lord of the Netherworld	2144			
new	696f1b4c3549fc132b0af4c1	0	No Mercy in Her Second Life	2145			
new	6a028e182a7c88e6fa0ae0ed	0	The Villainess They Died For		2146		
new	696deaacb2d7a4c5400e3865	0	The Exiled Heir Returns	2146			
new	6a0bcafeddab579b46043914	1	The Villainess They Died For		2147		
new	692cfe7398fa80880c024d3e	0	Simmering Love	2147			
new	6a0808d727a430a82600d19f	0	After Their Betrayal, the Ancestor Blood Awakened		2148		
new	69250e3814c234674a07acb1	0	The 100-Day Bride I Married Is A Legend	2148			
new	6a0808d627a430a82600d19d	0	Broken Strings, Unchained Melody		2149		
new	68bfd68d10d9980ecc0be6c5	0	Her Caged Bird	2149			
new	6a0808d527a430a82600d19b	0	No Mercy for the Divine		2150		
new	6a01896f2a7c88e6fa0ae09c	1	Don't Mess with That Beggar S2		2151		
new	6a0188ad9ed9b087a70f47ba	0	Don't Mess with That Beggar S2		2152		
new	6807504c8046d9913c066083	0	His Only Cure	2152			
new	6a02e18ce21ed66d560896b5	0	Waitress Pregnant, CEO Fell in Love	2502	2153		
new	6a06c76b9171ea7a5d0bc052	0	Never Look Back		2154		
new	69840a5f797bc850ea08ed3d	0	Mad Heiress Unleashed	2154			
new	69fda62bf596069ae30b9691	0	The Lost Son Comes Home		2155		
new	6949fbe9394c02d17000fac1	0	Reborn as a Genius Pilot	2155			
new	69fda62df596069ae30b9694	0	The Unwilling Heir to an Immortal		2156		
new	69f04f000912c927250939fc	0	Infertile CEO? She Can Give Him Triplets	2460	2160		
new	68e9c7c81315507ccc0fd9f8	0	In Love with My Ex's Uncle	2160			
new	6a019d79a24318e13e0c5201	0	Reborn Heiress: Total Takeover		2161		
new	69fda631f596069ae30b96a0	0	My Security Guard Dad Dates a Queen!		2162		
new	69fda62ef596069ae30b969a	0	Mr. Secretary, Mrs. Vance		2163		
new	6a0808d827a430a82600d1a1	0	The Underworld King's Immortal Ex-Wife		2165		
new	6a0808d427a430a82600d199	0	Fatal Wedding		2166		
new	69f3043b7c1f4f364f0269e2	0	Beat Me Harder, I Level Up	2280	2168		
new	69f30e50e725ee20ad0c6808	0	The Fox Queen and Her Strong Husbands		2169		
new	69def43669dc6fef82020ee1	0	The Mistress in My Hospital	2171			
new	69fc5c6abba2060ed701e96e	0	The Bride Meant for the Real War God		2172		
new	69ba4a559252021587069470	0	Love Beyond the Canvas	2172			
new	69f30e4fe725ee20ad0c6806	0	SSS: Rise of the Beastmistress		2173		
new	69abb5b264a44194c908cddd	0	Awakening: Football's Last Hope	2173			
new	6a0808d927a430a82600d1a3	0	My Departure Drove The Mafia Godfather Mad	2341	2174		
new	69a538156438e9f57b09a082	0	Where Lies Bloom	2174			
new	695dbb2265bdd5f6190e9580	0	The Bride They Never Expected	2175			
new	6a0808d927a430a82600d1a5	0	Reigning with the Devil		2176		
new	6944c2df99168e41550ee057	0	Empire of Secrets	2176			
new	69fade01ca6e1649ef025596	0	I Got Married without You		2177		
new	6911b9ba3e53ee21aa0892b1	1	The Fallen God & His Mute Muse	2178			
new	69f326eb9904b895410dae27	0	A Mortal Among Immortals		2179		
new	6a0139df1e6c19fabf0750c8	0	My Daughter's Pets Are SSS-Rank Beasts?!		2180		
new	6853e272d5c59f61b601dac9	1	Little Devil, Hands Off!	2180			
new	6a0139a3c71838ac8c0deff7	0	Twin Deception: Mafia's True Bride	2504	2181		
new	670fa4dacca2a66eaf08afad	0	Awakend: Martial God Beggar	2181			
new	69fda62ff596069ae30b969d	0	Supreme War God Strikes Back		2182		
new	65e270a265f33a466b00d895	0	Charmed by Her Whimsy	2182			
new	69fda53c9e256a13e106cd49	0	The Last Demon Slayers		2183		
new	66f50b75aa57cd973b0d27a6	0	Farewell to Deep Love	2184			
new	69fda53e9e256a13e106cd4f	0	Swordbone Reborn		2185		
new	6a01392b10aef811d40edc80	0	The Duke's Daughter Strikes Back		2187		
new	69fd7b4838f9bd5d450845a9	0	Reborn Swap Bride in the 70s	2196	2188		
new	69fda53b9e256a13e106cd46	0	Forgotten Daughter		2192		
new	69fda53d9e256a13e106cd4c	0	The True Queen Returns		2194		
new	6a04232851333f74f30defea	0	Little Maid, I Have a Phoenix		2195		
new	69fadaf3e0888b65da0dc7e2	0	Cold CEO Reads My Silent Mind	2459	2196		
new	69fd554ff117eca2bc0978c2	0	Broke Lady Got Cold CEO's Love		2197		
new	69e73aee85655e3b31079fcb	0	The Alpha's Dead Luna	2197			
new	69f064cbfdd4409f88054464	0	The Old Chef They Fired		2198		
new	69cb049f09f7ccfc8506736c	0	Born at Sea, Born for Revenge	2198			
new	6993eef9a8c818027701f699	0	Two Wives, Two Divorces	2199			
new	69fbee1b5eaaefa5610e5f19	0	70s Reborn: The Villainess Strikes Back		2200		
new	698ac752905a24e1b40a03da	0	He Begged, She Left	2200			
new	69e338750a2a37e91b087507	0	Never Marry a Brother's ATM		2202		
new	681978ca58829aea130cc038	1	A Tangle of Love	2202			
no_rs_link	67298d5db54070c23402d059	0	Making Your Husband Mine	2203			making-your-husband-mine
new	69df53b69eb806ddd80723ed	0	A Mother's Rebirth		2203		
new	69df53b59eb806ddd80723eb	0	Mom's Relocation Payout		2204		
new	66f4218b2e690975300c1205	0	Imposter War God: The Return of the Dragon General	2204			
new	6940cd43ece218dbaa0a4a97	0	The Stand-In's Guide to Romance	2311	2205		
new	6940cd12dcd35657e50b9c7e	0	The Foolish Stand-in Bride Is a Boss		2206		
new	66a7817565a3e65f4205c1cb	0	You Are My Heart's Desire	2206			
new	6940ccd71d63fda01e08894d	0	Fear Not, Mommy: Quade Strikes		2207		
new	6940cd66bd8c310ed3084ed0	0	An Unappeasable Man		2208		
new	6940ccf3405a53133e07bd2f	0	Spoiled by My Scumbag Husband After Illness		2209		
new	6940cc77502bfc52cc045cf6	0	Stand-In Revenge: Cecilia is the actual stand-in		2210		
new	69e2210a4e0b0a84af08df40	1	Dumped, My Step-Sisters Want Me	2210			
new	6940cc043952a12e7d0ca13b	0	My Mother the Shadowguard		2211		
new	69df53969eb806ddd80723b7	0	After Divorce: From Ex-Wife to Leading Lady	2211	2326		
new	69368a23c76a5e4f5802b8a6	0	I Didn’t Know That Was Goodbye		2212		
new	69bbaf8ede031b0b270056e8	0	Reborn to Ruin Them All	2212			
new	693689ef615fb49a6504593c	0	The Hidden Moon	2246	2213		
new	695dbd77d662b15bdc0dfcfd	0	My Bandit Lover is the Emperor	2213			
new	693295be911f18fa0f01a390	0	Cruel Boss, Broken Heart		2214		
new	693689a3b2fefca4f90acb8a	0	A Century of Immortal Love		2215		
new	68b947fd5fce4a480201102e	0	My Script to Sweetness: Healing the Villain's Heart	2215			
new	693295fed031c86dc50919d7	0	The Fraternal Twins		2216		
new	69329368b3c98473ec0e75d2	0	Divorced: Spoiled Rotten by an Adorable Daughter and Three Billionaire Brothers		2217		
new	69faee2cc9d0a782cb0d6121	0	Married My High School Nemesis		2218		
new	686b849e2eca3849f60aa136	1	Fate Reborn: Switched to True Love	2218			
new	69fefeb3b4d30b630703f079	0	Ex-Warrior King & His Heiress		2219		
new	659cdfa5c902fba952054092	0	Flash-Married and Utterly Spoiled	2220			
new	69e8b3d21942c155d907fcb9	0	Daughters of House Vance: Biding Time in the Ashes		2221		
new	69df53ac9eb806ddd80723dd	0	I'm Sorry, My Daughter		2222		
new	69df539f9eb806ddd80723c7	0	This is Mum's lifesaving money		2223		
new	69e339ab7a24716e530946cd	0	The Marriage Defenders		2224		
new	69e339a27a24716e530946b7	0	Exposing the Matriarch and My Husband		2225		
new	69e33b0e276d97ac770bdba4	0	My Ex Rejected Me, He Protected Me		2226		
new	69e3399f7a24716e530946af	0	Dance Queen Stuns the Village		2227		
new	69df539d9eb806ddd80723c3	0	Redemption of a Rebel Heiress		2228		
new	69df53b29eb806ddd80723e7	0	The Wrong Limo, The Right Groom		2229		
new	69e339a47a24716e530946bb	0	My Bloodsucking Family		2230		
new	69e33ceb811cc491f405c7cc	0	Testing the Fake Bride		2231		
new	69e33b05276d97ac770bdb8e	0	Hannah, Ethan Is Bringing You Home		2232		
new	69e33b0a276d97ac770bdb9a	0	A Mother's Boundaries		2233		
new	69e33cf4811cc491f405c7e2	0	Take the Lottery Ticket, I Just Want Grandma!		2234		
new	69df53a09eb806ddd80723c9	0	True Love at Twilight		2235		
new	69df53b39eb806ddd80723e9	0	Mother-in-Law, Give Back My Child		2236		
new	69df53a39eb806ddd80723cd	0	Oliver! She Is My Sister		2237		
new	69faf9b835cf4a063b0a624d	1	Sage in the City: 24-Hour Comeback	2237			
new	69df53a19eb806ddd80723cb	0	Miracle Child: Wealth Bringer		2238		
new	69e33cf2811cc491f405c7dc	0	My Backstabbing Adopted Brother		2239		
new	69faa3a5d0f105e060066c56	0	The Rebel and the Scholar	2239			
new	69df539e9eb806ddd80723c5	0	My Fiancé Has a First Wife		2240		
new	69ecdd83424cd6890404f8f9	0	Alpha's Regret: Blood Moon	2240			
new	69df53a79eb806ddd80723d5	0	Tiny Cupid Brings a Perfect Match		2241		
new	698aa5de6f160bfde506a41d	0	Smile and Endure? Not This Time	2241			
new	69df53a49eb806ddd80723cf	0	A Postpartum Grudge Never Dies		2242		
new	695df77a79838e53230c58b9	0	An Immortal Dad's Wrath	2242			
new	69df53aa9eb806ddd80723d9	0	Sending My Faking Ex to the Incinerator (A Family's Nightmare)		2243		
new	69561b3cab873dcc01013daf	0	After One Night, I Became a Mommy of Four	2243			
new	69e33b08276d97ac770bdb96	0	Sophie the Mushroom Picker		2244		
new	6949f275f5d8d98f16004ce2	0	She Played the Long Game	2244			
new	69e33b13276d97ac770bdbb0	0	A Ten-Year Marriage Scam		2245		
new	6940f9301dc82f52d60cf04c	0	Miss Her After She Left	2245			
new	69e33ce7811cc491f405c7c2	0	Son, I Am Not a Maid		2246		
new	69df53a89eb806ddd80723d7	0	Escaping the In-Laws to Become a Phoenix		2247		
new	69e33b0d276d97ac770bdba0	0	Mom's Second Baby Before My Exam		2248		
new	69e33cf0811cc491f405c7d8	0	My Mother-in-Law Forced Me to Transfer the Deed on My Wedding Day		2249		
new	68e9c1ec6b9e2a04c904a7b7	0	Crypto Jackpot After Life Failure	2249			
new	69e339a67a24716e530946c1	0	Honey, You're the One With Breast Cancer		2250		
new	69e33b07276d97ac770bdb92	0	Biting the Hand That Feeds		2251		
new	689eceb9a7c91fafc008a52b	0	Oops! I Fell for the Cursed Male Lead	2251			
new	69e33b10276d97ac770bdba8	0	Taking Down My Scumbag Ex's Family		2252		
new	69e33b0c276d97ac770bdb9e	0	Don't Cry, Mom		2253		
new	69e33ce5811cc491f405c7be	0	Deadbeat Tries to Steal My Fortune		2254		
new	69e33cef811cc491f405c7d6	0	My Husband's Secret Lies		2255		
new	66aa02c3af68b5b2570407be	0	My CEO Dad Chasing My Mom Back	2255			
new	69df539b9eb806ddd80723c1	0	Caroline: Head of the Family		2256		
new	69df53ab9eb806ddd80723db	0	Five-Year Marriage Trap		2257		
new	69df53a69eb806ddd80723d3	0	Awakened: The Nanny's Son Regrets		2258		
new	69c340464d5fd0d1d00cdad9	0	Three Babies, One Love	2258			
new	69df53ae9eb806ddd80723e1	0	Family Misfortune: Toxic Grandma Spoils the Brat		2259		
new	69e339a57a24716e530946bf	0	New mother Moves In: Losing Everything		2260		
new	69df53d79eb806ddd807241d	0	The God of Wealth's Immortal Peach		2261		
new	69e33b11276d97ac770bdbac	0	The Billionaire Matriarch and the Wicked In-Laws		2262		
new	69df53bd9eb806ddd80723f9	0	The Straight-A Cousin Is the Real Heiress		2263		
new	69df53999eb806ddd80723bd	0	Mom Wins Five Million Dollars		2264		
new	69df5950fc997e3a46009a28	0	A Devoted Wife Is Worth a Fortune		2265		
new	69e338730a2a37e91b087501	0	Mother-In-Law, Give Me Back My Husband		2266		
new	69e338790a2a37e91b08750f	0	Never Marry a Gold-Digging Social Climber		2267		
new	69df53b99eb806ddd80723f3	0	A Stepmother in a Blended Couple		2268		
new	69df53949eb806ddd80723b5	0	Reunited in Happiness		2269		
new	69df53de9eb806ddd8072429	0	Discovering My $300,000 Dowry on Engagement Day		2270		
new	69e33ce8811cc491f405c7c6	0	A Parent's Funeral		2271		
new	69df53da9eb806ddd8072423	0	I Flipped Beatrice's 60th Birthday Table		2272		
new	69df53bf9eb806ddd80723fd	0	Who Is the Elderly Mother Crying For?		2273		
new	69df53dc9eb806ddd8072425	0	A Blessed Pair of Twins: Finding My Daughter		2274		
new	69e338800a2a37e91b087521	0	The Substitute Bride Is an Heiress		2275		
new	69df53c19eb806ddd8072401	0	Daughter! Never Marry a Punk		2276		
new	69e338780a2a37e91b08750d	0	My Sister's Death Benefit		2277		
new	69df53979eb806ddd80723b9	0	Security Guard Pops' Blind Date		2278		
new	69df53c49eb806ddd8072403	0	A Biased Mother's Regret		2279		
new	69df53cf9eb806ddd807240f	0	Mom, We're Dumping Dad This Time		2280		
new	69e3387a0a2a37e91b087513	0	A Perfect Wife		2281		
new	69f2b759b7935a55cb0a5f3e	0	Trapped in Professor's Playroom	2281			
new	69e339a97a24716e530946c7	0	Spoiled by My Husband in a Coma		2282		
new	69eb15a79df7c53a9e044f30	0	A Little Fire Dragon? No More!	2282			
new	695a08e02004721cd50a7cb6	0	Blooming in the Cold		2283		
new	69e6dc445706198256042a0b	0	The Unstoppable Heiress Returns	2283			
new	695a0983f179f370ac0988db	0	Secret Crush		2284		
new	69e203c79c99c9b9df07a874	0	Chosen by the Regent–Season 3	2284			
new	695a095fabc63967e2057559	0	Return my daughter's school-district property		2285		
new	69e0d03025f063dbca0469a6	0	Doctor, Sleep with Me, Heal My Heart	2285			
new	69df53b19eb806ddd80723e5	0	Daddy, your three chances are up		2286		
new	69df5f70827a5e662a0c672b	1	Love After Lies	2286			
new	69df53af9eb806ddd80723e3	0	The Simple Mother and Her Devoted Son		2287		
new	69c4ac457804a1afea05f153	0	I Married the Story's Villain	2287			
new	69df53d39eb806ddd8072417	0	My Family Wants Me Dead		2288		
new	69c33f672c96a546a109ab4d	0	24 Hours to Love You	2288			
new	69e339a17a24716e530946b3	0	The Stepmother's Lies		2289		
new	69c33e58e9114074500a9a56	0	Above All Limits	2289			
new	69df53ba9eb806ddd80723f5	0	Reborn: An Adopted Girl's Confession		2290		
new	69baa7fd4a72c3da6f0e119c	0	A Love That Couldn't Survive-A	2290			
new	69df53cd9eb806ddd807240d	0	Mom Is Never Coming Back		2291		
new	69b263c6022fec07ba02ae84	0	The Bodyguard Who Owns the City	2291			
new	69df53bc9eb806ddd80723f7	0	Single Mom Marries a Mother's Boy		2292		
new	69af838ac2908b3d4200bf42	1	Where Lies Bloom	2292			
new	69df53d19eb806ddd8072413	0	Turning My Life Around After Marrying a Fool		2293		
new	69ae3a3e2535c508b50eabdf	0	Playing with Fire, Burning Love	2293			
new	69df53d29eb806ddd8072415	0	The Biased Mother		2294		
new	69a7cedac016e4debe071aa1	0	Spoiling Me, Spoiling You - The Rich Wife's Sweet Game	2294			
new	69e338710a2a37e91b0874fd	0	Welcome Home, Penny		2295		
new	6999c0e37b131be77a0c302c	1	The Impostor's Diadem	2295			
new	69df53a59eb806ddd80723d1	0	My Family Has My Back		2296		
new	698aa7692b6093d39b007d83	0	The Girl Who Healed Death	2296			
new	69df53cb9eb806ddd8072409	0	Whirlwind Marriage to a Secret Billionaire		2297		
new	69df53be9eb806ddd80723fb	0	Mom's Support Money		2298		
new	69df53d99eb806ddd8072421	0	Don't Mistreat a Daughter Marrying Far From Home		2299		
new	697b09d39e99a88a98081b5a	0	Defying the World for Her Bodyguard	2299			
new	69df53d09eb806ddd8072411	0	My Mother-in-Law, My Mom		2300		
new	6976d3a7553621c7bf0ecc45	0	Bridal Betrayal: Poison and Trap	2300			
new	69df53dd9eb806ddd8072427	0	Not My Child: Ex-Wife to the Rescue		2301		
new	6973445043e1b6a62f0f9d2a	0	My Uncle's Secret Obsession	2301			
new	69e339aa7a24716e530946cb	0	Escape From the Mountains		2302		
new	696e08a9d5d6b4de4c019938	0	Loving You Was My Mistake	2302			
no_rs_link	6966f9e47df3b3694d0d2980	0	My Scar, His Debt to Pay	2303			my-scar-his-debt-to-pay
new	69e3387c0a2a37e91b087517	0	Never Hire Family		2303		
new	69e3387e0a2a37e91b08751d	0	The Nanny: A Crow in Swan's Feathers		2304		
new	695df81e7b6daf462601de1b	0	The Pregnant Heiress Takes It All	2304			
new	69e3399c7a24716e530946a9	0	Besties with My Mother-in-Law		2305		
new	69561c1c165b1f1beb0140fd	0	Despised No More: The Dragon's Ascension	2305			
new	69e33ce9811cc491f405c7c8	0	Ma Was Wrong		2306		
new	695619e797ec9754e20d31eb	0	Humiliated at My Wedding	2306			
new	69df53d59eb806ddd8072419	0	My Son Made Me a Girlboss After Divorce		2307		
new	69df53d89eb806ddd807241f	0	I'm Sorry, Mom		2308		
new	694523451c6f6ec24705e29e	0	With X-Ray Eyes, Desire Ignites	2308			
new	69df53d69eb806ddd807241b	0	Darling! I Can See!		2309		
new	6944c157d9fba745670a0931	0	Forever Your Prisoner	2309			
new	69e338740a2a37e91b087503	0	Never Hire Relatives as Housekeepers		2310		
new	6943c717d1f8f8d4f105ff89	0	Careful, You're Dangerous	2310			
new	69e8b578116c5547bb046492	0	Dumped, Then Called to the Delivery Room		2311		
new	69e8b666f752cd2e6707ae66	0	Help! My Consorts Want Me Dead		2312		
new	6923e074488cef03520439c9	0	After the Divorce, She Takes It All	2312			
new	69e8b66ff752cd2e6707ae7a	0	The Heiress Can't Catch a Break		2313		
new	691e719845e47cc81207c981	0	Oops, Roomie, You Picked the Wrong Girl!	2313			
new	69e8b6db669a23c1e90eaf62	0	Shores of Oblivion		2314		
new	6916da82686e13455b00b9bf	0	I Became My Ex-Husband's Boss	2314			
new	69e8b6de669a23c1e90eaf68	0	Fatal Trap		2315		
new	68e9c7dc48bb317ef60ab75a	0	From Grave to Glory	2315			
new	69e8b6e2669a23c1e90eaf72	0	Heiress, Your Husband is a General		2316		
new	68d275be5b1931b4de05e00c	0	The Scent of My Fated Luna	2316			
new	69e8b7ccfb25288a540dc0f8	0	Cast-Off Socialite: The Masked Dancer's Comeback		2317		
new	68b948c9898e02a7090f31fe	0	A Little Whisper	2317			
new	69e8b7cffb25288a540dc0fe	0	The Woman in the Historic Manor		2318		
new	68b944cf3c805bc4b70bfbec	0	Love, Bid and Revenge	2318			
new	69e9b5a7b3436643670a5445	0	A Mother's Revenge		2319		
new	689f060fcd43d9de170d585f	0	Marrying the Undercover Powerhouse	2319			
new	69df53c09eb806ddd80723ff	0	Mom, Please Forgive Me Again		2320		
new	69df53b89eb806ddd80723f1	0	Belated Filial Devotion Is Worthless		2321		
new	682162ae196f2989a705e810	0	Tormented Girl Got Her Prince Charming	2321			
new	69df53ca9eb806ddd8072407	0	Sorry Sweetie, Mom Shouldn't Have Remarried		2322		
new	682160aac9436610660a77a9	0	Mom, Sis, I Regret Now!	2322			
new	69df53c99eb806ddd8072405	0	Mom, I Don't Want This Nanny		2323		
new	69df53cc9eb806ddd807240b	0	You Are Not My Mom		2324		
new	69df53989eb806ddd80723bb	0	Not My Mother		2325		
new	69df53ad9eb806ddd80723df	0	Mother, I Have Your Back		2327		
new	671b3f35054d21f19c0954e8	0	Love Me, Hate Me	2327			
new	69df539a9eb806ddd80723bf	0	An Adopted Daughter's Love		2328		
new	66a781d6b02f11b8f608b59d	0	A Match Made in Heaven	2328			
new	69df53b79eb806ddd80723ef	0	Don't Cross a Good Wife		2329		
new	669eebfbcb2959a65a012e1f	0	Committed	2329			
reupload	6667cb1941875a5def093d12	0	The Call Boy I Met in Paris	2330			the-call-boy-i-met-in-paris
new	69e8aae7e49a5d53120b8397	0	The Untouchable Leading Lady		2330		
reupload	665156d37b815aa3580d6433	0	Do Not Disturb: Lady Boss in Disguise!	2331			do-not-disturb-lady-boss-in-disguise
new	695a0926dc7a809dba012d65	0	The Remarkable Mrs. Sterling		2331		
new	69cc80aee1ea79a0310e832b	0	Doomsday Grad: Trillionaire Tycoon		2332		
new	661e659dbe4f25adb5001051	0	Flash-Married and Utterly Spoiled	2332			
reupload	661df51ae45e374c220077f9	0	Big Bad Husband, Please Wake Up!	2333			big-bad-husband-please-wake-up
new	69cc80ace1ea79a0310e8327	0	After Maxing Out All Classes		2333		
new	69cc80b5e1ea79a0310e8335	0	Leveling Up by Rewarding My Disciples		2334		
new	6600ebc8c72cf06ffd08330c	0	I Marry A Tycoon After Being Dumped	2334			
new	69cc80b2e1ea79a0310e8331	0	Reborn a Thousand Times Season 2		2335		
new	69cc80b1e1ea79a0310e832f	0	Slumber of Eons: Conquering the Heavens		2336		
new	69cc80b7e1ea79a0310e8339	0	The Frozen Apocalypse: I Hoarded Billions in Supplies		2337		
new	69cc80b6e1ea79a0310e8337	0	Divine & Demonic: World Dominator		2338		
new	69cc80bbe1ea79a0310e833f	0	The Strongest God King on Earth		2339		
new	69cc80bae1ea79a0310e833d	0	Creating an Otherworld Valkyrie		2340		
new	69cc80b8e1ea79a0310e833b	0	Undying: I Only Practice Forbidden Arts		2341		
new	69cc80c1e1ea79a0310e8349	0	Reaping Children of Providence		2342		
new	69fdbda2dc0ca9e97a077ead	1	From Throne to Classroom: The Warlord Reborn	2342			
new	69cc80bfe1ea79a0310e8345	0	Urban Celestial Emperor: Leviathan Sanctum		2343		
new	69cc80bde1ea79a0310e8343	0	The Richest Live-in Husband: Dragon Sovereign Hall		2344		
new	6991fadf2f4b70f77903c7ad	0	The Father's Sin	2344			
new	69cc80c5e1ea79a0310e834f	0	Reborn as the Empyrean Sovereign Season 2		2345		
new	6731b6f07ab9709e840ba36a	0	The CEO Lady's Grand Return	2345			
new	69cc80c4e1ea79a0310e834d	0	Reborn as the Empyrean Sovereign		2346		
new	69cc80c2e1ea79a0310e834b	0	Father, I'm Not the Villainess		2347		
new	69cc80c9e1ea79a0310e8355	0	Cultivating Godhood in the City		2348		
new	6951f5f0b156e421480fd241	1	Love Found Her After the Divorce	2348			
new	69cc80c7e1ea79a0310e8353	0	Sovereign of the City		2349		
new	69cc80c6e1ea79a0310e8351	0	Turns Out I'm the Demonic Patriarch?		2350		
new	69cc80cbe1ea79a0310e8359	0	Apocalypse: The Sanctuary is Full of Triple-S Beasts		2351		
new	6993f040f370c522ef066643	0	A Heart That Couldn’t Forget	2351			
new	69cc80cae1ea79a0310e8357	0	Return of the Urban Ascendant King		2352		
new	69cc80d1e1ea79a0310e8363	0	All of the skills I have are Forbidden Spells		2353		
new	69cc80cee1ea79a0310e835d	0	Mage Exploit: My Mana Bar is Infinite		2354		
new	69cc80cce1ea79a0310e835b	0	Age of Gods: Bound by Succubi		2355		
new	6a030bfee910f8b87a032fa6	0	Sacrificial Saint		2356		
new	69fae1475d993aaf0d039292	0	True Love Prevails		2357		
new	6a016b9302e127d1610ca819	1	The Mute Bride's Revenge		2358		
new	69fae417c2621406a20dddd2	0	Roses of Vengeance		2359		
new	69e34824d9183c558303f7da	0	Realm-hopping Villainess: Going off-script		2360		
new	695368d179dc994a5a0c4fa9	1	His Secret Heiress	2360			
new	6909dd1ffe4f8d9c3a0682a2	0	The Fallen God & His Mute Muse	2361			
new	68b583fa0ad168eed0017ea6	0	Love by Confinement	2362			
new	6821631e9ccf07644e0f28ba	0	Daddy, I Got Your Back!	2363			
new	6807508addf91aecc20954b8	0	Reborn to Fly	2364			
new	66f5095ec97e2a3ac30a5291	0	The Contract Wife Who Was Once Loved	2365			
reupload	66ded2c845020f5d690188e4	1	Mom, Love Me Again	2366			mom-love-me-again
new	69a69ca1c117fbdcb2042f5a	0	Love in Deception	2369			
new	6954bfc3a3563a69c30871ad	0	Hubby, Let’s See Who Rules This House	2372			
new	69eefd85c9e41a3f6c0e8556	1	The Unbeatable Guardian	2374			
new	69c23edf6e0f6f06aa0c5977	0	My Second Act	2375			
new	69f059c894bc70f9920864e1	0	Mind-Reading: Pregnant and Utterly Spoiled!	2389			
new	69df535afcf0fce6cb0ce779	0	Love After Lies	2390			
new	69707c3bcc6e6179150feb17	1	Too Late, Mr. CEO	2394			
no_rs_link	6932742cb88e94f276092647	0	Christmas Mix up	2395			christmas-mix-up
new	69312d24f70d7b1eba0774ed	0	He Loved Her Sister First	2396			
new	68889d05111ab575240d4213	0	Where the Immortals Tremble	2397			
new	6822a25645c82247710e7aa2	0	Flash Marriage After One-night Stand	2398			
new	69e9db9659c9a7ef9c0aba19	0	Fake Heiress? I'm the True Boss	2401			
new	69e588fc8e2712ecdc063911	0	Tempting the Mafia Boss	2402			
new	69de09860b2bfb56270ad69d	1	Through the Fire and the Night	2403			
new	69dde8fed2950be7ba0ac326	1	My Recipe, My Revenge	2404			
new	69c640fed90f7fcd5d00bfc7	0	Marriage on Paper, Fire in Heart	2405			
new	69c0a6ed8296dce39103665f	1	Fake Daughter, Real Heiress	2406			
new	69b3d511e5de63568d0152dd	1	The Funeral That Made a Boss	2407			
new	69b2299f0729a6016f09774c	1	I Married a Secret Billionaire	2408			
new	69afc316fd54e8d39d0699dc	0	Midlife Crisis? System, Awaken!	2409			
new	69a551c1c117fbdcb2042f43	1	Reborn from Hell, Dragon's Wrath	2410			
new	69a5513f26cd82dabc026d72	0	Reborn from Hell, Dragon's Wrath	2411			
new	69a24ecd0de725a8d6099a39	1	Beast-Taming: All Evolve, I Revert	2412			
new	699527bc1c563ca3a30311e1	1	When I Stopped Saving You	2413			
new	6985a3d1e1a4ed25a80ea06d	0	Simp Reborn: Win Over Her Mom	2414			
reupload	697721ffdf767dfc4d0bab9d	0	He's Done Being Nice	2415			he-s-done-being-nice
new	6976c4fbc50a61d501014dda	1	When Love Is Unequal	2416			
new	6976c440ac8d6020ac0944bf	0	Taming My Beast Husbands	2417			
new	695b2e2a1d7ae5789607eeaa	0	What?! You're in My Body!	2418			
new	6953870e168b78cd2209fa5b	0	Betrayed, Then Unstoppable	2419			
new	6953553374a4e639b00196e2	0	My Hidden Heiress: CEO Daddy's Secret Baby	2420			
new	6943c6c6932f94d04d0517fd	0	Please Love Me in This Life	2421			
new	694220bcee891b2360087914	0	Sassy Wife & Mischievous Guard	2422			
new	691e716e522560fd53040fbf	0	The True Heiress’s Revenge	2424			
new	690c0823446c91f3a20cd95e	0	The Cripple Prince's Lucky Star	2426			
new	6901ebd0b5a967b5cd020c3c	0	A Wife's Revenge	2428			
no_rs_link	68c78db6543ae2e2b205a2fc	0	Beach Volleyball Virgin	2429			beach-volleyball-virgin
new	689ecee2813283d6290f8312	0	An Ex-Con Mother's Quest	2432			
new	6876188893173090be0f5336	0	The Billionaire's Secret Wife	2433			
new	687613f2f53f1db94a0b9bb1	0	The Villainess Turned Darling	2434			
reupload	670c9b40b221890c5f0d01ac	0	I Gave My wife A Red Tasseled Spear	2439			i-gave-my-wife-a-red-tasseled-spear
new	670503c90c9534be780ef221	0	Pride of the Clan: The Return of the Martial Sage	2440			
new	66efb822e64c0b052007f9af	0	Two Penniless CEOs' Flash Marriage	2441			
new	668f9e2b7d417f5bc506b87e	1	Flash-Married and Utterly Spoiled	2443			
new	693679844d463b0707067bea	0	Hey General, Your Disabled Husband’s Running Away	2444			
new	69250ea9f861a41f2f08dd2d	0	The Genius Bride Returns	2445			
new	69d76aacbb9acd35910ac00b	0	Fool Me Once	2446			
new	69b263b7e1c22d67210608af	1	Wrong Sperm Buyer, Right Marriage	2447			
new	69a2bec9ca6daf1a890a7cd5	0	Dangerous Situationship	2453			
new	670fa4dbcca2a66eaf08afc0	0	The Double Life of My Secret Secretary	2456			
new	69c3401d70b83630f80d0128	0	The Flames We Buried	2461			
new	66d450427a5f6dd0f205f9d7	0	Love Rises After Memory Loss	2464			
new	66b2ebed75de66c1dd026744	0	Virtuous Wife Supports My Ambitions	2465			
new	698b0791253b26eeeb0733e1	0	The Blind Billionaire's Deal	2467			
new	69894e62aeeb87e120048699	0	My Cinderella, Love You Forever	2468			
new	696dea217fd4083ce4000ac6	0	Contract Wife Is a Drama Queen	2475			
new	69f1c67a3161569bac056c98	0	The Stolen Motherhood	2505			
new	69f17922df5a7f8d9c01d747	0	Between Lies and Love	2506			
new	69ef0c803d02641ab208aad7	0	Love Arrives Six Years Late	2507			
no_rs_link	69eed7874eaee13cfb03b52d	0	Luna Reborn: Alpha's Second Chance	2508			luna-reborn-alpha-s-second-chance
new	69e0c9727142f8a98f08222e	1	The Secret Cargo	2509			
new	69df5fd2827a5e662a0c677f	1	Burn the Past, Guard the Nation	2510			
new	69dc9420ca82f8f1260ea784	1	I'm Done Being Your Simp	2511			
new	69d5f56a1ffcf3fe490343c5	1	The Professional's Vow of Blood	2514			
new	69ce415907eda6f231015eb5	0	Queen's Gambit	2515			
new	69c3d947e91c4aa4220f15fc	1	She Let Go, He Lost All	2516			
new	69be370732242e1478039a10	1	Betrayed Zora Rules All	2517			
new	69b953ba611b7208da072295	0	Super Triplets Help Mom Rule the Palace	2518			
new	69b122dc0e3f84635a0152c1	0	Her Rise To Fame	2519			
new	69a5600225b65131f70c836f	0	My Ex-wife Is a Savage Warrior	2521			
new	69a2be1326c6b85454084f27	0	Reborn and Became a Legend	2522			
new	69a11334d9d157970a032080	0	Divorced Over a Fake Ticket	2523			
new	699ed0d4819b7417050a4b01	0	Auctioning My Ex	2524			
new	699136c188f643587c0785a6	0	Goodbye, Liar	2525			
new	698c6cb93a6e97d8d703baf3	0	REBORN 2008: X-RAY VISION	2526			
new	698b081c2eb059d87c0e5ff4	0	Delivery to the Emperor	2527			
new	69894f5dbc0ab958110f10f9	0	Crimson Storm: Lone Avenger	2528			
new	69894eda02c476566206e5bb	0	He Who Rises for Blood	2529			
new	6982f812dd4450529f0ac769	0	Boss, You've Got The Wrong Wife	2530			
new	6982ed08695da95cd80ae5d3	1	Evolve to Devour	2531			
new	6982b061ed85e3869107a582	0	Marry Me, In the Name of No Mercy	2532			
new	697b0b1bf950eb9045044fc4	0	Snatched a Feisty Heiress	2533			
new	697316e4f933ea73ab0f317f	0	The Real Heiress in the Shadows	2534			
reupload	69673b3c6f628f35b50e3a80	0	Swapped My Ex for His Billionaire Uncle	2535			swapped-my-ex-for-his-billionaire-uncle
new	695f9fe569e5d5341100c0dc	0	I'm Reclaiming What's Mine	2537			
new	695f6b3f17cc24c6e503fabf	0	Santa's Got Style	2538			
new	695f4aefea5b7d24cc0081b7	0	Sizzlin' Bacon	2539			
new	695df8a7595ca78ce009dbb3	0	He Came Back for Me	2540			
new	695cd825cc5310bb510fea0f	0	The True Housekeeper	2541			
new	6954c53ccb7cd422b00ee68a	0	Five Years to Find You	2542			
new	6953836fb6b562d4da001ebf	0	Hey There, I Can Hear Your Heart!	2543			
new	694cdb318524a8ab070e019c	0	Trapped in Her Skin, Switched by Fate's Spin	2544			
new	6940c647af3bab83ee08efc2	0	Until We Find Each Other	2545			
new	693a765233a7f9fe2e0f1baa	0	Her Second Life, Her Rules	2547			
new	69367acddbf1b1854203533b	0	Love Misplaced, Hearts Reunited	2548			
new	693175b7212e00c11e0a6a54	0	Silent Star, Shining Scars	2549			
new	6926d5ae67227087470aa716	0	Let’s Get Married, Mr. CEO	2550			
new	6926b52b831a8cf6a60e862c	0	Daddy, You Passed! Time for Hugs!	2551			
new	691c2a7466f75f19b6065593	0	The Abandoned Heiress's Reverse Harem	2552			
no_rs_link	6916da8e686e13455b00b9d1	0	Falling For Her Bodyguard	2555			falling-for-her-bodyguard
new	6911c20d530058750f0642ee	0	The Love I Could Not Speak	2556			
new	6901f18e53e372cb0903e908	0	The Stutterer's Symphony	2557			
new	68c142206fb90125ea05137b	0	The Strongest Bodyguard	2558			
new	686b30e33761c66aa70e31d0	1	Flight Changed, Marriage Ended	2559			
new	68366a6cf1c686c32401dd9d	0	Fated with the Alpha CEO	2560			
new	66dc0f8efa06868b0009524a	0	Reincarnated As the CEO's Wife	2561			
reupload	6695f4041b25cabd2a091a3e	0	I'm Really Not an Immortal	2562			i-m-really-not-an-immortal
new	668c158ae25ff8a151020f8d	0	Billionaire Twins Fall in Love with Me	2563			
new	69f04835a620c88b94027610	0	Switched Heiresses- A Destiny Misplaced	2568			
reupload	67e2070378a5ae7b550e931b	0	Feast of Power	2569			feast-of-power
new	672876d365e8a9376106b776	0	Cinderella's Glass Slipper: The One I’ve Always Loved	2570			
new	672876c58a73f9b8fe0e9908	0	Spoiled by My CEO Husband and Cute Twins	2571			
new	672876435500a84c4509fa8e	0	The Real&Fake Young Master: My Four Aunties Are Big Shots	2572			
new	6727809ef2b4a3c5fa05728b	0	Brother, I'm Back!	2573			
new	67276ce25c3c24ef5205e861	0	After Cutting Ties, the Genius Baby Triumphs for Mom	2574			
new	67276a79c94fd8e46a0113d5	0	I Became an Heir on My Wedding Day	2575			
new	672343e12410e0f85c0d06e7	0	Marrying A Millionaire with My Baby	2576			
new	6723430154a753059a02c513	0	Three Brothers Regret After I Left the Family	2577			
new	672342ad6660d4c5c40ffe37	0	The Phoenix Within Me	2578			
reupload	671c683cb8130035810c720e	0	Love After Rebirth: Spoiled by My Husband's Uncle	2579			love-after-rebirth-spoiled-by-my-husband-s-uncle
new	671bbb84d21192918201d549	0	The Eternal Protector and His Fragile Fiancée	2580			
new	671bbac8257fa4d8d4001431	0	Lost Heiress: The CEO's Beloved Secretaire	2581			
new	671b6899a2a706610a0eb37e	0	Fake It Till We Make It	2582			
new	671b5e91cc83bd9a8d0bd19a	0	Her Light Shines Without You	2583			
new	671b40a080a3de25ef0fecc8	0	Sorry Again, My Dear Daughter	2584			
new	671b3f7cd710c42f860d4dd7	0	You Are the Only One	2585			
new	670fa4dbcca2a66eaf08afc9	0	Eternal Dragon Emperor	2586			
new	670fa4dbcca2a66eaf08afb8	0	Security Dad Dominates All	2587			
new	670fa4dbcca2a66eaf08afb7	0	Accidental Billionaire Bride	2588			
new	670fa4dbcca2a66eaf08afb0	0	Love Turns Cold After Silence	2589			
new	670c9d17fbad864247011e9f	0	After Being Dumped, the Beautiful CEO Proposed to Me	2590			
new	670c9c50222d63e03f097f29	0	Love's Second Chance at His Office	2591			
new	670c9ac4de48c393ef06db85	0	Invincible: The Underdog Stuns the World	2592			
new	670504fe793ca1bf2f02fdc1	0	General! She Rised to the Top	2593			
new	66f50daa6c33e97da200229e	0	Hades: The Lord of the Underworld is Back	2595			
new	66f50cdba9d68eda2f0d08c6	0	Sorry, I Refuse to Be the Heiress	2596			
new	66f50c6c6c33e97da200229a	0	Queen of Tears	2597			
new	66f50bc19f7b707a1b049783	0	Mr. & Mrs. Smith: Pretending to Be CEO‘s Penniless Lover	2598			
new	66f50b0f454cad4bdc08f28e	0	Stay Alive to See You Don’t Love Me	2599			
new	66f50ad2b7be8d05910a3ad3	0	Mom, I Miss You	2600			
new	682162c2bedfd0737f05eb41	0	Fake It Till You Make It	2602			
new	680a1240c157182e9904136d	0	Addicted to You	2603			
new	68075097af9eed3a45063e0f	0	Boss to Bride	2604			
new	6801aeac13d97639300b240f	0	Back to the Ring: My KO Mom	2605			
new	67d3df666c7d81f7fa05c1bd	0	In This Life, I Choose You	2606			
new	67bbedb05663319f040a7726	0	Ditching My Jerk Husband, I Become a Stylish Mama	2607			
new	674d3eb1c3b7631e210b7d07	0	The Truth Behind the Lies We Loved	2612			
new	67468b1d55e5e72c7e0bb666	0	Married Fast, I’m a Secret Healer!	2613			
new	67468addd6cd483d8f030d7e	0	Reborn to Make Him Fall	2614			
new	67248ecfa787f3eb970bfc2e	1	Can't Say I Love You	2616			
new	671c6849f5cec6797b08318c	0	Memory's Return: Love's United Front	2617			
new	671b6789afc43af8d80d66e2	0	Loving You Again with Memories	2618			
new	6719aa50a4e1792633001703	1	Underworld King Fights For His Wife	2619			
new	66f50a374f9a332106016243	0	Don't Mess with My Sister	2620			
reupload	662b1835e590e5e6d305cfd5	0	The Billionaire’s Baby Bargain	2624			the-billionaire-s-baby-bargain
new	65d92fa6588d2e442f06a1b8	0	Cry Your Eyes Out by My Tomb	2625			
reupload	647019846329e2490b0002e4	0	Marry Me, Mr. White	2628			marry-me-mr-white
new	6982f818dd4450529f0ac773	0	My Kids' Daddy is a Secret Billionaire	2634			
new	6965f51ccb7d531f4e05c0c0	0	Seduced by My Proud Fiance	2635			
new	695a3d4eb8fe2034fe00eca0	0	Peace Out, I'm Marrying Someone Else	2636			
new	66f50a7586faad50d308e4e2	0	The Lost Princess's Journey Home	2641			
new	66f509a2fdcd3027ad0cb0bf	0	Becoming a Superstar Starts with Breakup	2642			
new	66f5065bf00c6d659c0dce40	0	Daddy, Here’s Your Real Wife	2643			
new	66effc7eac8346168d04ff22	0	Pampered by My Ex-husband's Billionaire Friend	2644			
new	66effb33d00f0fa769018d21	0	The Shadow Lord's Return to Glory	2645			
new	66efb4b51ea5f722940ae682	0	Destined to Be Your Wife	2646			
new	66efa579b2b806b9a906b9e1	0	Fury Unleashed: Your Sister Rises	2647			
new	66df9986bd0d99f7170e5e3c	0	Cherry	2649			
new	66dc0f0578619bf40f0556cd	0	Spoiled by Aristocratic Heirs After Divorce	2650			
new	66dc0eb86cfdaf15aa06b092	0	Sis, I Prepared a Billionaire Husband for You	2651			
new	66dc0ddd8126f02fcc06f461	0	The Blind Wife's Unseen Trap	2652			
new	66d4505c61d49a2b110f8cef	0	The Last Onmyoji	2653			
new	66d45053b0c41ae34b04c0f4	0	Midnight Last Bus	2654			
new	66d45038869f5d697d06c0f4	0	Awakend: The Female Agent Phoenix's Revenge	2655			
new	66d44feb40fe68980000c064	0	Love's Redemption: Her Resounding Comeback	2656			
new	66d44fd7f58c5d84b80dd1db	0	The Movie Star's Daughter in the Dark	2657			
new	66d44fb42a39737c5809dca2	0	The Hidden Magnate's Almighty Return	2658			
new	66d134f27c19aa2dd902cef5	0	Holiday Engagement	2659			
new	66caca616040908f05036068	0	My Long-Lost Wife Comes Back With A Baby	2660			
new	66cac9dc346575bd9e00d847	0	The Triple Life of My Billionaire Husband	2661			
new	66cac9c22cfdb190b709d4c4	0	OMG! The Superstar's Wife Works Here	2662			
new	66cac944f1e6227b9a080720	0	Love Amidst Adversity	2663			
new	66cac7bdf153cc691907bad6	0	Four-Fingered Dad Helps Me Slap Back	2664			
new	66c30c67424a6859ae047da2	0	Wrongly Entangled	2665			
new	66c2194508e35616920b0b70	0	Parental Love 1993	2666			
new	66c21902169914909d0fcb23	0	Blind Heiress	2667			
new	66c218e3cd9e8d40850de203	0	Seems Like a Beauty Arrives	2668			
new	66beb9d356f8754fee0190d1	0	The Sound of Violet	2669			
new	66b8ac6e8bb6c62e330e0004	0	Imprisoned Big Shot Rises	2671			
new	66b8ac48f7870ad30f0a8233	0	Go to Hell, My Husband	2672			
new	66b8ac1e125418222c036baf	0	Reborn to Make My Three Brothers Cry	2673			
new	66b8ac09d02890b6a20f063a	0	Three Years After I Died	2674			
new	66b8abf42f4d609e9a0af263	0	The Wife's Disguise	2675			
new	66b8ab406e44cf2b5e0a7d59	0	My Husband's Secret	2676			
new	66b8aaa675d3e4f4e60c5e86	0	Abandoned By My mom	2677			
new	66b8aa1b93b88c1db0021526	0	Madam, Give the CEO Another Chance	2678			
new	66b427b29329f171e0094a2b	0	Amor Bandido	2679			
new	66b2ef2da844d0f7ce057438	0	Genius Baby with a CEO Daddy	2680			
new	66b2eedeb3984ed3ce0d73c7	0	Divorced and Now a Billionaire's Granddaughter	2681			
new	66a85b8d338ae486d50ecd0f	0	Second Marriage Bliss	2682			
new	66a85b2e3d394ee3230f7465	0	Passionate Love	2683			
new	669e42ac5a070945a10d8645	0	Can't Say I Love You	2684			
new	6699f89b5b5ca792040d7bf8	0	The Warlord's Precious Darling	2685			
new	66995a7837a65af67a024d51	0	Flunk: Season 1	2686			
new	669873f108015ee6360d13d2	0	Underworld King Fights For His Wife	2687			
new	6698733208015ee6360d13b5	0	Cold CEO Regrets After Divorce	2688			
new	669870d2d9ded25795093958	0	Rising After Losing Everything	2689			
new	66986effa8c41f96bc028f14	0	Rising After Divorce	2690			
reupload	66986e1915f0ff84ce0db558	0	CEO, That Intern is Actually Your Wife	2691			ceo-that-intern-is-actually-your-wife
new	66949e3fd65be9c7e40b7b29	0	The CEO Married the Wrong Woman	2692			
new	66949df374cbcb69d903653d	0	Pregnant and Quit: The CEO is the Baby’s Dad	2693			
new	668f4d6cee78391c4d0d50a9	0	Babe, Don't Escape	2694			
new	668e1f862fe616956305d545	0	Plus-Size Girl Travels Back to Become a Tycoon	2695			
new	668e1f6546596500c20d4774	0	The Furious Mom	2696			
new	668c15ec45bb15d0a005c677	0	Mommy, Don't Think About Escaping	2697			
new	668c14ae9af1a9e03709e299	0	If Someone Treated Me Gently	2698			
new	668c143e76eabb79ee0b0886	0	I Won't Let You Be Alone	2699			
new	668c13571e163c71c304d958	0	The Heiress Doesn't Care at All	2700			
new	668c125323a35361e101f4ba	0	Mistaken Love for Hatred	2701			
new	668c11ea23a35361e101f4a0	0	My Flash Marriage Husband is a Movie Star	2702			
new	668c11611e163c71c304d93a	0	From Broken Engagement to Marrying a Billionaire	2703			
new	668c0f7b819bf24b490f0315	0	The Waiter I Married is a Big Shot	2704			
new	668c0ee6e8e406f80a0aa79c	0	Heiress's Counterattack	2705			
new	668c06120f8a90d05e0ba5ae	0	Surrounded by Heirs	2706			
new	668c04a1177404f29f00a8ff	0	Flash Marriage with a Billionaire	2707			
new	668c043261b9ce3e1a00323d	0	The Ugly Duckling and the Billionaire	2708			
new	668b5f676fa9cd3cad064a6e	0	Turning the Tables: Starting with Foreseeing	2709			
new	668b5f1c177404f29f00a875	0	Back to the 1920s as a Tycoon	2710			
new	668b5d4574fba92e2a0db3ff	0	From Exile to Heiress	2711			
new	668b5ca4c9f5e5cef106bd01	0	My Ex-Wife Blooms After Divorce	2712			
new	668b5bd0057fac33940369a9	0	Stop Acting Dumb, My Billionaire Hubby	2713			
new	668b5b76e79b3585a50e79a9	0	Daddy, Please Kneel Down	2714			
new	668b5750995696bad803db92	0	The Twins' Mom is a Heiress	2715			
new	668404e20fef4f5f8001e7ad	0	Gossip Plan	2716			
new	6683f8a6c9648b9e06078ffd	0	Mommy, Let's Kick Out the Impostor	2717			
new	668275ce75ad55b11c019067	0	CEO's Unrequited Love	2718			
new	667ed72e284259d1610d007c	0	Bear the Big Shot's Child After Being Dumped	2720			
new	667e35acee3bad0cc70da80f	0	The Wife's Secret	2721			
new	667e15970de7004221035ef6	0	War King: My Return Makes the Nation Submit to Me	2722			
new	667a6cdbe7bd322936038625	0	He Returns from Hell	2724			
new	66700b3af0b18ca90204ee9e	0	CEO Daddy Spoils His Wife Sweetly	2725			
new	666a97540f1f3f1f2d0b1d7d	0	The Doomed Spendthrift	2726			
new	666a5a69ee16c865a1022449	0	You're My Treasure	2727			
new	666a59d9b33e5ed8c0060cc0	0	My Lord, The Concubine Has Remarried	2728			
new	6668189e000186c8a607ae31	0	Bound by Her Heart	2729			
new	666030a88c73851b05014a46	0	The Marshal's Toxic Love	2730			
new	6657060ed60a1e02410a6984	0	Flash-Married My Ex 8 Years After Breakup	2733			
new	665705d99eac803419005875	0	Married by Mistake: CEO's Sweetheart Bride	2734			
new	6655714788e73d7b0c053aa3	0	Farewell Forever, Possessive CEO	2735			
new	6655704146d4de2e390df563	0	Escape After Pregnant with My Vegetative Husband	2736			
new	664c32942d7652552306d5d9	0	Spoiled CEO's Wife Flees While Pregnant	2737			
new	664c2e668aa642f9640ea912	0	CEO Daddy Spoils His Wife Sweetly	2738			
new	664c1685bd7b8e21ce08a97c	0	The Leaving Pregnant Wife, The Regretful CEO	2739			
reupload	66472d2edec0cd54f10c76cc	0	I Accidentally Hired a Billionaire Husband	2740			i-accidentally-hired-a-billionaire-husband
new	664580139b54668af5080d9b	0	Revengeful Return of the Ugly Beauty	2741			
new	66457a323dd08b84920ed4a5	0	The Leaving Pregnant Wife, The Regretful CEO	2742			
new	663f20369b12bb728000373e	0	I Marry A Tycoon After Being Dumped	2743			
new	663f2019198875f68008fa47	0	Mr. Moody's Stand-in Sweetheart	2744			
new	663f1ff8c1b3456db80b4294	0	My Foolish Husband Is A Billionaire	2745			
new	663f1fda1854caf0b8088663	0	Torn Between Two Billionaires	2746			
new	663f1fb261b5c12b390dec16	0	Sleep With A CEO After Fiancé's Betrayal	2747			
new	663f1f35ea28547cc801898d	0	Reborn As The CEO's Darling Wife	2748			
new	663f1f047e00c398c407cc6a	0	Kneel For My Foolish Wife's Return	2749			
new	663f1e4240b4af82480de9fc	0	In My Ex's Arms Again After Divorce	2750			
new	663f1e3050dba377b003c132	0	Divorce Me, In the Name of Mercy	2751			
new	663f1d602c295ba133077a1d	0	I'm Marrying Someone Else, Mr. CEO	2752			
new	663f1d272937c55f4308f721	0	Marry Me When the Snow Melts	2753			
new	663f1ce82c295ba133077a1c	0	The Calamitous Concubine	2754			
reupload	663b4dc5b4c674f77809f025	1	Divorced and Desired! My Trio of Elite Suitors	2755			divorced-and-desired-my-trio-of-elite-suitors
new	6639c1e3f461c55cee0e8b79	0	Charmed by Her Whimsy	2756			
reupload	6639a0042ff824c3f404ca6c	0	Do Not Disturb: Lady Boss in Disguise!	2757			do-not-disturb-lady-boss-in-disguise
new	6638867f11d8450cfb00e103	0	My Security Guard Dad Holds a Fortune!	2758			
new	663850aa85d4b74fd40d14f1	0	After Breakup, Spoiled by Three Big Shot Brothers	2759			
reupload	662b1c17cd225f2f070b9ba8	0	We Will Love Again	2760			we-will-love-again
reupload	661e5b028af7a342830d2c29	0	Divorced and Desired! My Trio of Elite Suitors	2761			divorced-and-desired-my-trio-of-elite-suitors
reupload	661e042b457e8b7e4106326f	0	Curse of the Dragon King	2762			curse-of-the-dragon-king
new	661c9bc0b8ceda65bb0d6432	0	I Refuse to Be a Love-Struck Protagonist	2763			
new	6613564f6f8c403c5f0d26aa	0	After Breakup, Spoiled by Three Big Shot Brothers	2764			
new	6600eb5416c3394e5b06709b	0	His Hidden Identity	2766			
new	6600e79a318dc93f5f02cdd6	0	My Flash Marriage Wife Is A Business Genius	2767			
new	6600e761553bd3ecab065188	0	CEO, Those Twins Look Just Like you	2768			
new	65f812c95397ce48a80f0897	0	Contract Love with My Fiancé's Wheelchair Uncle	2770			
new	65f812994b05152fd00001d1	0	Reborn Into High Society	2771			
new	65f8126492a98abc2a0fa683	0	Contracted CEO Husband Regrets On Divorce Eve	2772			
new	65f80bb4c2abce0cd6032f06	0	Assigned A Billionaire Husband By The Nation	2773			
new	65f80b24d6d66c21d3080902	0	Marry My Ex's Boss After Divorce	2774			
new	65f8085f7b054300570b2993	0	Marry My Fake Brother After Rebirth	2775			
new	65f807e9badf397894056b35	0	Torn Between Two Billionaires	2776			
new	65f7fb7c684f77b63309b72e	0	Escape After Pregnant with My Vegetative Husband	2777			
new	65f7fb2b2c8dc074ae00fd8f	0	Wedding Night, Slept With Another Man	2778			
new	65f7faea2dc2993634059c72	0	Sleep With A CEO After Fiancé's Betrayal	2779			
new	65f7fa9e8c9c8f889a0c62f0	0	Spoiled By The CEO After Rebirth	2780			
new	65f7deae596069b6ca00c6c3	0	Reborn As The CEO's Darling Wife	2781			
new	65f7ba87495074221c02d588	0	Farewell Forever, Possessive CEO	2782			
new	65f7b8a4ad8a6806eb012825	0	My Lord, The Concubine Has Remarried	2783			
new	65f7b85ee745d44a1005b4e5	0	The Marshal's Toxic Love	2784			
new	65f7af80bc14f697a609a826	0	Kneel For My Foolish Wife's Return	2785			
new	65f3af861eafc74f6e0defbf	0	In My Ex's Arms Again After Divorce	2786			
new	65e8fa854a376189cc07d93b	0	Divorce Me, In the Name of Mercy	2787			
new	65e8fa6137c83ef1ef0ef55c	0	I'm Marrying Someone Else, Mr. CEO	2788			
new	65e8fa23a5d3ee80390f60e2	0	The Calamitous Concubine	2789			
new	65e8f9ff6f43ae63be0ed34b	0	Married by Mistake: CEO's Sweetheart Bride	2790			
new	65e7aa11f387d37c8a01b999	0	The Dragon Dame	2791			
new	65e7a9ec7f5fd7e84102fc40	0	Back to 1998: World Domination	2792			
new	65e7a9c8d94799ca6204bb48	0	The Legendary Healer's Saga	2793			
new	65e7a980205f93b4000b9159	0	Gamble of Love	2794			
new	65e7a94f25cd247f040d6eb6	0	Impostor Heiress	2795			
new	65e27517a3983e189f08755a	0	Mr. Moody's Stand-in Sweetheart	2797			
new	65d3f6239bae57874c0d5e5b	0	Beg for Mercy, Ex-Husband	2798			
new	65d3f5dff7c33b958907c75f	0	Bound by Her Heart	2799			
new	65d3f5af9bae57874c0d5e5a	0	Flash-Married My Ex 8 Years After Breakup	2800			
new	65d3f565f7c33b958907c75e	0	My Cyber Beau, My CEO	2801			
new	65c5619775ef2a86b601136d	0	Back to My Ex-Husband with Our Twin Geniuses	2802			
new	65a9995cdacdc92c500004fe	0	Revengeful Return of the Ugly Beauty	2803			
new	65a99923e6a12ecb620399d4	0	When My Twins Found Their Dad	2804			
new	65a998e53daa5df28a032b1d	0	A Marriage Mishap Gone Right	2805			
new	65a9983d3daa5df28a032b1b	0	Return to 1992	2806			
new	65a997ec3daa5df28a032b18	0	Island Survival	2807			
new	65a99787dacdc92c500004f5	0	The Devious CEO and His Irresistible Wife	2808			
new	65a995c942fa86f8f1032ff3	0	My Unexpected Abundance	2809			
new	65a99565508733efa70f061e	0	My Rich Sis Got My Back	2810			
new	65a9950afb830862f40c7ed2	0	Our Marry-Go-Round	2811			
new	65a994c6b6b552da460f72e7	0	My Down-and-Out Hubby Is a CEO	2812			
new	65a99412fb830862f40c7ecc	0	My Homeless Hubby Is a Trillionaire	2813			
new	65a993dd36fb85167d06a2e9	0	Odds and Ends for My CEO Hubby	2814			
new	65a991a4fb830862f40c7ec4	0	My Security Guard Dad Holds a Fortune!	2816			
new	65a990b4508733efa70f0612	0	The Heiress's Revenge	2817			
new	659d96e82fd586ef3f0f1518	0	Living His Life, Knowing His Wife	2818			
new	659d96b1fd09d48999046363	0	CEO's Pampered Sweet Wife	2819			
new	659d968cff20b69a590b06e5	0	Badass Bodyguard and His Stunner CEO Wife	2820			
new	659d96622fd586ef3f0f1513	0	Boss, We Found Your Dream Girl!	2821			
new	659d96268617672697031093	0	Not Now, Wifey	2822			
new	659d9529d5b7ce885a0162a6	0	Addicted to Spoiling His Flash-Married Wife	2823			
new	659d94cbd92deb30ed039ed5	0	His Humble Badass Wife	2824			
new	659d9447d5b7ce885a0162a5	0	Trophy Husband Turned Tycoon	2825			
new	659d93896c080304440cde28	0	Ex-Husband Wants Me Back	2826			
new	659cdf16655e0719990b00a2	0	Kicked Out Then I Inherited Billions!	2827			
new	658cf8079413afd03d00d683	0	Divorced and Back with His Baby Girl	2828			
new	658cf78b1f05e3c5b406ee99	0	My Dumb Hubby is a Multi-Billionaire	2829			
