book_id	dub	title	time_rank	money_rank	featured
6ac7768521e812384b066863	0	Broken Contract, Alpha on His Knees	1		
6abd01b9dad9e551c60fad59	0	Seducing My Sister's Husband Behind Her Back	2		
6abc74dd69f0130bc4048506	0	The Billionaire's Sister Strikes Back	3		
6abb9b5de2e1493760004b63	0	That Loser Husband Is the King of the Gods	4		
6abb9a3208caa64cd6005f2f	0	One Good Deed, One Great Fortune	5		
6abb9ae53f77d925e30d1ea0	0	Freezing Point of Love and Regret	6		
6ab60ad679098aca75062427	0	Fire & Ice: Return of the Alpha Queen's Sister	7		
6abc6d5f86686c9cb40ff60f	0	The Last Dragon King‘s Bonded	8		
6aac9d1fff613013bf0bc8ef	0	Beneath the Secretary	9		
6abc6caa88951971af09f17b	0	Alice and Her Three Fiancés	10		
6abd050169e97678040c9628	0	Captain, Look at me, Beg me	11		
6ac734316e98861bb00b18e9	0	The Vow That Withered	12		
6abc6e4d3871947f6e02724a	0	Taming the Heir： Pushing Buttons	13		
6abe6cc5d018445df206aac9	0	No Longer Waiting for Your Return	14		
6abbbefd47eb9b78d30825b9	0	Too Late to Be Your Only One	15		
6abb6e998ec9b5681103d6c6	0	Choked by Desire：My Devil Stepbrother	16		
6ac775d2a137ef86a20e1fde	0	I Carry His Strongest Wolf Pups：The Alpha King Dotes on Me	17		
6ab544a37f2f1fea34042669	0	You Can Beg, But I'm Done With You	18		
6a90159bf687ef8b8704e933	0	MY MAFIA HUSBAND HAS TWO WIVES	19		
6a8cf803c3fe30abdd0caffb	0	Married Off to the Serpent Clan Leader, My Orc Childhood Sweetheart Regrets Everything	20		
6a963afeebb46b0cb40e4fc9	0	Reborn to Watch Them Rot	21		
6a963b4956425582ff09dd49	0	My Wife Is Pregnant with Her Brother-in-Law’s Child	22		
6a963b4d2b3144019f077a78	0	Beyond the Faraway Wilds	23		
6a963bbc7308ebfe9309c899	0	Reborn as the Cursed Alpha's Luna	24		
6a94dd006708b0f6c303407b	0	My husband Poisoned Our Son for Dating His Assistant on Valentine's Day	25		
6a94ddafdd50a3677d094d4c	0	Strawberry Lipstick From Another Woman	26		
6a9633b0a650d9368e012038	0	Rebirth: I Swapped Snake Mates With My Sister	27		
6a981ee417879200f002d8d1	0	Her Billion-Dollar Resignation	28		
6a981edecd485fd3190e8b9d	0	When I Left, Their World Fell Apart	29		
6a9a2e2741c097813802b929	0	My Fiancé Loves My Sister — You Can Have Him	30		
6a9a36b5b04906a6ee006abb	0	The Mob King's Dead Bride: Too Late to Regret	31		
6a9ffc1e5e646fe05f028aae	0	The Monster I Rescued Is the Dragon King	32		
6abb2052d01437ee3f05c8ac	0	Wave of Beauty in the 80s	33		
6abb21f59cd2da662304444e	0	The Mute Bride of the Wolf King	34		
6abc6c3699598e1c6306c1aa	0	King of the Card‑Sharpers	35		
6ab9d804f06224f2d70c890b	1	The Comeback Heiress	36		
6abb1151fa7ed33c5507bd77	0	Star Goddess Returns	37		
6ab9de0d65e9f5e86d088812	0	Divorced a Hockey Star, Chose His Biggest Rival	38		
6ab608475f377946a2054b85	0	My Rival Got My Thirst Trap by Mistake	39		
6abb1fd988a8bc049c005478	0	Too Late, She Married the Regent	40		
6aba38fd8522e0017b0e466e	0	Married Behind Masks	41		
6abc6c31ba00ab957a0bda7e	0	The Mafia Heir's Underground Prize Fighter	42		
6abb8ab9a4edaef1cc090b1a	0	Professor Alpha's Taboo Silver Wolf	43		
6abc6bba8898c62e7b0a05aa	0	The Last Mech God	44		
6ab1e4fdb35552a0c2028529	0	No Dragon Chose Him—So He Chose the Dragon God	45		
6ab541f9a0570f0b720682e7	0	The Dragon Lord's Regret	46		
6ab48e78dc6fd7ef4a06596e	0	Out of Your League: The Billionaire Wife's Revenge	47	1412	
6ab4f20d7b513874d10ce723	0	No More Chances	48		
6abf46f91bdbe323c30f5769	0	I Raised a Silent Genius	49		
6ab4ee167703ecb0ad07a788	0	The Mob Queen Wants Straight A's	50		
6ab4f1d21a463f155b0b7744	0	Daddy, Your Little Angel Is Gone	51		
6aba38c1c742d049170e0d38	0	The Alpha and His Amnesiac Princess	52		
6abb8a4138ae1fbd14072d28	0	The Moonlit Contract of Wolf King Uncle	53		
6abc6b7e428bcabcef0ddf6b	0	Thrown into Prison, Claimed by Three Alphas	54	1251	
6abcc632d0b9a35b87011b4c	0	My Crush's Wolf King Father Seeks Pleasure with Me Every Night	55		
6aba2205c69739a3ed0176e5	0	Heat Wave Rivals Bound to My Stepbrother	56	1471	
6aac622e968c52e4da007355	0	Bound by Hatred	57	898	
6ab60a5d383eb0da93077d05	0	Revenge of the Superpowered Nerd	58		
6ab606a06909bea78b02a495	0	Runaway Single Mom and Her Billionaire Hubby	59	1737	
6ab717e529656d2f070af407	0	Never Touch the Cargo	60		
6ab71551958150c2ac095815	0	A Blood Oath to the Vampire	61		
6ab4ee12b5c94e93bf08cb16	0	Pregnant, My Alpha Wants Me	62	2352	
6ab4eff342bdb2379d0491a6	0	The Angel King Wants My First Night	63	1567	
6ab9c35521f3839b6e0ded37	0	Baby Abandoned Dad:Late Apologies Mean Nothing	64		
6aba3796f5c2f1a57501a28a	0	Realmwalker: The Miami Godfather	65		
6aba227d49d0d1ee43057021	0	Atlantis：Pearls of Promise	66		
6abb8a05d127d7c8ed05aae6	0	The Blind Violinist Is the Wolf Queen	67		
6abb8b6d75a96675d504095f	0	Not a Scandal. An Heiress	68		
6abcca2d9210a849490556ca	0	Too Late to Beg, Lycan King	69		
6abb608991bbd6f99000f9bb	0	Contracted to the Billionaire I Once Saved	70		
6abc6a1767c7bf663e087129	0	None of the Seven Knights	71		
6ab9fcfd94d73236cc05864a	0	The Beast and the Rose in the Moonlight	72		
6ab9fd393587575fb4076e37	0	The Sterling’s Hidden Heir	73		
6abccc85ec84a1a54803ff3c	0	The Robot in My Husband's Bed	74		
6ab4ed9ac0d5c20474082911	0	Billionaire's Contract Pregnant Bride: A Sudden Marriage With Baby	75		
6abb235d54bd74f95d01337a	0	The Discarded Wife Is the Queen of Luxury	76		
6ab48fd9f9e19a102105c0af	0	THE HUSBAND SHE DISCARDED IS THE WINTER DRAGON	77	786	
6ab0fd4b08b46709f40cc875	0	You Messed With the Wrong Ex	78	1136	
6ab1e47548021082330aee9f	0	Wrath of the Sea God	79		
6ab33698b35e090c1a0cd10b	0	The Alpha's Runaway Bride	80		
6ab4ebf6f128bf3d7c0812fb	0	The Pure-Blooded Wolf Queen’s Vengeful Fury	81	1617	
6aba371e3ad229a8c30bc459	0	My Bodyguard Husband Is The Mafia Godfather	82		
6ab23b8542c0f756180f663f	0	Mistaking My Daughter For Trash	83	2135	
6ab23bf894d95228650555cc	0	The Forsaken Moon	84		
6abc69269e1e43e6060a0099	0	Forced Vow: Prey of the Vampire King	85		
6ab334ef48665b4a3603a049	0	Dragon King's Forbidden Lover	86		
6ab4860683bdb603a2093f15	0	My Archenemy Became a Cat	87	1899	
6ab9fcc20a518add9d06caa5	0	My Contract Wife Is a Hitman	88		
6ab4e0796632c4e4800fe038	0	Seven Years Too Late	89		
6abb217e9cd2da662304444a	0	My Lieutenant Husband Is the Dragon Prince	90	1416	
6ab542adc0469ddbb30a7c59	0	The Dead Mafia Princess Will Make Them All Pay	91		
6ab54091922f71fc8b0b3d97	0	The Beheaded Queen's Rebirth to Dethrone the King	92		
6ab48e82a0c9ed1a400db21a	0	I Buried Our Son While You Played Poor	93		
6ab6069d7d9f411584084db5	0	My AI Boyfriend Came to Life!	94		
6ab9c482c1adf9f92e0c5fe9	0	The Firefighter's Burning Claim:Too Hot to Handle	95	2260	
6ab336ecccc1ed13b706925d	0	My Abandoned Bride Is the Elf King’s Grace	96		
6ab337c86b95b71fbe04cafa	0	I Married a Nobody But He Was the Beast King	97		
6ab4f429f410a6d3620cf707	0	A Mother’s Revenge	98		
6ab8feee15fa455e9c062f17	0	Beast Whisperer	99		
6aba36e3031c3c5f53097529	0	The Duchess From A Tiny Fishing Island	100		
6abb20c993e66d437a0592dc	0	The Drowned Heiress Returns	101		
6abc68af88e27df7ee0d9638	0	She Returned Home with Her New Flame, And I Came Clean About My Identity as the Heir	102		
6ab33480bd2301a0260c7afc	0	The Wolf King's Late Confession	103		
6ab4ca72568f3af6c105b05f	0	Bred His Dog, Slept with Him	104		
6abc82ed6a33aad7120598ef	0	The Melted Promise	105		
6ab248725f5b9d13a104951a	0	Trapped in His Den	106		
6ab0da287a6dc71aeb08fbbd	0	My Fake Husband Is Dangerous	107		
6abb30052371d90e430fc840	0	The Fake Wife's Fatal Mistake	108		
6ab37198011591995402da38	0	The School for Bad Boys	109	1659	
6abc78dad36c2bbdb705c29b	0	Claimed by My Ex's Alpha Daddy	110	748	
6ab6084357304459cf0cfcc5	0	Divorced, I Married the Mafioso	111	1452	
6ab0fcedaab35a4c220acad6	0	Bows By Design	112		
6ab335d92b31f8a4ef0a5539	0	Second Chances After Divorce	113		
6ab33bd88b7372565c018e3b	0	The CEO’s Secret Cleaner	114	1796	
6ab9c3ce58ea8ed2c40dbdc9	0	She Dumped a CEO for Her Sugar Baby	115		
6aba36a6b0accbf6b203d8fb	0	My X-Ray Eyes See Everything	116	819	
6abb19c28da151f4330ac9ab	0	Return of the Sea Princess	117		
6abb21baec9ed3c05900a61f	0	The Day I Got Divorced, My Billionaire Mom Found Me	118	1794	
6ab4bbae9d9ed679d606a22a	0	After the Billion-Fold Depreciation, I Became the World's Richest	119		
6aba047d0738174e8e02a278	0	Traded to the Winter Alpha	120		
6ab9bf1dd37bc2b2ea0b81b9	0	Price of Rejecting Me: Your Pack's Downfall	121		
6abc8275c912ae5f8202db30	0	No More Waiting for the Captain	122		
6abcccc5d2ed84e2c80f51da	0	Saved and Fated by The Ruthless Alpha	123		
6abb210586d2231dd009f0a9	0	Remorse Too Late for Olympus’ Ashen Bond	124		
6abcc2ad27738ac4e20616b7	0	Devil's Contract	125		
6ab497d10abd6fbbd905b3b6	0	A Nun Claimed by a Vampire	126		
6ab3b1316174855ed506e6e6	0	Second Chance at Life	127	1667	
6abb198533daf5b350060887	0	The Alpha's Contract Nanny	128	1300	
6aba0cb115c52b410803c747	0	28 Lockouts, I Locked Him Out	129		
6ab4ef3d73f5cdd44e0ba279	0	After His Number Disappeared	130		
6ab8a43a2cdfd334da0580eb	0	Dear Brother, Your Regret Came Too Late	131	1666	
6ab48e7fb0cc5b02e504728a	0	The Dragon Heir’s Secret Maid	132		
6ab48f611261e140c00d2b72	0	Don't Mess with the Billionaire Heiress	133		
6ab3cfa9cada6f26bf044678	0	The Wolf King Wants Me Back	134	1795	
6ab205093b21ae6ba206d819	0	The Super Soldier of the Stunning Female CEO	135		
6ab248c64dc48c013b069415	0	Out of Prison, I Rule Vegas	136		
6aba33d6c498cacdf40bf8e7	0	The Monster Hunter's Pact	137		
6ab9c31abd062a47400e0059	0	His Dead Wife Is Getting Married	138	1415	
6aba0531e585c7314a06155c	0	I Burned My Wedding Dress Before He Ever Marked Me	139		
6aab4629cfce10cb2f06e7c8	0	Back Off! The Maid Is the Duchess	140		
6ab1e3ac6e49794ab9083a4a	0	I Married This Dragon King Instead of My Sister	141	1440	
6ab1de6d28d690b7fb088625	0	Beast Whisperer: I Hear Animals Talk	142		
6aad0ae80516965e1c01012a	0	Captain, I’m Marrying Someone Else	143		
6ab3376093ec08f4440288cc	0	From F-Class Trash to Mech God	144		
6ab2048d8abfd7acb10b5f7a	0	No Escape From Mafia's Obsession	145		
6ab4bbe9bc3838f6bb04cb5a	0	The CEO's Nightmare: Battle of the Viper	146		
6ab4b8dd7a80758e5208e006	0	Rebirth in the Sky	147		
6ab33c9101b03e493003885a	0	She Rose After Divorce	148		
6ab2332355ea89c47d07ec6b	0	Reborn: No More Mr. Nice Guy	149		
6abb22ab69b4e879a104d92e	0	Crash Into My Rival’s Obsession	150	1025	
6ab1f6c748021082330aeea7	0	Velheim Hunter Academy	151		
6ab38995984c77e9340d48d5	0	The One She Lost	152		
6abc832accc26d30ce04bb85	0	After Our Love Faded	153		
6ab24803ee19872d9b02ea3d	0	Reborn at 10 The World's Greatest Magician	154		
6abb1e714dd8dfa8c50bb85d	0	I Was Your Game, Now I'm Your Regret	155		
6ab203b08efc484015060de9	0	Wolfless Luna's Royal Return	156	1911	
6ab48f64d0f771c12b0add3f	0	The Dragon King's Virgin Bride	157		
6ab3ba913eb244b17d031ed1	0	Sexting My Pucking Nemesis	158	1472	
6ab392059db6f3a57a070ae9	0	Number One, Nobody	159	2158	
6ab397e13282a14d03058cf7	0	The Alpha's Forbidden Bunny	160		
6ab3ceb983ec64ca37028217	0	The Rejected Lycan Queen Returns	161		
6ab091947a63b274920f44c7	0	Rejected Queen	162	415	
6ab1e304ed425041e6000c30	0	Don's Back: No One Touches His Daughter	163	1798	
6ab485169b5ef8f06d0efba5	0	Star Core Rush	164		
6ab48511b7e3bc54940add55	0	The Alpha's Secret Pup	165		
6ab4f0a5cdf37341760bec69	0	The Godfather's Amnesiac Bride	166		
6ab9c2a17e569c9b2506f8e7	0	The Boss Forces My Heart.	167	2476	
6ab4bb3600201a59b408e65f	0	Boy Toy I'm Your Boss	168		
6ab4bc617b88aa5d520cb259	0	My Brother Is the Dark Lord	169		
6aad0081cdd42d3e700dcdfc	1	I Was His Secret. Now I’m His Regret.	170		
6aad007e45c728dd8c0b3bca	1	He's Not A Spare Son	171		
6abcb7346798a55c8e0f95d8	0	Honey, We Are In a Novel	172		
6aaf76aa24d852c58504187c	0	Inflated Ego	173		
6abcccfdf36814d23a0e5c9d	0	The Daughter He Hated	174		
6ab334211fe255acc0059c1c	0	The Alpha's Quest：Five Cubs Matchmakerrs	175	1129	
6aac9c43dc2d39fef301f689	0	From page to king Arthur	176		
6ab38779c694944c590230f4	0	The Heiress Returns Playing the Game	177		
6ab4caad55d7dfdf17051310	0	The CEO's Genius Baby	178		
6ab9fc0f2628d3c4e407834a	0	Royal Love: The Stand-In Is His Lost Love	179	2134	
6ab484223a0f7235a50dd577	0	Broke off with the Nether King, the Saintess Regrets Madly	180		
6a9800d0f765e466fb0f6137	0	Mafia Boss & His White Rose	181		
6a97c77ac55be74ed20960cf	0	President's Sexy Wife	182		
6a9a239b2e03f385b00d4649	0	Unlawful Desires	183		
6a9a7bf724e9a2fabe0b0760	0	WILD RIDE WITH MY STEPBROTHER	184		
6aa37a6243aed75954074e38	0	The Billionaire's Rescue	185		
6ab0f1a2018580c9820e1475	0	Stolen Identity: The Billionaire's True Bride	186		
6ab335709a52d1898e0f969e	0	Reborn to be the Dragon King	187	1040	
6abc88caa3fa99a20f001bf0	0	My Alpha Betrayed Me After I Got Pregnant	188		
6aaf3bedef67df672b0dfab7	0	Flash Marriage to the Hidden Billionaire	189	711	
6ab4f2fe9369192e17015ae0	0	The Mercenary Mom Is Back	190	842	
6aaa72c037997939fc0f6788	0	From Plus-Size Girl to Campus Queen	191	1110	
6aac991ac8ded976b8005a5a	0	Don't Touch My Son：I Am The Heiress	192	607	
6ab0966c2eac8bc8bb0d3e4d	0	Hearing the Little Alpha's Mind Saved My Life	193	1267	
6ab335b1c0199bc6f502eac9	0	The Sealed Farm Daughter Is the Bloodline's Queen	194	910	
6ab9fedd7a2c7cfffe0f8074	0	Congratulations, You're Linked to a Walking Disaster	195	1073	
6aad2c67eab86c100a0e994a	0	My Two-Faced Fox Mate	196	977	
6aab8922088de5d31c0c436b	0	Refund Denied: My Serpent Slave is a Dragon!	197	1673	
6ab0db3b4bacaf3cf90e3f15	0	Seven Years a Curse, Then the Abyss Came	198		
6ab3ac0afbd298323302ecf0	0	The Heir They Threw Away	199	1438	
6ab4950d61907b83ba0eb8da	0	He Called His Wife a Vase	200		
6ab4ee4d8ee3a23f97044324	0	Dude, I'm a Girl Now	201		
6ab4951019f6b3d4f506c81f	0	The Weakest Orange Cat Is the Strongest Golden Tiger	202	1152	
6ab9c8b9c641a6684b078d4a	0	The Mic Was Still On	203		
6ab9e34b34886c11c4092730	0	SCORING WITH MY EX'S RIVAL	204	1275	
6ab1e934b02538fac509bc4f	0	Welcome to the Pro League	205		
6ab0f46996aa27336c0f6a39	0	Accidental Vows	206		
6ab2155e9df6bcab89056d99	0	Oh my god—I'm carrying the Wolf God's pup!	207	1797	
6ab21509aeecd330170eebc7	0	Six Royal Uncles, One Dragon Princess	208	1448	
6ab9ccf1569baf55990e3f20	0	The Villainess’s Fifth Life	209		
6ab9c22a20b8ff5a830ffba7	0	The Dragon King 's Bride	210		
6abb176b85b71339340d3c27	0	My Crush Has Always Been Me	211	655	
6abb29ee14ee347f860fa1cb	0	The CEO's Fake Twins	212		
6abb5c1691bbd6f99000f9b5	0	The Reborn Queen Path of Dominion	213		
6abb5d05140ead30d90b69e5	0	That Good Girl Is a Boss	214		
6abb5e36af4116b1ea043387	0	The Daughter They Cast Out	215		
6ab9ccf6fafd447ffb069b4e	0	Sacrificed to the Abyss, Crowned by the Dragon	216		
6abb5e6fe6fadd9a0e0114d7	0	Sweet Experiment With My Sugar Daddy	217		
6ab49f52f7f5f54f640d4863	0	The Billionaire Boxer Fell for the Plus-Size Heiress	218		
6ab4f11fd40737c8aa0b078f	0	Taming My Five Beast Stepsons	219	961	
6ab9c931d4b67ee9f609dada	0	Lust & Lies: Falling for My Sister	220	1340	
6ab4f1596688d318da0d9db2	0	Forbidden Bond: Claimed by Three Vampire Heirs	221	697	
6ab335600f537a7e080bb1de	0	The Lion’s Lost Blind Fated Bride	222		
6ab33a161c885770a70cfbfc	0	Whispers From the Womb of Luna	223	1380	
6ab33905040d8c38980fe439	0	Falling for My Tomboy Alpha Roommate	224	1252	
6ab33e17bac521fcb106ac77	0	He Loved the Wrong Brother	225	664	
6ab349fc0a88dc67f506b65d	0	Magic Failure's Phoenix Fate	226		
6aad0fc58e4c82d6770d6c31	0	Kneel，Thunder Queen Returns	227		
6ab0f4041c28a715760cd0a1	0	Alpha's Fated Contract	228		
6ab0fb435d496c921706947d	0	Hiding the Mafia Boss's Billionaire Heir	229	2378	
6ab1e8a43e9d1039780d3b9d	0	Delivery Rider Turned Doom Survivor	230		
6ab22bef06843159ac0c9a18	0	Destined Glass Slipper: Twins Matchmaker	231	2473	
6ab4ef79e39a830ab3083d12	0	Saved My Life, No More Love	232		
6ab4ef01b13ef3d23e0f74c2	0	The Girl He Lost in the Flames	233	1053	
6ab54ae183888419ff0b1589	0	Water Broke, Heart Broke	234	1593	
6ab5d43904b6a120990e87f7	0	I'll Never See You Again	235	1507	
6ab386c65ea428ef3e0c0666	0	After I was sacrificed to the evil dragon, my brothers regretted it	236		
6ab3b479e9c7f3df880e43c0	0	The Finall Play	237	970	
6ab330b11fe255acc0059c19	0	Beast Cubs Matchmake Their Parents	238	1589	
6abb1679d7cafc4ace0ec2e8	0	Love Came Too Late	239		
6aab8d2d52849f2d1006048b	0	The Wife He Should Fear	240		
6ab49c469958d02d9f0d7caf	0	His Surgeon Princess Consort	241		
6ab38701ee12cda71b0332fc	0	Contract Ends, Love Never Does	242		
6ab33377336edc96540e6689	0	Seven Alpha Wolf Mates, I Cast Them All Aside	243		
6ab49d3661f3258f2d05a8db	0	Forced to Bear the Dragon’s Heir	244		
6ab49dec4a24f137390e16aa	0	Fatal Vow Swap, I Rule the Castle	245		
6aaa31f82dd0c8ec8d0dec38	0	After She Vanished, The Alpha King Regrets	246	991	
6a94de7260c844205d04244a	0	He Left Me at the Altar, So I Married the Man Above Him	247		
6ab1f677f4bae05d3b03d4e0	0	My Wedding Was Supposed to Be His Funeral	248		
6ab34a843087e011030699de	0	Dumped by My Ex, Chosen by the Dragon King	249		
6aaa3dd87b1c44ab070000bc	0	I moved on, and he fell apart	250		
6aa37a4943aed75954074e35	0	Ms. Billionaire's Love Business	251	2380	
6aa37a12b55dd4a1cf053ff6	0	My fated Alpha: Rejected and Reclaimed	252		
6aa37981e0b00997b80f0703	0	How I became the CEO's darling	253		
6a9a23d7d019e2250904d6a5	0	The Intern is the Undercover Boss	254		
6ab48e7290a90172fe09635f	0	Roaming the World Untamed	255	2257	
6ab3d9467005444d100a9527	0	The Alpha Who Let His Luna Die	256	903	
6ab33610ae7501f30b0068ac	0	Hunted by the Alpha	257	616	
6ab0f388752914e8e50fe57e	0	The Dragon Lord' Daughter	258		
6ab32cfcf20879dc290f9f99	0	The Luna Swap	259	2457	
6ab9c1b2ea7df2f63e086397	0	Don't Call Me Aunt	260		
6aa39542cfad6e0f1e036697	0	Divorced and Billionaire	261		
6aaa499978f034adc00571ce	0	My Sister Ran, So I Married the Don	262		
6aa7778e38d2cb6ba80c50e5	0	Oops, You Messed with the Mastermind Queen!	263		
6aab649675afa6ca50014cd1	0	The $50 Billionaire	264		
6a9a616c75a26d4b52079b89	0	My Wolf Chose Her, but the Alpha King Chose Me	265		
6aa24f8c75dcbe9d3807009c	0	Rejecting My Three Suitors After I Slimmed Down	266		
6aaf575be7862770da05312a	0	Hidden Values	267		
6ab090132d78d85715058dcc	0	He Marked the Cheer Captain	268		
6ab9d9a3cd773b4bb00ab1e1	0	The Cat Spills.The Whole Mansion Spoils Me	269		
6ab33da438eb52161700fb25	0	One Night with  the Vampire Lord	270	1582	
6aafe6410426c658030ac987	0	I Married My Cheating Ex’s Uncle	271	1301	
6ab0f32835b6b75a6d031850	0	The Swap Game: Claimed by His Uncle	272	1520	
6ab33ad4ccc1ed13b7069262	0	The Billionaire's Contract Bride	273		
6ab336437702dd71b104beee	0	Owned By My Fiancé's Uncle	274		
6ab34c188a29e5ccca0a54ac	0	The Crown of the Abyss: The Mute Bride of Atlantis	275		
6ab48061918b4e60f00b10ec	0	Post Release, Deeply Doted On by the Seal Master	276		
6ab487a64658c29b410878c6	0	Apollo  I’d Rather Marry a Monster	277		
6ab4e7fbe4534157b709f74f	0	White Wolf Rising	278		
6aaa12d1891adb6ff8063355	0	The Billionaire's Superhuman Maid	279	1595	
6ab3852b3150acd59f00280f	0	Daddy's Regret Comes Too Late	280	1616	
6aafb955dfd772fec90978d3	0	Gone Before the Vows	281		
6ab3852676234689d7078281	0	The Divorced Billionaire Heiress	282		
6ab4957a73eff4c1e00f242b	0	Wrong Door Right Girl	283	1725	
6ab4c2f1a5e1bbcdc20dfe49	0	Clinic Miracle	284		
6ab47fe9e5897872360ccb9b	0	Warlord of the Wastes: Rise of the Beasts	285		
6ab0f9d1fa6d3a3e98004385	0	The Dragon King's Secret Baby	286	1228	
6a90f6d101e2de15180ff0be	0	Rejected Bride, Reborn Dragon Queen	287	1208	
6a94dcfdf713c2ef4504a2d5	0	The Alpha’s Luna Was Already Dead	288	979	
6a94e555fcfb758a6d08267d	0	My Son Crossed Me Out for His New Mom	289	1375	
6a981a168259296cb909cc7d	0	My Black Python Wants My Eggs	290	243	
6ab32d5b144ab8635400e759	0	Alpha Heiress Reclaims Her Pack	291	837	
6ab3b5adb0a5c3756705d7d1	0	The Ice Man	292	1379	
6ab25bde66329a7d78047348	0	The Exiled Alpha Queen	293	1356	
6ab231080b0eb5beec035a9b	0	The Midnight Village	294	1102	
6ab0f2cfad306f3419085d35	0	The World's Deadliest Body Guard	295		
6aad0e71e01e8ab9e30dbdc4	0	Space Cowboy's Royal Escort	296	1761	
6ab2149f105785493d09a90b	0	My Ex' Uncle, My Possession	297	1793	
6aaa0e179bb2187fdb056d2e	0	Daddy, I Got You a Wife	298	1089	
6ab3497f6d9115f4f90a9c89	0	Never Look Back: The Dragon's Contract Bride	299	1612	
6ab08f0f67e561dc9d0581fb	0	Silent Wrath	300	1157	
6ab1df083f2620d4610235b8	0	The Mafia Don Got the Wrong Wife, So I Ran Away Pregnant	301	1042	
6ab1e02e895cc75bc70e42e7	0	King of the Dead	302		
6aacad376b92f600750e210d	0	The Dragon’s Heart Oath	303		
6ab4c202e4f2f95edf00dff6	0	Paladin Betrays God for the Wolf	304	1205	
6ab4d35903843de2550bc032	0	Chosen by My Olympian Gods	305		
6ab332d3c6d934532a02380c	0	Dragon blood Uprising	306		
6aafb8dca89958edc3091bd0	0	My Demon-Hunter Ex Returns to Expose All My Lies	307	1590	
6ab1dfac491ed2935d0abde8	0	Silent Dad, Chatty Fairy	308		
6ab33273eb36cab19f067a7a	0	Lethal Vows：Married to My Rival	309	1033	
6ab1e506d70c17e43b09791f	0	Invisible Wife,Tragic Fallen Angel	310	1236	
6ab0f24d963f1a91c60ab186	0	My Taxi Driver Ex Is a Billionaire	311	515	
6a8752ac7c23cb02b40f062b	0	Just One Kiss	312	260	
6ab32e05b9a3484878090439	0	The Fairy Who Slept Her Way to the Throne	313	920	
6ab21030213827243c039eab	0	Don't Wake the Dead Man	314	529	
6ab00279b22e3e67590f8527	0	Swapped Bride: Awakening of the True Princess	315	557	
6ab3cafad3dcc6d3860bae2a	0	My Name Is Not Maya	316	304	
6ab0f66c6be902e3720136d8	0	Stolen Identity	317		
6ab33b6f8f705409d20c581c	0	The Wolf's Painter	318	699	
6aa9fa044ef91e80a602672b	0	The Toilet Portal: Feeding a Kingdom Across Time	319		
6aafe6a0807f36ffca0c1225	0	The Unchaste Charge:Plaything of My Husband's Godfather	320	1620	
6ab3b403815ce855ac0cdab3	0	My Bride's Ex on Our Wedding Bed	321	1273	
6ab23b0744a8ec6e99098a6e	0	My Two Spy Daddies	322	1020	
6ab3300cc560130968048e59	0	He Lost the Mother Who Raised Him	323	2353	
6ab229d4d0333c9f0c05cbb2	0	Factory Girl to First Lady	324	707	
6aa9faaeb933c4e0af08690a	0	Trapped in the Book as His Worst Mistake	325	1663	
6ab2297a2b70507c99058f86	0	The Beast Whisperer: Rookie Cop's Revenge	326		
6aafe4517ca9bff32e086f29	0	The Queen Who Never Aged	327	1224	
6ab23639274315766a027a6e	0	Tiger Mom Rewrites Her Family's Tragic Fate	328	1034	
6ab4ba46eff8a70dc906f185	0	His Golden Touch on My Body	329		
6ab4ba81a1b836a1c40b1457	0	Savage Prescription	330		
6ab3cc6bccf5221f6c029385	0	Forward, Without Him	331	710	
6ab3b16de15ba58c99095aff	0	Not Daddy Anymore, Just Alpha	332	1627	
6aaf478c87526e1dea08542e	0	My Twins Picked a Billionaire Dad	333		
6ab33143194f80d99c01fa0b	0	Apocalypse Siege: King of the Awakened	334		
6ab331fbf2310964420250aa	0	Her Last Laugh	335		
6aa9f635d53268d99c0d848b	0	Seven Days Thirty Again	336		
6aaf3ccdef67df672b0dfabd	0	Obsessed by My Stepbrother	337	2371	
6aafa66280208b713c0e08c9	0	The Husband She Took for Granted	338	627	
6ab1e1d70d218e897d0acbd8	0	The Odyssey: A Warrior King's Homecoming	339	1583	
6aaa3f867b1c44ab070000c0	0	A Father's Redemption	340		
6a838daf0154926396056229	0	The Husband She Took for Granted	341	1367	
6ab11e0af321a3292b05419b	0	Never Reject a Dragon Princess	342	2354	
6aaf9bcc7bfb882718056152	0	Divorced: Claimed by the Mafia King	343	723	
6aaf3aa4bdadc9280a004fa7	0	Nanny to the Boy Who Hates Me	344	432	New Episodes
6ab348feba9317afa50b2758	0	The Frat King Who Made me Shine	345	1052	
6aa9f6e93d1b0759cb0d914c	0	Too Late to Love Me	346	1334	
6aacd9e3b5c952d0200aa70b	0	I'm the Human Who Hunts Fiends	347		
6aaa58e56a90084bd304022e	0	The Vote Queen: My Mayor Ex Can't Have Me	348	1517	
6aafe5aff6dc4eb1860c97b8	0	Six Nights Before I Leave the Elf King	349	1561	
6aafe4acab96224b3001e285	0	The Blacksmith Is Thor's Son	350		
6ab0fdc3cbcb2ebce1075adc	0	Mommy, I Found a Brother!	351		
6ab234fe8dc278cca60fc03a	0	Throw Me Out? You'll Beg for My Help	352		
6ab236bcb235657242087cf8	0	The Day I Stopped Paying	353		
6ab32f64046004cac60040da	0	I Paid a Fortune to Swap My Sister's Groom	354	1594	
6ab32ed159fe702cf703f2fb	0	He Fell for the New Me	355	1065	
6aaf40ddadec8186070b64eb	0	The Revenant’s Vow: Shattered Crown	356		
6ab39949ec17d073650d5236	0	The Black Wolf They Cast Aside	357	1242	
6ab21823b1f659cce405a239	0	Bedded and Buffed: Claiming My Shifter Harem	358	1882	
6ab3cc6204c812d3fe03b9c5	0	The Last Daughter of House Vale	359	913	
6ab379a5966635495c0b52ad	0	From Omega's Prey to Luna Queen	360	1467	
6aaf47139e6ed4ef06084606	0	Hidden Heiress: Spoiled by Five Billionaire Brothers	361	1104	
6aafb8460dcf8319bf0f6061	0	Reborn at Five,He Wields the Thunder God's Hammer	362		
6ab090e57087873df908c6d9	0	CLAIMED BY MY ALPHA STEPBROTHER	363		
6aa37dba78a4f8b71e0fab25	0	Crown of the Nile: My Beggar Husband is the Pharaoh	364		
6aad112d89bf7cfe830389ca	0	Bloodbound to You	365	1245	
6aa9f95fed354c18f70c92c4	0	Loser? I Have the White Tiger!	366		
6ab2545c0b0eb5beec035ab4	0	The Void Realm	367		
6ab254c59dbc9a756a0c3761	0	The Forest of Laws	368		
6aaf5144865374f888020127	0	Slimmed Down, My Wolf Crush Recognized Me	369	2458	
6aacd6048765c9ffb501803d	0	I let her have all. They live in regret	370	2221	
6aaff98c9bcab205770fed07	0	That Soldier You Betrayed Is The War Master	371	1456	
6aaf9af0a11474059c0d6830	0	That Beggar is the Grim Reaper	372		
6aaf52d36f4b58546800f727	0	King of Guns	373		
6ab4b960b1ed19fd1408979c	0	The Ten-Million Dollar Trap	374	2186	
6aac937052b71ef598001385	0	The Last Ark to Mars	375		
6ab4c8917b513874d10ce70b	0	Stolen by My Fiancé's Uncle	376		
6ab4b9cdc4ba90cc8d07abda	0	Daddy, We’re Secret Billionaires	377	785	
6ab4c9bd5a789dd450019b7e	0	My Commander Husband Chose a Cat Girl Over Me	378		
6aa9f4fe836e550fa6010f87	0	After My Three Alpha Childhood Sweethearts Abandoned Me, They Regretted It	379	2263	
6aaa3ef79254462ce808d599	0	Marked by the Wolf King, I Return With My Fierce Cub	380	1347	
6ab32c29ccc1ed13b7069259	0	The Mafia Boss's Stolen Bride	381	1760	
6aaf3b7430c3de34eb028e69	0	The Dragon God They Dared to Mock	382		
6ab3d3e175d464255e0e0eb7	0	Five Years Desert Exile, His New Bride	383	862	
6aaa11db6f352adbdf0772d6	0	The Don's Fatal Tenderness	384	1562	
6aafe54ce40f321ba40e4177	0	He Sent Me a Lover	385		
6aa9f4a043c4c60e65055cc5	0	The Billionaire Ex-Wife	386	517	
6aa9f419545e4f0dda08be67	0	Beg Me to Stay	387		
6aaa670926f21fbf730dac6f	0	Carrying the Oil Baron's Four Heirs	388		
6aaa3e4b39f2eeea4f0221fb	0	Pregnant Yet Mistaken for a Mistress	389		
6aac9eeb32ec848a9b0e9f4b	0	His Late Repentance	390		
6aac9a50a5aa71b036008ada	0	Transmigrated, I Married the Reborn Bride	391		
6aacf175492366b04d06bbc8	0	Taming My Mafia Master	392	1660	
6aaf3c5f04e5c4d1a70a1159	0	My Lady Is A War Goddess	393		
6aafe2f45173068ce80665a5	0	His Healing Touch	394		
6ab1ddb848021082330aee99	0	Weightless Rose	395		
6ab3b0f68eb57767b80f5732	0	The Billionaire’s Daughter Chose Me to Be Her Mommy	396	249	
6ab3b2d5e17b057dd6095bcc	0	The Demon Lord’s Contracted Princess	397		
6ab3a84d5d7b4f9772012c7e	0	The Comeback Heiress	398	787	
6ab393313ee58baf990638b5	0	My Ex-wife the Mafia Princess	399	1664	
6ab3afc9a74fce7ab402b4d3	0	Ten Years of Lies, One New Beginning	400		
6aaf466ac9a67ebbca0ba786	0	Jilted at the Altar, I Flash-Married a Mysterious Billionaire	401	1203	
6aaa14204fc571a2ed097347	0	Dear, the Baby Isn't Yours	402		
6aaa135821de4aa3580f1cbe	0	The Price of Losing Her	403		
6aaf76be9884ddb0cc07604a	0	I See the Death Countdown	404		
6aaf51b6ca29c0aa920114f7	0	Game of Blood	405		
6aafb7a6a0a689b4a00e725b	0	One Night Love, Fated Forever	406		
6aafe3e44a1671622a028fe7	0	Romancing Beast Husbands, Starting at 200 Pounds	407	2477	
6aa9f590767637836d0f4078	0	Three Vampires, One Dragon Bride	408	1462	
6ab38a49ca1f5e1cc30a1a62	0	Every Night With You	409	742	
6ab1dc7e3d722d363b018ae7	0	Zeus Came Back for His True Love	410	1355	
6aaf3b15441c943bad0b20c7	0	Mistaken for His Mistress	411	2377	
6aaf3a9dbe776ffafc04f5e7	0	The Dragon King's Slave Mate	412	743	
6aafa7fc530d47585a054f74	0	The Triplets' Final Regret	413	237	
6aaf6c6449315e6453090bd9	0	Marked by My Duke Daddy	414	459	New Episodes
6a8387a6232923bdbe0d2b5b	0	Bitter Burn	415	81	New Episodes
6ab10341c781b34b6c0be467	0	The Blood Pact Game	416	498	
6aa9f8baef223a8a350f942c	0	Daddy's Back in Action	417	1013	
6aa9f30660d949781b0ef205	0	Feeding the Dragon's Desir	418	1122	
6aab4d8854f988d93b0a4c97	0	My Beggar Fiancé Is the Billionaire Wolf King	419	720	
6aab4ffcaa1ddc954a083e5c	0	Rejected by My Alpha, Chosen by the Strongest	420	506	
6aac98d5a2d88f76250558bb	0	Heavenly Sovereign	421		
6aaf3aadfa2475c6b7090017	0	The Mermaid King Begged Me to Return	422	895	
6aafe367524deb94ed0c5145	0	The Mermaid I Bullied Is My Daughter	423		
6ab2325ce4f8defebe092f1c	0	Betrayal at the Altar	424	1079	
6ab214222bbdc12d830988f9	0	Bloodline Paradox: Silver and Shadows	425	418	
6ab2372e07911a72630a6bef	0	Watch My Cheating Husband Fall	426		
6ab2460459c308a21f056a71	0	After I Gave You Everything	427	1243	
6ab380374010d8bfc50a1c79	0	Alpha’s Cursed Mate	428	649	
6ab380e9addfe9e4cb0683f1	0	My billionaire roommate is the Demon King	429		
6ab3807325f66741d7075b0f	0	Son from the Future	430	1287	
6ab381270dd9448d8b08c151	0	I Married a Family of Liars	431		
6ab381623da8fdcbfd0eaf0f	0	Our Crew Has No Tomorrow	432		
6ab38172147919b579093add	0	My Pup Became My Alpha	433	554	
6ab3816aa5d7be7795094352	0	Death Forgot He Loved Me	434		
6ab3819d0b3e9246fc0e8c3e	0	This dragon eats memories	435		
6ab381a16cb4df6d2a054ba6	0	The Bakery Queen and Her Five Exes	436		
6ab380ed0293757f780fb454	0	My Patient Is a Mermaid	437	1277	
6ab12383f9eb8ee2aa08aa9a	0	Boyfriend Sleeping with Another Woman	438		
6aaf4731567556b68702a229	0	The football captain insists on drinking my breast milk	439	722	
6aaa11f0991cb724880c588e	0	Ruthless Billionaire's Maid: Bearing the Secret Heir	440		
6ab0933d8ba05fe9750ac71c	0	LadyAid: From Dumped Pauper to Tycoon	441	754	
6aaa1547ad8b86eca7057727	0	Awakened Dragon Oath	442	1784	
6aaa5ca0d8704222850a577a	0	The Forgotten Blood Heir	443		
6aad031874dc6a0a85073c6d	0	At the Mercy of My Vampire Ex	444	268	
6aaf3d86e270e34e33026b1b	0	I Woke Up as the Villainous Guide	445		
6aafac2a04aac7f8cb012447	0	Blood moon dominator	446	635	
6ab0dd3efcd55b2fca0e84bd	0	His Defective Robot Boyfriend	447	660	
6aa7f9fc07ec76eb9509e921	0	The Billionaire's Forbidden Nanny	448	1381	
6aa9f50eff2bdf92390dcd37	0	The Omega You Mocked Is Your Goddess	449		
6aacd2ad5611e2928b0c5c98	0	Married Off To The Cursed Alpha Daddy	450	277	New Episodes
6aabc45f8f37c9b52c024b26	0	Eight Heirs for the Dragon King	451	2262	
6aa75714f2ca5cb7f40ee354	0	Fleeing in Chaos: The Celebrity Mom	452	790	
6aaa596c0424e9843907daea	0	Run, Mommy! Daddy Is Coming!	453	1799	
6aab51be63a1e2776e066778	0	Fake Dating My Football Rival	454	606	
6aaa59fdad3c5585c60c68c5	0	My Fiancé Lied, So I Chose His Brother	455	1030	
6aab56599dd55c68fe09057b	0	‌My dragon husband‌	456	839	
6aad0c922905ea4b3007f469	0	Apocalypse Tyrant Tames the Zombie Queen	457	1061	
6aad0d2372afde7c390830b0	0	Elegy of the Damned	458	1117	
6aa9f7cfa7d2efe4ed0f962f	0	I Married a Star Lord	459	788	
6ab1dbdd57702faa710e1557	0	The Big Wife's Revenge: From Model to Queen	460		
6aa7d18a729361e7e207336d	0	Hale Heiress Strikes Back	461	1457	
6aa90162f49e3424d2085207	0	The Billion-Dollar Heiress’ Reckoning	462		
6aaf3b38f67b065cc101b767	0	Speed and Death	463	1511	
6aaf3b3bf499ae4fe9071a07	0	Fated to the Cruel Falcon	464	1127	
6aaba53318dcc44dbd00634f	0	After Seeing Their Soul Colors, I Gladly Chose the Poor Family	465		
6a838595487d2558ff0a648a	0	I Don't Need No Alpha Brothers	466	62	New Episodes
6a9e1564668ea4a80b077b17	0	The Godfather’s Hidden Wife	467	1575	
6aa7679f33c68355850005bc	0	King of the Four Seas: Legend Reborn	468		
6aa756337b3ea9ca6e0e382e	0	The Robot She Cheated With	469		
6aab4ef2fee11281e7090168	0	The Crown's Forbidden Pet	470	321	
6aab4e26c39f8f9ed40ea638	0	The War God's Commoner Bride	471		
6aaa5873c4762a7c080b5edc	0	My Secret Son with the Billionaire	472	884	
6aab55d320d9c973640bbbae	0	The Wolf King’s Cub Comes Knocking	473	1048	
6aab4f7445ee0eec6a0c3a68	0	The Useless Princess Turns Three Beast Lords into Her Servants	474	1722	
6aad0b798f6a7e56ac09c191	0	Kiss the Vampire or Die	475	119	
6aab92e6bbf815412b08a3a6	0	His Caged Angel	476	1295	
6aad0bde39f21a7bd10aa53d	0	Buried Alive, I Became My Enemy's Sister	477		
6aafa9872f378a0b720251f2	0	Reborn Before the Impostor’s Wedding	478	985	
6aafa8f67f299dc17e02b3e7	0	So close, yet so far the stolen princess	479	2072	
6aa7d0fe95f53e3eb10764d4	0	I Athena Married the Demon of Sparta	480	1140	
6aa91544e0f4acabb404f2ec	0	The Stand-in Bride	481	1027	
6a9fc9dea2102d5c600d47d6	0	Mommy by Mistake for the Abyssal Tyrant’s Baby	482		
6aa751916ed7715abe04f0e7	0	Bound to the Mob Alpha's Baby	483	2264	
6aaa008f38bdf5f65a0af22b	0	My Four Beast Daddies' Regret	484	1229	
6aab87f6f118c0c3b00ccbb8	0	Between My Ex and My Stepson	485		
6aaa73d81c3de108910ef9a3	0	The Don's Abandoned Ex-Wife Strikes Back	486	1037	
6aa89f9e91cc2ef1d4004b47	0	My Husband Played Dead. I Made It Real.	487	789	
6aa20b80756571a6090712d5	0	After My Fake Death, He Went Mad with Regret	488	1519	
6aab6504d2ab3aadf90598bc	0	The Wolfless Queen	489		
6aa361dabb9c46cea20e79f9	0	I Signed My Divorce Papers on the Operating Table	490	1240	
6aa3983abe67c2f3dc0c9699	0	He Swapped My Wedding For My Sister	491	1007	
6aa80857faf5b28f7808e34c	0	Faking It with the Quarterback	492		
6a94e55ab7f35041b608930b	0	The Luna Who Broke the Bond	493		
6aa900f9e8d62ec0ee0778a7	0	Buried by Lies	494		
6aa8085c5d250d8e3a027c43	0	The Wife He Buried	495	1747	
6aa0b83410e6e406410874a7	0	Escaping the ER Death Trap via Scrolling comments	496		
6aa7a51101b1d5af8f0ddc77	0	Rejected by the Heir, Crowned by the Dragon	497	1010	
6aac91fa5d27d6cfab09a235	0	Alphas Never Kneel	498	516	
6aa9f3cd0cf84de170032bc9	0	Five Keys, One Hidden King	499	185	New Episodes
6aabe2c2ddeda4f8620cf697	0	Prep School Pop Star!	500	835	
6aabb8c90f0428a0f00f0531	0	Seven Sins! I claimed them all!	501	721	
6aaa57b4632ee09e940d9d47	0	Betrayed, Broken, But Crowned the Dragon King's Queen	502	670	
6aaa57320abf12301005e94e	0	The Nether King's Bride	503	1783	
6aaa14d443e718e18b003f94	0	I'm a Witch, But I Just Want to Farm	504	2379	
6aad09d6d9fb4f26d60a2f62	0	My Security Hubby Is a Billionaire	505	815	
6aab4a1d8685c77e080295d5	0	I Killed a Dragon, I'm Still Weak	506		
6aab4774d2c373b7230c4fc7	0	The Defective Wolf at Magic Academy	507		
6aad0a3416f5bf02f00d1f25	0	After I Married Another, the Princess Broke Down	508	1613	
6aad87adccf51211d602eaf5	0	Married to the Billionaire CEO	509	402	
6aae902a8b430d94100b20e5	0	Rejected Luna is His Fated Mate	510	315	
6aa90090da9bb5eb7e021a21	0	Hidden Bloodline, True Crown	511	1449	
6aaa2a9b75973e08a701355e	0	The Black Comet Hidden in Plain Sight	512	1360	
6aa9148b26edef79ea0deba4	0	The Years I Lost You	513	1726	
6aab8ca660f347ab7000a51c	0	The Janitor Runs This Tower Now	514		
6aa9f4450efc92eabb076257	0	The Unbreakables: Super Son Returns	515	863	
6aaba61edaac82ea3708d8e8	0	From His Prank to a CEO's Arms	516		
6a9e712bd0b8f123e205dc66	0	Alpha's only mate	517		
6aa935882bbb80a92d0a6aaa	0	The Reaper's Fated Bride	518	1018	
6aa39e12f4ae9dbd480c9e1f	0	My Worst Boss Is My Online Crush	519	1026	
6aa221dcce316629590e2bed	0	Claimed by the Prince：the Forbidden Wet Nurse	520	724	
6aa8dad9632d51a1f901d837	0	Pregnant by My Ex's Father	521	162	
6aa7df9fef241e84980c21b1	0	Asura Dad: Hands Off My Daughter	522	1409	
6aaa1042abae29938e04b14e	0	That Great Emperor Is My Dad?!	523		
6aa911ac6f6588b4d906af45	0	Married to a Fisherman, But He Is Poseidon	524		
6aaa113cd63ef816d20795e8	0	His Ex-Wife Is Now Empress	525		
6aad0945bbe5285ac30ca2cb	0	My Limping Husband Is a Billionaire	526	729	
6aa764892d395f6ee40b75d1	0	Betrayed by My Wife, I Return for Revenge	527	1257	
6aa35dfd4d5aaf051600f537	0	Becoming the Heirless Dragon King's Fated Mate	528	1146	
6aa902759f0e8f89050c71b9	0	Bride of the Goblin Lord	529	1221	
6aa7c50450460871b005c79c	0	Wolf of the North	530	1244	
6aaa72b1239fb7032b010b89	0	Five Winters With Her, Five Fridge Magnets for Me	531	1202	
6aaa467ef1bb6a94f302578d	0	Five Years of Secret Love, He Married My Best Friend	532	681	
6aa8a3355bc79b35270882d6	0	The Dragon Queen's Gambit	533	182	
6aab4b067fdcbbeca5057c79	0	Til Death Do Us Bind	534	2336	
6aa8de7551a9de06c40dcb4b	0	A Joke Destroyed My Child	535	1343	
6aa8a5d7f08dff1bf80a3bda	0	Tenth Wedding, New Groom	536	1090	
6aa76218b3be27359003c45c	0	Rejected by My Shifter Mates, So I Walked Away	537		
6aa761a47260cccce80da797	0	The Godfather's Legacy	538	983	
6aa3a8de4c3ae91aba01e787	0	Bullied Girl	539		
6aa7c48c23b93c5a45037511	0	Blood Harvest	540	1078	
6aabaeceb29a9b4590020ef1	0	Spend on Her, Get 10,000X Back in the Apocalypse	541	1023	
6aabb1e4b185f80695072f0d	0	The Cartel’s Contract Bride	542	313	
6aaa5ad912516e61c1098431	0	Bully at School, Sugar on Live	543	369	
6aa75dc1403da2c10709f263	0	The Mermaid Princess They Betrayed	544		
6aa363fcff2ecd8dfa08cec9	0	Bride To The Beast King	545	1108	
6aa913d2b2a74823790d26e0	0	Blind Date Mix-Up: The CEO Fell for a Foodie	546	1443	
6aaa0ec61c177021650713ab	0	The Desert King's Lucky Bride	547		
6aa9f39846fc429c40053977	0	The Hottie Tycoon Has My Back	548	1216	
6aa934f2eca06874040634ce	0	I’m Pregnant With My Boss’s Triplets	549	1751	
6aaa0f8e6b8e83505f0b9260	0	Your Boss Becomes Your Stepmom	550	984	
6aa753ad83b3abf3980648be	0	The Slum Girl Who Became a Billionaire's Wife	551	1494	
6aa24d84108f6e31d2089c0a	0	Bought by the Cold Billionaire Season 1	552		
6aa0c5b89614c7bd950b6937	0	Claimed by the Deep	553	2381	
6aa763dfdc1f826b5f0bf667	0	The Scent That Found Me	554	1624	
6aa74fd0284d7b1e3c01c815	0	Bound by Revenge: His Captive Toy	555	1094	
6a978d62d39ee22b0809a61a	0	The Heiress and Her Bodyguard	556		
6a980076f13d3495f40738c7	0	Stitches of Regret: The Mistaken Heartbeat	557		
6a980049dd7014e615023656	0	Pregnant With My Rival CEO's Baby	558		
6a98009900cc0a5306089d68	0	After all this time	559		
6a9800b248622bf1570a9af9	0	My Vampire Husband Wants to Bite Me Every Night	560		
6a9a23b9ca2b55f8720f29e7	0	My Exclusive Client	561		
6a9a2369ee2213761601a3a7	0	Call Me By Your Heart	562		
6aa379f422ecaa8bbf0b5fc4	0	The Returns of Billionaire Mom	563		
6aa37a268a96e906d800f81b	0	The Secret Recipe to Snatch a Billionaire	564		
6aad0cc3f95e53059606ca7f	0	The Mafia's Accidental Queen	565	2261	
6aa2710cee2da5f5ee090558	0	Countdown to Leaving the Alpha King	566		
6aa908aa2865d3720a03ee64	0	A Kiss on Your Faded Heart	567	1382	
6aa8dd440365004aed09970e	0	Quads, Mafia Divorce ——I Took the Money and Ran	568	868	
6aa362809c3d2a806c09b7b5	0	The Godfather with Amnesia	569		
6aa7be510277dd3ed1059830	0	The Freshman’s Secret	570		
6a8412f4c23076e04c018eac	0	The Son They Switched	571	1463	
6a9515ca502eb5a8560a29e9	0	Driven by Love	572	625	
6aa37cede917b4216b027db0	0	The Price of Blood	573		
6aa12ea4e890941d9e01f2b3	0	He Called It a Prank，I Called It Goodbye	574	447	
6aa2603fa4ffa6e81f0cda59	0	My Husband Lost $10,000 at Poker, So I Went All In	575	738	
6a9e7a740bc0a33f1e000e25	0	A Promise to My Fallen Brother	576	629	
6aa360f038aaa7ec8d04c5a5	0	Doted by the Big Shot After Betrayal	577	1024	
6aa360410c264fcce2032e1c	0	Weak in Sight, Keeper in Secret	578	2188	
6aa215a349c5e588de0313b9	0	So What? Your Dad Loves me	579		
6aa75808bca8dafa1709392a	0	Shattered Past, A Father's Return	580	1057	
6aa7688a8cb45cb42e07b33e	0	The Devil's Plus-Size Bride	581	2566	
6aa75eaca51d58c1a30a3769	0	Born to Bring Luck I Married My Ex’s Rival	582	1493	
6aa7c627efb51120270aecd4	0	My Blind Date Has a Secret	583		
6aa7c414d1460ae9ca0f123d	0	My Sister's Husband	584	2223	
6aa9343e2b7ab6ea3e0cdf9c	0	The CEO Who Felt My Pregnancy	585	1341	
6aaa412a5ffd78135c023c4e	0	Married to the Demon King, the Sun God Begs for My Return	586	2222	
6aab7fc88c28894d500ea6dd	0	The Wolves’ Bride	587	414	
6aa8ff9f5f86a8b72f04e0e5	0	Done in Fifteen Years	588		
6aa762ef7437581d78018d97	0	My Lycan Lord	589	1378	
6aa2199faf0e20bdc4094519	0	My Possessive Ex-Husband	590	1302	
6aa3618b8b03e71fd0047437	0	The Contract Wife’s Vengeance	591		
6aaa457647b731f35c0cb459	0	The Heir Game	592		
6aaa4729c1223366a606967a	0	Under Her Heels	593		
6aa80929eca954405107a0f4	0	Beasts at My Command, I Tamed a Kingdom	594		
6aa20de315d359602001a835	0	Rise of the Culinary King	595	1304	
6aa75787742a9765a10bfc80	0	She Swapped the Wrong Baby	596	139	
6aa363575c614c71b500c008	0	The true heiress returning is the grand priestess of fat	597	680	
6aa7a817352596cfcd03ec5b	0	Surrender to the Night	598	1604	
6a8379be6731ef37180e9dba	0	Brothers in Arms	599	73	
6aaa07e16e1c372f3f018162	0	Brothers in Arms	600		
6aa8bda56f4ce926140b1f65	0	Brothers in Arms	601	503	
6a5e29f0ead6c0bb740f4c79	0	My Forbidden Brother	602	2074	
6aa8087087fabbce6b0b13a9	0	I Married a Lumberjack and Struck It Rich	603	1045	
6aa7937c010dc7b364022699	0	GODFORGED: TEN SCRAPS OF IRON	604	820	
6aa793819e09c929dd03bef8	0	The Alpha's Broken Mate	605	479	
6aa906a8217be7842c0db56e	0	No More Being Your Perfect Wife and Mom	606	1633	
6aa753efe13e65890e083ebb	0	Agent Badboy	607	499	
6aa819832a345a10750ad6a7	0	Nobody Messes With My Five Sisters	608		
6aa765af8d7e92f91a030faf	0	Daddy's Done Pretending	609		
6aa26e69c628a25e9a00dfe9	0	Don't Harm the Heiress，Her Mom Is the Sable Queen	610	526	
6aa20e97583b26ec3b031415	0	Runaway Wife, Relentless Lord	611		
6aa75e5733cdc15dbc0f9808	0	Fallen Boss, Racing Heart	612	1800	
6aa270443a1ab55d480d6487	0	The Stand In	613	500	
6aa7c58723b93c5a45037516	0	Fallen Princess to Queen	614	871	
6aa7a6696a19b24c4c0d6384	0	Shared Boyfriend	615		
6a9e9e77afd46d4b1b0fcc75	0	The Godfather’s SAT Guide	616	1776	
6aa8d9a35ac8b90d9809ab7a	0	His Missing Genius Is His Wife	617		
6aa753499f31a8ba4c0a3fcc	0	Let the Past Rest	618	1384	
6aa752ea136f31b62908c889	0	Prank Gone Wrong	619	2640	
6aa760d814afee28720ae8f7	0	One Wrong Toss, I Married the Richest Man	620	1265	
6aa3da026ad2b895d6070ebf	0	My X-Ray Eyes Rule the City	621		
6aa8da2fbf58aac6cb0b70cd	0	My Brother Thought He Won	622	690	
6aa92d318ac4232b930dfeb7	0	Bound to the Fallen: A Seraph's Rebirth	623	2187	
6aa92dccc88a903d7e09d7e5	0	What Came Out of My Antique Lamp	624		
6aa39b2375fe0fe1d705fb8b	0	Blood, lies and Hitman	625		
6aa35f3d755081a0f10abb78	0	He Can Hear His Wife’s Inner Voice	626		
6aa75e93f4b1f16b750b687d	0	Love Finds Me at 45	627		
6aa8a632ced94a7b9009c98c	0	Bound by Secrets: Her Billionaire Doctor	628	880	
6aa210229a6dc321a204dae7	0	Campus Clashes, Secret Crush	629	1303	
6aa3b5bdd5aadad2080fbafd	0	Dragonblood Alpha	630	167	
6aa3b47d1c774c071106349e	0	Dragonblood Alpha	631		
6aa0cc0c8ee9b4536c0e27de	0	My Second Life as a Billionaire Heiress	632	226	
6aa24b86d6c23093cf06e859	0	Step Back! That Homeless Man Is Not to be Messed with	633	66	
6a9e7d70e751b89e350f2a6a	0	The Heiress Returns at Forty	634	2224	
6aa7a47b20a55ee0b10f1206	0	Deadly Pact: Blind Tyrant’s Wild Bride	635	731	
6aa20b7b62bd923e280bbc05	0	Wrong Chat, Real Wife	636		
6a9e210d6851b4c2d303c2cb	0	Mated to My Sworn Enemy	637	661	
6aa0c4562049edc1cf0434e5	0	Don’t Bite Me, My Alpha Professor!	638	533	
6aa7c0e18915a367070c1ce8	0	I Sent Nudes to My bully	639	451	
6aa7bf0bcc5bd7bc5a042b11	0	Never Underestimate betrayed	640	914	
6aa7c02393f3af6d3a05ed96	0	The Cursed Holy Priest	641	1137	
6aa7bf9c7e718113f3056d4d	0	Dragon Heir	642	1143	
6aa3c77fb7434a33740b5e5a	0	Wall Street to Wilderness: The Montana Druid	643	1085	
6aa7556b30382ac65c0ea30c	0	Elowen's fiances	644	887	
6aa26f4f37ec0b3e480f6738	0	Nights With My CEO	645	469	
6aa26d835eff8cdd580b622b	0	My Husband Pretended to Be Poor	646	1374	
6aa0c794f0a554f6be08413a	0	The Forbidden Desire	647	750	
6a9fa9f646bfa85a00019c8b	0	My Crippled Mate is the Alpha King	648	663	
6aa3993ce8c08184bd01192d	0	Siren's Pact: My Pirate Queen	649	854	
6a9fa251f8c2c567f70eeab6	0	The Ichorless Thrall Is The Primordial Queen!	650		
6a9f7829742cadec7602d145	0	Return,Goddess of the Moon	651		
6aa3b82c32eca1e150047623	0	I'm the Doctor You Never Should Have Fired	652		
6aa14dcb5a2de74e8501bf91	0	The Frozen Lycan King Claims His Bride	653	653	
6a83592a759e4ec057062e6a	0	Honey Cut	654	128	
69fc26fa701aa19375023e5d	0	Saving My Villainess Boss	655	1254	
6aa37c16009a2332a30abd51	0	President's Captive Cure	656		
69df535efcf0fce6cb0ce77f	0	Son's Whispers Unveil Betrayal	657		
69df535cfcf0fce6cb0ce77d	0	Burn the Past, Guard the Nation	658		
69df535bfcf0fce6cb0ce77b	0	Reborn in '83: From Divorce to Fortune	659		
69df5359fcf0fce6cb0ce777	0	Lady Boss on the Rise: My Daughter's Inner Voice	660		
69df5358fcf0fce6cb0ce775	0	10-Point Trap	661		
6970a9d2b3b28bd9800ce439	0	Happiness in Her Own Way	662		
6a981593d34037288f0fc899	0	Walker Love Tale	663	876	
6aa0c2174ce445c34d052731	0	After One Night with the Dragon King	664		
6a98faf36b47f6c32e069f44	0	Boss, Your Wolf Secret Is Out!	665	1155	
6aa0c087c6f7e854510f1c42	0	Married to the Vagabond King	666		
6aa26cca7f06bd3e9a068047	0	Reborn, I Became Dragon Queen with My Daughter	667	1353	
6a9a38f537ef8a2b3a0c7320	0	The Gift Bride of a Mafia Don	668	519	
6a9fa3ff72bf93a3100ed278	0	The Sun God’s Beloved	669		
6a9ab541307b23911801c401	1	Flash Marriage to the Wild Billionaire	670	546	
6a9528b29e1ac8de2d01d8e4	0	Black Card The Reckoning	671		
6aa41b758d6e213b0101ffa5	0	How I Bankrupted My Cheating Ex	672	890	
6aa0d8974cfd2f8e44057b76	0	The Godmother Returns	673	340	
6aa25a957520bcf44103332b	0	I'm Done Playing Along	674	263	
6aa24ce9007f35c71808dd98	0	Love Has No Turning Back	675	502	
6aa14a06e9874ad3660da2ca	0	My Merman Husband Is a Deep-Sea Tyrant	676	401	
6aa269dba3b677c0080ee555	0	Wrong Bed, Right Billionaire	677	601	
6aa0bec90b22d50efa081ac4	0	Bully Me? I Run the Mob!	678	376	
6aa214827f10f7350d061957	0	Divorced, Betrayed, and Claimed by Her Rival	679		
6a9e2a86c0ec57312203b897	0	You Wrecked a Federal Bulletproof Car, Mr. CEO	680	423	
6aa14b83871c17602008654b	0	You Ignored My Birthday So I Erased Myself From The Family	681	273	
6aa14add3a1b31199f047078	0	Twelve Years of Lies: The Gymnast's Rebirth	682	410	
6a9e38dc44460190dc07d479	0	Choose Sister, I Took All	683	439	
6aa0c41e948618a07d02fed6	0	His Love: My Best Friend	684	645	
6a9fa08dd4b512b5e40f6f75	0	He Went Crazy After My Fake Betrayal	685	383	
6aa0bd39fc29657998080be1	0	The Elf Bride’s Impossible Choice	686	509	
6a9f9ee4226a552f67018246	0	My Ungrateful Ex Never Knew I Was the CEO	687	400	
6a9e17b2c8729d5f4e019bb7	0	Replaced My Guardian with a Werewolf	688	994	
6aa218f5833f4790aa067028	0	Winds of the Atlantic	689	1021	
6aa0bc9f37b60f451304dc85	0	After I Remarried, My Wolf Men Brothers Went Mad	690	734	
6aa213ce7d560fa0290979b7	0	The Royal Chef’s Comeback	691	665	
6aa217a1550d0f52260da399	0	Engaged to My Enemy	692	716	
6aa28042b1c9e7891c05aac6	0	Fated Reunoin	693	713	
6aa24eba9312610a8208fa89	0	The Dragon King's Fertile Bride	694	992	
6aa35c4a19051e75c40bc587	0	Taken by the Mafia Godfather	695	548	
6aa0c32f740c3351330796a2	0	The Alpha King Is My Baby’s Daddy!	696	630	
6a9e36e93434e18c480e363a	0	Black Blood's Awakening	697	505	
6aa26bc1c177163e200be667	0	The Hidden Heiress Strikes Back	698	696	
6aa35d260fac88c4d20cb597	0	Ashes of Vengeance: The Wedding Reborn	699	1128	
6a9fa64818c332f73c0becf8	0	Transmigrated Into the Underworld: I Pushed My Playboy Adoptive Father to Godfather	700	633	
6a9fdcf9cdf33cf431015093	0	His Curse, My Destiny	701	714	
6aa27c0a6fdfcd61ca0a985d	0	The Wolf King Bowed for Me	702		
6aa27f2a3a1ab55d480d6497	0	The Luna He Lost on His Wedding Day	703		
6aa27d40a3b677c0080ee561	0	Love Through a Mistake	704	1623	
6aa21efefba1c5524b00a0de	0	Pretending Poor in the Elite Clan	705		
6a9513ea94b7be68f406102f	0	Sinking With My Step‑sister	706	894	
6a980ef9a68d1a06280ed24a	0	Dragon Girl's New Choice: All 3 Fiancés, Get Lost	707	728	
6a9e35a4186e3f874d02a058	0	Human Luna, Golden Heir	708	885	
6aa13ab21e573e2b84067787	0	Ice Dragon’s Thoughts Drive Her Husbands Obsessed	709	2376	
6aa21db9c23f3ec68f045ece	0	The God of War's Feisty CEO Cousin	710		
6aa21e5e9615f67a9f03bf79	0	The Hidden Billionaire Husband	711		
6a94fc7f61320b7b0804b8c7	0	Fated to Find You	712	1093	
6aa0d79327f29a04960f5c20	0	Flash Marriage Sweet Love	713		
6aa0d9c3770c6738ba0de1cf	0	The 72-Year-Old Landlord	714		
6aa121381c825f5b600fb05b	0	The Billionaire’s Stand-In Wife	715	1414	
6aa0e6bfab50fefce90108ef	0	Twin Mafia Kings' Runaway Wife	716	1103	
6aa0e4992d54042dab0172a6	0	I Flew Home Pregnant Only To See His Secret	717	1239	
6a9f836110694fcbe20b491c	0	Three Days Before the Wedding, I Walked	718	856	
6a9f833eabb129127c0d289c	0	The True Alpha's Silver Luna	719	919	
6a9f8316123d6b084e08eeca	0	The Rejected Mate: Rise of the Silver Luna	720	604	
6a9f7e7aeb618de2ed0439ca	0	After My Faked Death, They Lost Their Minds	721	678	
6a9f7e489fddd4eca202f6ca	0	Goodbye, Childhood Sweethearts	722	619	
6a9f7cd65b3c94307c0583d7	0	Spurned Bride, His Indispensable CEO	723	448	
6a9f7d0ddceb53e2a4020c4b	0	The Night He Pawned Our Dragon Child and Forgot Me	724	392	
6aa391d8a7e0f8b3a80870e5	0	Phoenix Blood: Genesis	725	843	
6aa21cbf37066bd6fa0ba66b	0	My Janitor Dad Is a Legend	726	631	
6aa225999d2fa081d5073ca0	0	The Dragon Lord Comes Home	727	848	
6a94ebefe7c41896010967cf	0	Marked by Him I Became the Dragon Clan's Forbidden Toy	728	658	
6a9a67a8ed1505d7280fda7a	0	Primarch Genesis	729	1305	
6a9e332e7eb2800e7e0b27c9	0	The Heirless Alpha's Miracle Omega	730	608	
6aa0cd02e672b974be0cc507	0	The Ice Queen's Secret Bodyguard	731	1801	
6aa22454583b26ec3b03141d	0	The Top Student Is a Mob Boss	732	1454	
6a94fba32ed90661b805adb8	0	The Valet King	733	2382	
6a9922c5f1680179d201b6fb	0	The Second Breath	734	475	
6aa0bec5daf44451500e0686	0	Abandoned Dragon, Ascendant Queen	735		
6aa13cb55a2de74e8501bf85	0	Farewell to My Old Flame	736		
6a9aaab47273d9fb8505cf8d	0	Married to the Mafia King's Brother	737	305	
6a9a2161ac321ce6950ca4f5	0	My Billionaire Husband Can Hear My Thoughts!	738	393	
6948e4319d0ddf2a960b1c04	0	Married on Paper, Claimed for Life	739	436	
6a951796721b65efa00932b8	0	Falling for a Mafia Boss After Pregnancy	740	1051	
6aa13d8c3b07915bc6070337	0	When Snow Falls, Hearts Break	741	990	
6aa0caaf42d33893dd0bfa5e	0	My Immortal Master Has No Chill	742	1002	
6a9a68e8bcb63757e80881ca	0	They Banished Me as a Monster, Now I'm the Strongest Witcher	743	1626	
6a94fac21102a673db08d5e8	0	Oops!  My Fake Husband Got Me Pregnant!	744	702	
6a9a7d15195a1a31c00a1c9b	0	All My Pets That I Raised Turned Into Dark Realm Bosses	745	719	
6a9e1b5f4e168cea8804569c	0	Addicted to the Rival Alphas	746	330	
6a9e50f2f0b3ac02d102ff76	0	The Omega's Command	747	235	
6aa123fd5dfa737b5104599b	0	When Love Takes Hold	748	486	
6a95189a09768947aa0492e8	0	The Billion-Dollar Ex-Wife’s Reckoning	749	605	
6a98202ff5b9b83c45081220	0	Revenge Is a Size Zero	750	1459	
6aa0c946404e841fdd0182ab	0	The Wrong Room, The Right Love	751	760	
6aa13bb19674f217f40375c8	0	Reborn From Betrayal to Reign	752	732	
6a9a62f26495d8525209847f	0	One night with my billionaire CEO	753	217	
6a9fddf34bd05df5660a5878	0	Rejected Alpha, Risen King	754	1106	
6a9f71f3edbeacc16b044e78	0	The Silver Moon Heiress	755	480	
6a9f71716a0188d72f09f847	0	No Promotion? Fine, I′ ll Inherit a Business Empire	756	1647	
6a9fdbe1a1bb33563b042673	0	An Archmage in the City	757	504	
6a9e5e483e3e3774520ffddd	0	Daddy Left His Baby to Die	758	132	
6a90158913e6db464a0be72e	0	The Daughter They Left in the Cold	759	621	
6a72d8b5becaa7e3c600345e	0	Emerald Eyed Luna	760	412	
6a8cf7ff8c305a663a0e1e3a	0	My husband pretended to be his identical twin brother	761	2478	
6a9672b7e000053bee02aae1	0	My heart is AAA	762	610	
6aa016f0dec67ee5640992c5	0	Reborn: The Angelic War God with a Barbie Face	763	512	
6a8bb851ca13d8a5ab03d72c	0	I Married the Other Woman's Billionaire Brother	764	198	
6a96312d245b980baa077a77	0	He Pretended to Get Bullied Only for Her	765	429	
6a90158f7da62716800586d3	0	The Cut That Freed Me	766	427	
6a865c80c0137913d9066567	0	My Two Mates Never Loved Me	767	496	
6a8bb8883a925f0914080bac	0	They Bleed My Brother Dry	768	624	
6a86b1b8b3c9e822400b3b3c	0	Ashes for My Sister's Destiny	769	473	
6a82d2bb02bd5b98ba007110	0	One Husband, Two Identities	770	446	
6a8ba20381156918460194e8	0	Trial of the Forgotten	771	445	
6a8f9db834262eafca0ade60	0	Traded by My Four Billionaire Mothers	772	684	
6a9015988935fd813e0b50bc	0	My Billionaire Husband Got My Sister Pregnant	773	405	
6a8e7cd60964a500a6087b79	0	The Grave You Bought Me	774	805	
6a8f9b384ce90715bb07fb08	0	Six Years of Secret Marriage, I Choose to Leave	775	536	
6a8f9a9ce84c40eec9082528	0	After I Chose Myself, I Finally Broke Free	776	851	
6a8ba2075e9b8e1cae08ce07	0	He Chose His Mistress, I Chose the Don	777	1028	
6a8e7cc9bc9aa7da4e03001b	0	Betrayed, I married the Mafia King.	778	881	
6a90158c1698b593410f2164	0	Her Father’s Secret, My Sentence	779	1158	
6a995a16870e7f35ae062fc3	0	Rejected by Three Alphas, Claimed by the Lycan King	780	366	
6a9ad210a71c71f5b40153b9	0	Abandoned Husband, Titan Lord	781	390	
6aa0d2c0317a548a7d0e2a66	0	My Nude Chat Partner Is My Boss	782	521	
6a9b046ef7be38ef68007d67	0	All the Words I Never Said	783	408	
6a9a2a1759516005be053227	0	Spoiled by Four Sea Monster Husbands	784	317	
6a9fd7d1b9d02a5d880abe28	0	Married to the Dead King,l Became Empress	785	905	
6a981cbaebcfee6ff4072433	0	Claimed by My Boyfriend's Mafia Father	786	501	
6a98f9691b1610805e03b41b	0	The Ice God's Cinderella	787	527	
6a9f73832210cb0ddf055f97	0	Global Alert: Dragon Lord Unleashed	788	463	
6a9fcb109bd4830f76098e55	0	Fated To The Lycan King	789	648	
6a9fa78372bf93a3100ed27c	0	The mob boss spoils his pregnant wife	790	127	
6a9ebf69b584df1280049ee6	0	The Alpha’s Substitute Bride	791	372	
6a9e91c0b3ce7f21490c0040	0	My Fiancée’s Boy Best Friend	792	1474	
6a9fda0b3a120fb80d0eb58d	0	My Sister Dies at Her Wedding Every Day	793	847	
6a7a194a6381c9b8fc06a1d9	0	Super Godfather 2: My Ex Dumped the Wrong Man	794	156	
6a9a76ca38999d12c103c839	0	The God They Called a Fool	795	203	
6a9a22922dffdf54e50ba5a5	0	Accidentally His: The Dragon King Won't Let Go	796	58	
6a9a9f24146dc32fdc02e4c9	0	The Wolf Queen Strikes Back	797	161	
6a9fd47509fd91519c091137	0	My Daughter, His Regret	798	2105	
6a9fca5134114054fc0a6d85	0	The Heiress Strikes Back	799	980	
6a9f959e10694fcbe20b4921	0	The Don's Obsession	800	671	
6a9f972ee5cf1e069205b0bd	0	My Racing Nemesis Kissed Me	801	471	
6a900050fd9273c14e0f4526	0	Too Late to Love Me—So He Went Back in Time	802	1116	
6a9819c22ee68677580ca241	0	Daddy Please, Wake Mommy Up	803	492	
6a981b7ff7834bbbb30297cb	0	My Rival Played My Boyfriend, Now He's Obsessed	804	888	
6a9a3adf24fa6011890169ae	0	Three Princes Regret Deeply, I'm Already Dragon Queen	805	1130	
6a9aa00b2741b2d5a60a5297	0	Married by Mistake, Loved by Fate	806	978	
6a94f5d69e1ac8de2d01d8d7	0	The Moon Laurel	807	791	
6a9920e1b0fdd66c8c0e03af	0	The Wolf King Bows to Me	808	756	
6a97fd0b5ada70b3960f8357	0	My Fiancé Got My Sister Pregnant, But My Sister Is a Dog	809	996	
6a97fe91ae5bf68c3c0ed5e7	0	Bound to the Pharaoh	810	860	
6a99555185913218590748f3	0	Rejecting My Five Female Mates	811	33	
6a94dcf6cadfa58d240f7b6b	0	Ashes of Two Marriages	812	872	
6a826786c3d61d65300f8247	0	My Wolf Rejected Me, So I Chose the Scarred Fox	813	1206	
6a7daee9a884ec41830ad386	0	I Faked My Death To Ruin My Mafia Husband	814	430	
6a9a73885b42b9d73901ddd9	0	My Daughter-in-Law, My Shield	815	2469	
6a9813f417879200f002d8ca	0	I Gave Birth to the Strongest Alpha Werewolf King	816	550	
6a9909df5b00bef0e00b36d8	0	The CEO's Impossible Fiancé	817	1569	
6a981efcfbf28c4f110062c3	0	My Three Brothers Finally Chose Me	818	1212	
6a94f81ff5e222776e05b7e6	0	The Discarded Alchemist's Bride	819	1035	
6a9e16e0e6f2a86f81062728	0	I Can See Your Lies	820	904	
6a978afb992e4c583d089fdb	0	World's Strongest Loser!	821	231	
6a8e7cdd79fc19b4a402edb7	0	My Firefighter Ex Still Burns for Me	822	1403	
6a8ea64018c4d0e99a0e245c	0	My Boss, My Wolfish Lover	823	417	
6a8f9a93fae998cb9f08487a	0	My Secret Online CEO	824	1223	
6a8e7ce0c51985e5b20ef46a	0	Two Mafia Kings Want Me	825	1210	
6a8f9a97d4eca5c6cd05a6d8	0	Dangerous Roommates, Forbidden Hearts	826	2383	
6a9aa0e1879a1f7da603a46b	0	My Strongest Master Likes Acting Weak	827	636	
6a8ba21210ae054ece06c2a7	0	My Husband Runs the Syndicate	828	191	
6a98d1e5824a5bd10a0de947	0	Race and Rise My Machine Girls	829	1386	
6a98116575e068605f0b3cf7	0	Bound by Crimson and Silver	830	146	
6a951b15f5e222776e05b7ec	0	Firefighter Husband Burned His Daughter, Driven to Desperate Regret	831	1406	
6a951a615fd77720d3076393	0	After I Took Back My Love	832	1107	
6a963ba8fda5294962054f78	0	I Watched Them Love Her	833	153	
6a9a62c047b73c93ed010ce8	0	Goodbye My Ex, I'm Marrying the Dragon Prince FINAL	834	1006	
6a83582174c9804c810424cc	0	Salt Kiss	835	31	
6a97fcd41810d9e05a02c5a5	0	After the 330-Pound Fat Wolf Left, the Alpha Went Crazy with Regret	836	968	
6a9786141e7b557da205265b	0	Pregnant with the Dragon King's Sextuplets	837	460	
6a951e521102a673db08d5ef	0	Daughter of the Four Norse God-Kings	838	917	
6a951da9b670b09c2604893b	0	The 99-Year-Old Woman's New Vampire Pet	839	1019	
6a9519498f77f7d2510045ba	0	Flee With Dragon Cubs	840	1789	
6a91653d7b441cad410e390c	0	The Mafia Boss's Contract Bride	841	758	
6a98d9755972ce3f4d0efdb8	0	American Magician: The Last Encore	842	1791	
6a94df7b94243530c408228d	0	Obsessed by My Ex's Boss	843	1263	
6a91275fc174ac08990cb867	0	Claimed by the Mafia Boss	844	1671	
6a98fe18f74722e51507e385	0	Divorced, She Reclaimed Her Empire	845		
6a90edce12fd232313065336	0	The Secret Billionaire's Unexpected Bride	846		
6a9a6fb3a0da569afa033549	0	The Abyssal Tyrant’s Baby Calls Me Mommy	847	1031	
6a995cdc6e8dbc842a09eb91	0	Road of No Turning Back	848		
6a951a7f4f2d2b5e830e38ba	0	My Sister is the Grand Supreme	849	873	
6a94de31327cf4d1930976d9	0	Shh, Don't Let Him Find Out	850	740	
6a98f7701e836f8e7901c489	0	Wings of Goodbye	851		
6a98d78bfe666e19a6074b29	0	From Deliveryman to Cooking God	852	1621	
6a98f25cf974adcafd0b939d	0	I Left You Pregnant With Regret	853	1563	
6a99086db42ccc28d109b227	0	My Daughter Has Three Dads	854		
6a9a726f578d907b310a0a1a	0	Moth to the Anderson	855		
6a94efb998f9dd536609d392	0	Release the queen's daughter	856		
6a9835ece61e45ab260f8dfd	0	See No Lies, Make No Mercy	857		
6a9a2f49228a07c6d10e4429	0	The Alpha's Obsession	858	326	
6a951e4c5fd9882eaa077a3d	0	The Bride of the Dragon God	859		
6a982619f13d3495f40738d0	0	My Boss Is My Secret Husband	860	537	
6a94db7095660f04b30f1ee9	0	The Dragon's Cinder	861		
6a98fc7809dda853590ac775	0	Ashes and Thorns	862		
6a96459a9521102b6f0c2bf8	0	She Smashed My Dragon Baby, I Smashed Her Life	863	1738	
6a916ff368488e6c380c146d	0	My Contract Wife is Actually a Fashion Genius	864	1512	
6a9001d1d85aa8495c0398a3	0	The Billion-Dollar Heir's Six-Year Secret Bride	865		
6a8f962eb5af63e4790adfa7	0	The Priest Is Actually A Seraph	866	792	
6a8eb74d83a76115410e154f	0	Call Me By His Name	867	683	
6a964710a58b42de0b0fb749	1	A Touch of Reunion	868		
6a98f4b4cd33c29b0c04626a	0	Marry My Love, Not My Fiancé	869		
6a9824393e7d254f5707284d	0	Under One Lane	870	323	
6a951fac6e99d6bfe505e0dc	0	Tempted by My Bad Boy Stepbrother	871	280	
6a962bb32b4cbe2329008357	0	The Alpha's Forbidden Mate	872	458	
6a94dd9bda8c8b6cd704fe18	0	You Can't Stop My Super X-Ray Vision	873	320	
6a94db1162befa4c7f07baea	0	After Her Seventh Heartbreak, I Took Mom Back to Heaven	874		
6a94e01145098107520f9f20	0	Her Dream of Marrying Rich Turned Deadly	875	841	
6a97933e4755502ce50b4a6b	0	My Blood-Sucking Familiar Is My Husband’s Lover	876	396	
6a963220a45123e37f0d6aa7	0	The Death Payout System: Escaping My Toxic Pack	877	454	
6a9631352b4cbe232900835a	0	A Mother's Vengeance	878	342	
6a94ddb411f2b8c133009eea	0	From Puppet Bride to Alpha Queen	879	92	
6a9831f092ff5baf3c0a5dde	0	Her Billion-Dollar Vendetta	880	718	
6a98d56ee2c86a26c0043d17	0	Reborn: My New Groom Is My Fiancé's Uncle	881	899	
6a98e46f11c933c8010dc9b8	0	Bound Byaie the Amnesiac Heir	882	628	
6a98ee249190c115d90278b7	0	My Wolf Roommate is a Fool	883	682	
6a982326ff5809fdf70b2e4d	0	Four Wolves, One Queen	884	673	
6a8fe46c09ecbf25d40267ac	0	My Wolf Queen Girlfriend	885	997	
6a94f34c5e5b2d168e03557a	0	The Mafia Wife's Sweet Obsession	886	1047	
6a94f45a2e175c3d910e7135	0	I Swallowed the Zerg Overmind's Egg	887	255	
6a94f261c2e95bf5b80e8f86	0	I’m Not a Forsaken Wolf, I’m the Lord	888	869	
6a94d78854bf92589202afac	0	Big Molly The Billionaire's Only Cure	889	347	
6a916cb6a07eb2f5bb00297a	0	Fake Angel's Final Fall	890	609	
6a90fb9a8c333c8f9f0a0299	0	My Contract Husband Is a Dragon	891	1121	
6a90f19a38fa7a66d00f39cc	0	His Nighttime Obsession	892	1678	
6a967daf71807a57f7059e60	0	Demigod Under Oath	893	187	
6a94dc4c834d8e48b901d179	0	I Taught Him to Court a Mate — He Chose Me	894	160	
6a98068fa11efb8684067d36	0	Moonlit Wilds, A Secret Yearning	895	54	
6a97be5b7c15673985039ece	0	Return of the Strongest Beastmaster	896	406	
6a97bb7b5edcbfc5b9067696	0	I Calm the Beast Tides With Spirit‑Words	897	218	
6a97cd86f09d793bab0603ad	0	The Duchess They Cast Away	898	373	
6a94edde525a0f0b05072178	1	Cooking My Way Out of Servitude	899	685	
6a63772975b2eafae30ae379	0	My Sex Robot Has My Enemy's Face	900	282	
6a8e7cd3963eb73334012f37	0	I Gave My Flame Up	901	300	
6a966b738b5041bbb80e1d41	0	Blood Rose Crushing the Cartel	902	293	
6a94f0cc46d3fb23b6034c95	0	Cursed Alpha’s Fated Luna	903	60	
6a8ba46f8b785bc6d401045c	0	The Wingless God	904	289	
6a966a6a2b3144019f077a7f	0	Below the Red Line	905	246	
6a94dfc6525a0f0b0507216a	0	Secret Dragon	906	656	
6a94da44281fc60a7909373a	0	Clumsy Cupid	907	385	
6a9102ace5c9db03f30c43ef	0	Bound to the Ruthless Beast	908	210	
6a954112ffb159a50b0e241a	0	My Hidden Dragon Awakened	909	264	
6a9545d6d55acb83c70423d7	0	The Inferno Warlord's Secret Healer Bride	910	283	
6a8ed383fc0a18e4a00e7430	0	Cheating Husband, Your Secrets Stream Live	911	891	
6a90ef7b26e6d777480a5e84	0	Goodbye Fiancé I Choose the Vampire King	912	360	
6a8e4be19c93316c5a070d59	0	I Proposed to a Stranger at My Wedding  Season 1	913	478	
6a87ac7ad459b3ce38089b05	0	Mafia Obsession  Stop, My Stepbrother!	914	449	
6a8ff3b28f0795e2880ba0dd	0	Knocked Up by the Wolf Duke	915	244	
6a8e42ef484c07df8a01bcce	0	Make my cheating husband pay the price	916	351	
6a8fd851bb1b4f6bb503e902	0	Phantom on the Nile: I'm conquered by the high priest	917	345	
6a94ec3a834d8e48b901d181	0	Vindication: Blood of the Archmage	918	284	
6a8ba4d6a8896f1ec604191b	0	The Quarterback’s Secret Darling	919	117	
6a72d8a9a4caeefb6102148b	0	My Safe Word Was Revenge	920	752	
6a9666af470904d5580f098e	0	Your Consort Is Back in the Modern World	921	200	
6a8544182f75b2fba60697a9	0	Came For The Money, Stayed For Him	922	102	
6a8fd33769b615c8030e88f3	0	Giant Croc Attack	923	1444	
6a94e906802350a8530a156c	0	The Alpha King's Half-Blood Twins	924	987	
6a90ea2c3140b63d0f073a2c	0	The Mafia's Stolen Bride	925	358	
6a9123fa3fc3c5a93a04b399	0	Romance Lessons with My Quarterback	926	36	
6a8f9944ad5076b92e00c1b7	0	I Ditched My Ex and Had Five Babies with His Alpha Dad	927	170	
6a8f2036ce8478256004c687	0	Falling for My Ex's Mafia Dad 2	928	39	Trending
6a5840e82769ac7896097974	0	The Fake Heiress's Revenge	929	178	
6a8ba2192a1e3a1b8d07ace7	0	He Called Our Dying Daughter a Liar	930	314	
6a829ec71040adbe930df3f0	0	My Hot Firefighter Ex	931	386	
6a8f9c5571f9039e440f4c2a	0	Sister Stole My Mate, I Got the Dragon King	932	359	
6a8ba4ddd9c22677010439b2	0	The Alpha King Sold Me to the War God	933	425	
6a86749ff52297f7020402cf	0	Blood Oaths and Broken Thrones	934	181	
6a8d096d10f3a4bb8309daa7	0	The Don's Bloody Bride	935	331	
6a8ba4d95da2c9a5c50c17f9	0	THE DON LET ME BURN	936	220	
6a87aeff24de07bd5009b022	0	MY MAFIA HUSBAND WATCHED ME BURN	937	488	
6a8ba4d32c15011e540b072b	0	The Girl They Regretted Losing	938	145	
6a8cf7fca29b9799aa03db2c	0	They Bet on My Tears	939	143	
6a8cf7f7f98f4e48030121bc	0	My Boyfriend Can’t Know I’m a Mermaid	940	266	
6a82ad6dc5c23b33ea076aa7	0	My Boss Is My Secret Online Dom	941	275	
6a90ebe987b0c61f9007735c	0	Transmigrated as a Billionaire's Wife	942	247	
6a8d8d3da68a8219800ca210	0	He Paid for One Night, Then Wanted Forever	943	254	
6a8d881ef77dbccff405a729	0	I Married My Cheating Ex's Uncle	944	199	
6a8bbc709c6562e0640a54ee	0	Fate of the Dragon’s Bride	945	174	
6a8be7a9a53aea0fed0573cb	0	The Wolves’ Regret for Their Rabbit	946	252	
6a8d0f21a52fd87cd5018f9a	0	Love Has A Deadline	947	216	
6a90e77f3400f6ce3b0fad07	0	The Branded Witch is the Prince's Bride	948	172	
6a8e4b2d31276c556c080e56	0	A Hundred Years of You	949	209	
6a8e4aa6ebe437ec9c0a4834	0	Blood and Roses: Tears of a Vampire	950	51	Trending
6a8ba2809c6562e0640a54e7	0	Displaced War God	951	134	
6a912471533d191e1d0a5726	0	My Kids Ruin My Ex's Fancy Life	952	67	Trending
6a912552e51337cc6f014800	0	Married His Father,Now My Mat Call Me Stepmother	953		
6a82a37cff4c44e98402a664	0	The Dragon's Return:  Reclaiming My Throne	954	308	
6a90192b879f8b6304024fb4	0	I'm Not Your Ex Anymore	955	344	
6a8f98e0758fb693cf048117	0	A Touch of Reunion	956	379	
6a86dc2e175020bfa6012415	0	My Worthless Ex-Husband Is Poseidon, God of the Sea	957	192	
6a9034ce5284d484dd043333	0	Lady Pale Wraith	958	236	
6a8c0f134a3e10865c01146e	0	When I Meet Another Alpha	959	549	
6a8fef34c22ec2dd5308633a	0	The Counterattack of the Fat Wife Queen	960	641	
6a8e4fc5e108343d2b01885f	0	Second Chance: The Tech Billionaire’s Secret Family	961	107	
6a8fce5a72320f50d207cd12	0	The Day of Betrayal, I Took Everything	962	131	
6a8bb9be6d46f8503907eeb8	0	100-Day Contract：Mafia’s Dangerous Desire	963	122	
6a900bc7e259af77060af16c	0	I Am the Immortal Lord Season 2	964	212	
6a8e902f9185ccf2230990ab	0	Wrath of Zeus's Son 2: Secret Protection from the Janitor	965	123	
6a8d515010f3a4bb8309dad3	0	Splash! The Lord of the Tides Comes Roaring Back	966	115	
6a8cf883e0c1cf8ede01677d	0	Seducing the God of Olympus	967	333	
6a8bdf3ebd867eff6d05018d	0	Fake Husband, Hidden King	968	99	
6a8d89f916a9e3a59f088d5a	0	The Exiled Dragon Queen	969	399	
6a83ba69f394891af803e5fb	0	The Mermaid Queen’s Revenge	970	158	
6a8bb563f6d48b075604db4a	0	Faked My Death, Destroyed The Billionaire	971	437	
6a8e4e0c2fbe2915aa00b6f2	0	Secretly Pregnant with the Billionaire's Daughter	972	213	
6a7c09eedc4e3cb2b80e4055	0	The Gold-Digging Queen's Guillotine	973	306	
6a8bb7b6c922d6c26505cd8b	0	Possessed by the Alpha No Escape	974	177	
6a8d2d531616ebd404056b3e	0	A Zombie Girl’s Journey Home	975	152	
6a8bafeb4c31fef2aa0c1467	1	My Strongest Master Pretends to Be Weak 2	976	96	
6a8670cba86ffc1fac0c417e	0	Three Alphas Abandoned Me for that Omega, Then Regretted It	977	148	
6a8febce22ae833a4c0170cf	0	Pregnant with the Dragon Lord's Last Heir	978	234	
6a8578386aae77f5520dbc8f	0	The Last Ace	979	114	
6a8d03f510f3a4bb8309daa2	0	Bringing Home the Woman in Black Stockings, My Parents’ Secret Is Exposed	980	251	
6a8e81e782a8d6193b0483fe	0	Cooking My Way Out of Servitude	981	484	
6a8d70926587c82f53031da2	0	The Mother's Comeback	982	349	
6a8bd8b3b2bd289a7a097d40	0	Crown of Starfire	983	364	
6a8babd69828929ab10d315a	0	Reborn in the 70s: For Country, Not Love	984	196	
6a8bb018f862ce484b00710a	0	CEO's Irresistible Wet Nurse	985	556	
6a87ae87c2e5e6251000097d	0	The Cursed Alpha and His Virgin Groom	986	205	
6a8fb0fa833289c5ca079ae2	0	From Mudblood to Atlantis' Owner	987	302	
6a8bafb465f5c507d0050da9	0	In Bed with My Brother-in-Law	988	19	
6a7a81a517f42fe9c400a799	0	The Alpha and His Nanny Luna	989	38	
6a87ee06934ea2f4e1022043	0	T-Boning my F1 Rival	990	193	
6a7619d41dcbbd8e12015bfe	0	Altarboy	991	59	
6a8822c2008fe54d1f07b7ea	0	The Obsession Tree	992	523	
6a8ba21522043df1630f7069	0	The Mafia Heiress Crashes Her Sister's Auction	993	534	
6a86b3884aa54c3d5100d2f2	0	I'm the Mafia Heiress Who Saved My Auctioned Sister	994	804	
6a86b15a5a5694c81d075530	0	My Contract Husband is Hades	995	367	
6a87afcf0641e2829b07bd3d	0	The Vampire Lord’s Final Salvation	996	171	
6a7d23d4c59b8cef5f036fc9	0	My Boyfriend Doesn't Know I'm a Mermaid	997	513	
6a8e7b7a96ec421187069107	0	Rent-A-Mom for the Billionaire Twins	998	309	
6a8d2ad86a1a600e1306bd6b	0	I Got a Magic Dog and a Handsome Husband	999	464	
6a8ba810915070e93808db35	1	Reborn to Build an Empire	1000	262	
6a86cb6b65d0fbfc9a011c55	0	Abandoned by the Duke, I'm the Divine Seraph	1001	297	Zero to Hero
6a880a1758adcf20550a8502	0	My Protective Mafia Lover	1002	274	
6a880526b1226d1e92057951	0	The Stone-Cursed King’s Blood Bride	1003	726	
6a8ba76c319898bcc80a3717	0	Reborn to Build an Empire	1004	1059	
6a87af9a9e28e3c0cf039b2e	0	The Virgin Sacrifice the Dragon King Claims	1005	64	
6a87ad8d444b7845c203ccc2	0	A Farm Girl's Reckoning	1006	101	
6a86c823feaf9677a7003453	0	Reborn to Rule the Sky with My Dragon	1007	194	
6a866045dcc61971d9018237	0	God of Judgement: Seducing the DILF	1008	700	
6a8d05f8e54f27846a094f51	0	The Mob Boss’s Plus-Size Queen	1009	327	
6a8d59cabdf43642fe0e20ab	0	SSS-Rank: The Slum-Born Thunder God	1010	229	
6a881516109908ce810c1ce6	0	Rose of Seoul: Revenge Reborn	1011	70	
6a8ba956743331814f0d4827	0	Reborn in the '80s, I Chose Science Over Love	1012	103	
6a87b49aae487843a005c104	0	Mr. Walker, Your Ex-Wife is Your Boss	1013	83	
6a857d2914793f87470ee412	0	The God of Tides	1014	896	
6a850fc824d230ed1b0b190d	0	The Alpha Princess Is Gone for Good	1015	53	
6a850d12889c4164400b645b	0	My Immortal Love	1016	110	
6a60170b103930ddda06a0a9	0	The Poker King Returns	1017	26	
6a85ac81d1dc784c210bf0be	0	Pregnant by His Alpha Brother	1018	759	
6a86b34714749afb8806c3f2	0	Reborn, I Gave Birth to the True Dragon King's Twins	1019	228	
6a82d2b648171d68b3030308	0	It's too late. I'm dying	1020	912	
6a86742ccad37e54ae051a18	0	Rejected By The Alpha, Claimed By His Brother	1021	135	
6a855097b122e77698072746	0	Two Wolf Pups: The Lost Darling of the Heirless Alpha King	1022	652	
6a866c985e8777b04a0da2d9	0	Blood Lion: The Sacrificial Cage	1023	1039	
6a859df93f0921fe060bb6c2	0	The Little Goddess of Family Fortune	1024	279	
6a85414c421ba4d3f6041e98	0	Outgrowing My Old Magic Love	1025	667	
6a7d23d7c3a0d45dc40f8379	0	I Divorced My Husband Over a Birthmark	1026	472	
6a7047879dbba6268204e157	0	99 Cracks：The Scorned Siren’s Final Goodbye	1027	76	
6a83eecc862e4975f202e3b3	0	Rose drowned in the Kuroshio Current	1028	225	
6a8514607074043629031bdb	0	Addicted to My CEO Doctor	1029	219	
6a8512e427fe8a27b30e0e9b	0	Fleeing The Future I Saw With Him	1030	109	
6a82da6d4618a4a11d062a85	0	Billionaire Luna: Taming My Alpha Mates	1031	510	
6a850cdb51b44140b40320d9	0	My Ex Is an Alpha, My Future Is a King	1032	1005	
686b838024bdd454e5008cc2	1	Burning Between Us	1033	1235	
6863ab33e59b982a1407529d	0	Burning Between Us	1034	1357	
6a86d93f2cf533b6910425ea	0	The Furless One	1035	1231	
6a866ee686fe072a7d03ee5d	0	I Secretly Gave Birth to God's Five Babies	1036	1134	
6a86b964aba8f1d6dc0beb14	0	Fallen Duke, Awakening the Trident of the Sea God	1037	1064	
6a86ae6abe4bd8008005b2c5	0	The Wolfless Alpha Queen	1038	555	
6a83c3ce7204e720db064c9a	0	Goodbye, Mr. CEO	1039		
6a83bdde87b92ff9820d7ff9	0	The Lycan Queen Rose to Slay	1040	644	
6a83bdc05777e714af07985d	0	The Alpha King's True Heiress	1041	514	
6a737ed7c18545ffc201ea79	0	Bound by the Past	1042	90	
6a82e0b7e9eb6dc4dc02e08f	0	I Married the Groom's Uncle	1043	646	
6a850ad852dd63c43c0d188a	0	Forbidden Bonds: Fated to the Ocean God	1044	253	
6a826d6cfbecc43db80d69ac	0	Summer with a Superstar	1045	666	
6a82679591a12f02390c703c	0	The Forsaken Daughter of Olympus	1046	1804	
6a87fc75cd1a6219260b2137	0	Forced to Marry My Ruined Ex: The Duke's Revenge	1047	1465	
6a857d47a97fdcfe7e0e0509	0	Mr. Ford, I'm Your Ex-Wife Now	1048	1802	
6a85417e38ad62cb8f0644a4	0	When She Stopped Chasing His Love	1049	303	
6a87120b29bd6d504f03d7fe	0	My Strongest Master Pretends to Be Weak 2	1050	241	
6a86d7af2cbc4fabd2093406	0	Tide of Forbidden Touch	1051	186	
6a87b058ee55041d1d03f7d5	0	I Married a Nobody, Now He Owns the City	1052	1466	
6a850a5b492a2109db07f8c9	0	God of Olympus: Taming the DILF	1053	530	
6a850bd3bcb5cab4b00acb6b	0	Race and Rise: My Machine Girls	1054	704	
6a82e436df536517c70d2143	0	The Emperor of Rome	1055	1803	
6a7abaa78766cb0653019a4a	0	Untouchable Until Her	1056		
6a842cd5c76795cc8f0a8e32	0	Blood Moon Roommates	1057	316	
6a83bf5f309642cd8100e7fc	0	Beast Taming: My Pet Is a Dragon	1058		
6a8271aef613ede7dc0b406d	0	The Heiress They Couldn't Break	1059		
6a850ef2d32a67a1d005171b	0	Between Us & Our Enemies	1060	299	
6a827721b47a652ab20e0aec	0	Hades’ Little Warrior Takes on the Mafia	1061		
6a8509fcdb5f6028bf0f43ea	0	The Billionaire's Forbidden Secret My Sister's Baby Daddy	1062	1754	
6a7ecdc9c34b99d5370d4c80	0	Silent Snow Falls, No Looking Back	1063		
6a8422658bc0699270059d66	0	The Alpha’s Ugly Luna Awakened as the White Wolf	1064	866	
6a68b823e39ad393b709c155	0	I Hid the Dragon Billionaire's Secret Son	1065	906	
6a82678963a9f929ec0771e7	0	The Pauper Shifter I Married By Force Is The Real Heir	1066		
6a7bd13ab51889316001fc6b	0	Married to the Enemy	1067		
6a86ae7ebdc72d00bb0bf1d1	0	Private Lessons with My Vampire Boss	1068	21	
6a826f4cb48f991d0a0792c9	0	Love lost on Ice	1069		
6a82e409c5f08892b60fc3f7	0	King Of Mars：From Red Dust He Rises	1070		
6a8276a9ed771c8e0a01d621	0	Private Tutoring	1071	292	
6a826e8e44e10020b10b8cae	0	A Cinderella for Wolf King	1072	387	
6a827a32afda3505f70a3fd5	0	Locked by the Mafia Boss	1073	2162	
6a83fe2169c07b537206ba51	0	Flash Marriage to My Comatose Wife	1074	1339	
6a826a65548975c6e506e1dc	0	The Exiled Prince's Bloody Comeback	1075		
6a82685843852e49d2039bac	0	Alphas, Line Up!	1076		
6a851b09ab33cb2fc3071f11	0	Revenge of the Black Swan	1077	443	
6a826ddf4c9cff5741070ecf	0	Forsaken for the Tyrant King	1078	1241	
6a82dec8118665dc400e9516	0	Date with the Zombie King	1079	715	
6a83b89dd41c248dae056469	0	Mafia Queen's Fake Bride	1080	32	
6a82a75faf43836c55050f31	0	I Rule the Wasteland Harem	1081	189	
6a7d37d954d2787d000968cc	0	Wasteland Sovereign	1082	169	
6a79a5ea47342654bf008f37	0	Devour to the God of Death from a Stray Dog	1083	1405	
6a83b825bc8d87bfbf0ce30a	0	The Mafia Boss's Wrong Bride	1084	727	
6a8270d7225b9daae70ba640	0	Alpha Stole Me At My Wedding	1085	1446	
6a826c7217a9d582cc0bf55a	0	Reborn Heiress: My Ex Regrets Everything	1086	2479	
6a82754b603b5c0ffa02aeb6	0	Don’t Provoke Him，He’s the King of L.A	1087	176	
6a7ab985618cb1757a07e666	0	Daughter of Poseidon Forsakes you	1088	1912	
6a8574734c522e48f9096bd3	0	The Wife He Threw Away Came Back on Top	1089	2384	
6a827500afda3505f70a3fd2	0	Addicted to My Ex's Uncle: Forbidden Tenderness	1090	1153	
6a7ade4881a82adc940aeaf3	0	Mom, don't sign! Dad is not dead!	1091	1634	
6a68491f7434a5b9ed0f8045	0	The Alpha Commander’s Long-Awaited Omega	1092	1148	
6a7ade4b6dd79807440adcb9	0	Hades' Mafia Princess	1093		
6a7ade3bcccb5af57d0f0ddc	0	I Was My Vampire Husband's Dead Wife	1094		
6a79353f9620ad2c7704348f	0	My Husband Gifted Me His Rival	1095	1274	
6a6035c0f2b19bb318052a0b	0	Two Mafia Bosses Begging Me For Love	1096	639	
6a79354ae13d167ced00947f	0	They Stole My Grandmother’s Godhood	1097		
6a79353382908a419d018d21	0	My Wolf Guard Chose My Sister, So I Chose the Alpha King	1098	778	
6a66b7bf7fa17f5a6102246f	0	The Glass Cage	1099		
6a72d8b011baf61cd80e5fb3	0	I Raised Him. He Let Me Drown.	1100	1022	
6a71471f953620e7ca06019b	0	A Deadly Gamble	1101		
6a60312dd082ebff8b06879a	0	The Raven Wolf King: Wolfless	1102		
6a857374d981fd4a6e0c5251	0	My Fiance Cheated, So I Chose His Billionaire Dad	1103	2225	
6a8572257303b533f40bf108	0	The Mafia Don’s Virgin Wife	1104	1237	
6a8570a4b135de64bb02b3a3	0	The Barren Alpha Knocked Me Up with Twins	1105	745	
6a1fa025b01d328ba80999dd	0	His Daughter Chose Me	1106	270	
6a8277cb1b2ce72cc80a1111	1	Too Late, Dr. Hall	1107		
6a7c3216c1fb13520e051bed	0	Hunter's Prey	1108	1326	
6a83c90afe81bf29bc0c2d3d	0	Rags to Riches: My Baby is a Money Magnet	1109		
6a754479fe8b2ebfcf0fa243	0	The Double Life of My Mafia Husband	1110	1014	
6a7d31e470be7cd955059ad9	0	King of Gold	1111		
6a72d8ae387822c92105c1fb	0	My Reborn Fiancé Begs for My Love	1112	1906	
6a70478a9dbba6268204e15d	0	They Fed Me to the Zombies, Not Knowing I Was Their Power	1113		
6a793547b52e318bd5041bcb	0	The Alpha Bought His Lost Luna	1114	1591	
6a82e6160f8129e8800fbe96	0	Fall for My Icy Rival	1115	1411	
6a742f2d30daa94ecf020719	0	My Vampire First Love Regretted Losing Me	1116	1147	
6a7d2bcab1873733e20616ba	0	KO, The MVP Heiress is Back	1117	1806	
6a7f30edf644260e4c06e96a	0	My Hockey Rival Under Me	1118	421	
6a79753726d27eb2a90d4c34	0	Billionaire's Contract Lover	1119	902	
6a7e7f5fb90f3179c401ccbc	0	Pregnant by the Serpent King	1120		
6a66b7c27fa17f5a61022475	0	The Mafia Don Refused My Ransom	1121	632	
6a7d34b4528ba9b67e0fe6ce	1	My Strongest Master Pretends to Be Weak	1122		
6a7bd0ea617617b70101f8ba	0	The Rockstar's Secret	1123	201	
6a62a25bff3dc346ee01104a	0	Honey-Trapped My Fiancé's Billionaire Rival	1124	78	
6a82c2b2493727456509be90	0	The Man I Was Meant to Forget	1125		
6a6849227434a5b9ed0f804b	0	Dance of the Broken	1126	1307	
6a79353ca5472245d60215b3	0	I Chose The Playboy Eel To Abandon My Shark Lover	1127	1808	
6a71485f3064175e0c0b72a0	0	The Groom’s Inferno	1128	1154	
6a72d8b2f2d34be5d20118cb	0	Scorched Heart	1129		
6a7047889dbba6268204e15a	0	The Mafia Wife's Revenge	1130	2483	
6a793539fe2b45b963054830	0	Marrying My Ex's Worst Nightmare	1131	1050	
6a7d29c9eef07d221a00cda9	0	The Bride Who Could Not Be Tamed	1132		
6a7f3043b9a92ce5ba0f8839	0	Love After Goodbye	1133		
6a7f2f9efa2cefad4b09a50a	0	Oops! The Mafia Boss Is in My Body	1134	812	
6a7e7b7cf3926f832a00648a	0	Accidentally Pregnant, Irresistibly Loved	1135		
6a7146915fb06366500226ef	0	I Married the Rival My Ex Couldn’t Beat	1136	916	
6a70478d9dbba6268204e163	0	He Chose My Sister, So I Chose His King	1137	1060	
6a7be5ecdb59ed908700633c	1	Found A Homeless Dragon Husband	1138		
6a7bd1857cc82d300f0bf04a	0	Reborn to Escape My Cruel Fiancé	1139	1351	
6a7ade45f3da91a7740b6032	0	My First Love Pays to Watch Me Strip	1140	1807	
6a7bd0f9c6914781b809601a	0	He Shattered My Hands for My Sister	1141	2480	
6a7588a197becf6700086632	0	She Used My Husband's Sperm	1142	1011	
6a62fae40fe809fbcb097c79	0	I Spent $2.90 on My Husband’s Card and Got Pinned to the Ground	1143	2448	
6a7beae04dee789b970d854c	0	Rise of the Trash-Tier Pilot	1144	687	
6a796814cde2f1179f0c62ca	0	You sacrificed daughter of the last god	1145	354	
6a792e03ee704ba9f605ffb9	0	My Billionaire Boss Won't Let Me Quit	1146	23	
6a601869953a7d189a0267a9	0	Her Man Is the Son of Death	1147	37	
6a7e724ea88544bf2c0f8cf9	0	Awakened, She Rises as the Frost	1148	1805	
6a7d28e3a889d242370a8b7b	0	Bow to Your Queen, My Lord Duke	1149		
6a7d3aae10a933d3cb0c4cbe	0	Never Fall Alone	1150	850	
6a7bcee79ed1234bed019ccb	0	Swapped Daughters,Stolen Empire	1151		
6a7db837bc89da71200830ee	0	The Snow Queen	1152		
6a7d43c8bb2a2afb88075c45	0	The Billionaire's Unstoppable Wife	1153	1564	
6a7d3e3781f2ee19b205cce1	0	My Driver Is the Capital's Top Heir	1154		
6a7d284d353875a9370e13af	0	Never Cross the Cleaner	1155		
6a7a8adc15958a224b0af1a7	0	Beauty and the Western Beast's Summer Lease	1156	709	
6a759aa8a6c28014960e4808	0	The Godfather's Guardian Angel	1157	380	
6a7a8992311e58eda5029d5d	0	My Fake Girlfriend Is My Fiancée	1158	706	
6a7e8d88d2bd828b3d09c462	0	Taming My Bullies 1-3	1159	310	
6a7c0818f7cf5c465f08ba48	0	Shall Steel Wield Arcane Power?	1160	1126	
6a75a9dad8b27d07b00c5c91	0	New World, Old Rules?	1161	1077	
6a7937d142b947c10103143a	0	Dangerous Persona	1162	1369	
6a70478c9dbba6268204e160	0	Forbidden Night with the Mafia Heir	1163	491	
6a7047919dbba6268204e169	0	Carrying His Alpha Brother’s Baby	1164	1365	
6a701ec0e75af274da07241f	0	He Made Me Kneel Before the Fake Saintess	1165		
6a70478f9dbba6268204e166	0	The Alpha Lost His Ugly Luna	1166	353	
6a71471d25d469446907ec5b	0	Forced to Marry My Enemy	1167	2337	
6a7d21ead4f206c4400f1499	0	Sweet Temptation	1168	897	
6a69bbba1893284da90e5a36	0	99 Divorces, Then My Husband Died for Me	1169		
6a7a81d232f8351021093876	0	Blind No Longer: My Wife's Betrayal	1170	136	
6a792e8f6760fac43a08230d	0	The Hobo Goddess and Her Billion-Dollar Contract	1171	43	
6a792f892dee9a176102157c	0	Loved Me Most, Betrayed Me Worst	1172	98	
6a7d84d946113b47740e69e6	0	Doting Snake Lord	1173	409	
6a5f0823b6b9ea5a800376f0	0	I Liked Our Breakup Post	1174	1133	
6a79352e6aee1ef8c50dd878	0	Goodbye, Ex-husband I'm Racing with a Billonaire	1175	576	
6a61fcc5e1c7863b130cc0eb	0	The Second Wound	1176	675	
6a603610db0b2f6baa08d6de	0	The Mute Luna and Her Cursed Word	1177		
6a6032183c861b8b8805cd9d	0	Two Husbands, Three Lives	1178		
6a62fae10fe809fbcb097c73	0	Mom, I will protect you this time	1179	2267	
6a7be5bdfb41d50b060e897e	0	Found A Homeless Dragon Husband	1180		
6a7d2695c110da6695071109	0	Abyssal Throne：The Godslayer	1181	1468	
6a799b227ca81994420fb772	0	The Destined One	1182	1225	
6a7d20ebe4b65a57190f8d2a	0	Too Late, Dr. Hall	1183		
6a7541f9a6c28014960e47cc	0	Nine-Colored Saintess Amazes the Beast World	1184	2265	
6a732afee67113e068047db6	0	Chained Wings	1185	686	
6a7c48e5b4c56e59bc06ed9a	0	Mafia's Desire for the Wet Nurse	1186	223	
6a79752f7cd8988e4f021832	0	The Billionaire I Married Overnight	1187	256	
6a670d5c4fc3fdef560395e8	0	The Ugly Girl Turned Pretty	1188	2367	
6a75a8e09314bb5f390efc2d	0	My Marriage with the God of Death	1189	1306	
6a754190b97710a6cf085c01	0	The Return of the Abyss King	1190		
6a71aad3d35a1776dd0e357d	0	Little Miss Fortune	1191	150	
6a67cca11ec24d81c80639bc	0	Bound by Duty	1192	130	
6a79353639273200140302fe	0	A Birthmark Exposed My Husband’s Secret	1193	374	
6a701ebfe75af274da07241c	0	The Serpent King Calls Me Master	1194	368	
6a7b163cc628342bd2004993	0	Ruler of the Ancient Seas	1195	291	
6a7ab55755795c27fd012857	0	From His Cage to Her Empire	1196		
6a79c2c44471e7a7eb06104f	0	My Maid Stole My Fiancé, But I Stole Back My Fate	1197	545	
6a732af43810ec89a30584cf	0	Mommy's Little Savior	1198	382	
6a7ae24680b1cbd37d00260a	0	My Dragon Daughter's True Sight	1199	450	
6a754311338f32d80c0fc293	0	My Fireplace Ships to Dragon Realm	1200	211	
6a71485d12c3962c010749f4	0	The Dark Duchess’s Lucky Star	1201	794	
6a701ec2e75af274da072422	0	Marrying the Dragon Lord He Mocked	1202	1635	
6a7148b271f37e5a1d0e518d	0	The Auctioned Mate	1203	2482	
6a603335b43f3ec5e80e092a	0	The Alpha Forgot Me, So I Let Him Go	1204	1679	
6a72f122a2ed0db5070b250d	0	Abandoned Pawn, Unrivaled Dragon King	1205	27	
6a61fcc096fa2a8c010882d3	0	The Bride He Betrayed	1206	1253	
6a6849207434a5b9ed0f8048	0	The Rise of the Ugly Luna	1207		
6a7047929dbba6268204e16c	0	He Called His Dying Daughter a Liar	1208	1653	
6a7002bdf1b7555be101d640	0	DRAMA IN HD	1209		
6a6c022eedfbef3f380fbfbf	0	The Cold CEO Who Spoiled Me Online	1210	1809	
6a66b7bd7fa17f5a6102246c	0	Traded My Wolves for a Snake	1211	798	
6a7ae421b439ccf70a081b47	0	Caught! The Ruthless Alpha's Runaway Luna	1212	267	
6a7ad3dc5b4df032870c51a5	0	The Billionaire Lawyer’s Secret Clinic	1213	1288	
6a72cce21a866e1ea70c6520	0	Too Late for a Goddess	1214		
6a753dc1b9f1f1e5ca055d3d	0	My Strongest Master Pretends to Be Weak	1215		
6a6033a807e23079ca015d8b	0	The Sunblood Girl Frozen to Death	1216	799	
6a792d0968014e86ca0a0a79	0	A Soldier's Revenge	1217	793	
6a73e8221ba18f8dcb0e84b9	0	Crowned in Silver Blood	1218	40	
6a6c00058d584eabde047c69	0	The Destined Alpha	1219	705	
6a75d21c587134ff8501dcba	0	My Accidental Billionaire Husband	1220	1000	
6a7977e127f2bdb0d10561d2	0	She Chose the Dragon	1221	520	
6a6ae33772acafdfe00daafc	0	Mrs. Grant Is Single Now	1222		
6a730455cf2f12105605f0e0	0	Baby Bargain with the Devil	1223	1342	
6a730108b486503ea10a69e3	0	Bride Swaps Groom on the Spot	1224		
6a743ac77ef51a4855018515	0	His Athlete Boyfriend	1225	717	
6a6ffb3827c69134cd00fd14	0	Fantastic Beasts and the Night Keeper	1226		
6a753afb853831408d045d5b	0	Blood Queen: The Vampire's Revenge	1227	2073	
6a753af15367fbf9d700f349	0	The Heiress's Game	1228	2350	
6a753b06b9632278d60f78c9	0	Covenant of the Witch	1229		
6a5f32adb362c31e4d0ce294	0	The Ex-Con Lawyer's Revenge	1230		
6a5f0783b9ef2befee052fb3	0	Betrayed Luna, Now Awakened	1231	769	
6a670d11e5349476040e8e31	0	Misplaced Heart	1232	797	
6a61fcc28e3e5781db0e8366	0	The Heiress He Threw Away	1233	1781	
6a714a97c771760de90bf620	0	Spoiled by My Ex's Uncle After Rebirth	1234	877	
6a714984282e82f7430d5aa3	0	Crowned: The Son-in-Law's Return	1235	2481	
6a75998188cda99cfc05e254	0	The Billionaire's Secret Heir	1236		
6a61fcc72109ad2b77051835	0	You Chose the Maid,Now You Beg	1237	422	
6a72d0cae6dea1f0740633e1	0	Borrowed Face to Love You	1238		
6a7295ece52ae6cfe901ca85	0	The Son Rises Alone	1239	2266	
6a718b5258db5ac2fb0b9572	0	The Alpha King's Stolen Bride	1240	654	
6a7143c1abc1c458e804435b	0	Reins of Desire	1241	1417	
6a67d06112cc28505607205a	0	God of Pain	1242	28	
6a1fa01bb01d328ba8099995	0	Falling for the Cowboy Dad	1243	1001	
6a69d75694d45d05cf089596	0	After the Sacred Whale Betrayed Me, I Contracted Poseidon	1244		
6a6ff60bb14d225fd80e245b	0	The Don's Fatal Tenderness	1245		
6a6ff561c8c11d1d94067e8b	0	My Dream Lover Is My Boyfriend's Stepfather	1246	1625	
6a6ff4c1d900154b5c073d1b	0	Contract Wife: Savage Stepmom Rules the Billionaire Empire	1247	542	
6a6ff3e58e454a2f2c061e5b	0	Hearing My Boyfriend Sleeping with Another Woman	1248		
6a7296b9d0e875c4150ea9e9	0	My Homeless Bride Is a Culinary Legend	1249	97	
6a6aac9603fcabf24600e0b9	0	My Fated Mate Wasn't Him	1250	672	
6a629f5ea1c787017500913a	0	Take Me Back to the Night We Met	1251	250	
6a740377759fd85b61000861	0	True Luna：On My Terms	1252	343	
6a732af92fca44b41e02681a	0	Dragonborn The Four Flames	1253	1046	
6a741db7bf22b9d5b80c238e	0	Off the Ice	1254	481	
6a718008e9f96f29f507ec5f	0	The Atlantic Bride	1255	988	
6a684be54203340f01007a15	0	The Divine Prince's Mortal Bride	1256	2484	
6a700666eef7d6f5550a0b27	0	I’m Pregnant, It’s Not Yours	1257	528	
6a74042be5a067bb2804d31a	0	The Mimic Playground	1258		
6a715195f5024c357f0789a6	0	Billionaire's Secret Janitor Wife	1259		
6a7536d7d20c60c600016a49	0	After the Embers(updating)	1260		
6a702ff9bfebe859c8010184	0	Puck Perfect: My Sex Education Tutor	1261	1573	
6a69bbbb1893284da90e5a39	0	Frozen by the Man She Loved	1262		
6a66b7c57fa17f5a6102247b	0	Rejected Mate, Restless Ghost	1263	2183	
6a68b826e39ad393b709c15b	0	Mafia Boss Never Loved Me	1264	577	
6a4f34b3b0d1ee9f560c3f6e	0	The Alpha and Beta's Shared Mate	1265		
6a5d843ab4f9e8fd9c05c8b2	0	The Seduction of Jac Frost	1266	1310	
6a66b7c77fa17f5a6102247e	0	My Wife Is A Call Girl Who Services For Other Men	1267		
6a66b7c47fa17f5a61022478	0	The Rogue-Marked Mom Is the Alpha King’s Luna	1268	2355	
6a5de4cb2eb293969e01b197	0	Share a husband? You're not worthy	1269	2486	
6a5750f712e78a1707083f40	0	He Gave Her My Luna Mark	1270	365	
6a6ff71e2cf525542e0730f1	0	My Royal Rebound	1271	796	
6a700150eef7d6f5550a0b23	0	His Father Made Me His	1272	485	
6a6b2207a6fa584bc0046f6e	0	Once Love Is Lost, It Never Returns	1273	111	
6a6b01dc39f964ed56043895	0	Revenge in My Ex's Brother's Bed	1274	197	
6a72d2f5a9bacc9b7c049ef2	1	Blind Beastmaster: I Tame Ancient Gods!	1275		
6a7002db07b37ca2420bcffe	0	Mafia Son: Unbroken By Betrayal	1276		
6a6ffa7fb5238dc7f701bbff	0	The Boss's Baby: Triplets on the Way	1277	795	
6a70084e74a2229b72018fb6	0	Daddy We're Done	1278	72	
6a7456d8a7bdcc9dc20e253c	0	The Alpha King’s Slave Bride	1279	1913	
6a7456d6a4740b6805050945	0	The Mob Boss Demands Her Perfect Genes	1280	151	
6a7006698a1b1823640e172f	0	Reborn: A Flight Attendant Counterattack	1281	147	
6a71436c94baf6bde908a282	0	Mending Hearts	1282		
6a6ff2460c2b5e76730af127	0	Nobody Hurts My Mother	1283		
6a6031b6939b5006a8001c1b	0	The Boy the QB Used in Bed	1284	334	
6a6033aa2ba345fe32007a6a	0	Broken contract and four cubs	1285	357	
6a62fae20fe809fbcb097c76	0	Sold to the Wolf King	1286	348	
6a5db55e03c701b0530411ee	0	Five Winters for Her, Five Keychains for Me	1287	907	
6a55d6f3e7e24d9dde061c5e	0	My Forbidden Hockey Coach	1288	1016	
6a6afb1f12895345d90f1e50	0	Thirsty for the Wet Nurse	1289	77	
6a6c2c7931364c40380c6d34	0	The Rise of a Godfather	1290	524	
6a695ac6318ab06af9089969	0	The Lost Swordsman	1291	404	
6a6170f28a8cdb3e7d0e440b	0	Revenge as My Uncle’s Wife	1292		
6a5d83c2142a64de2f0f292d	0	The Mafia Don's Secret Wife	1293	221	
6a5d836dda4a556288063f1e	0	Hook With Boyfriend's Best Friend	1294	129	
6a56e53a4ffb908818071aad	0	Queenpins- My Enemy, My Wife	1295	157	
6a598bdc118ac35b290f065a	0	The Rabbit Bride Who Rejected Her Alpha King	1296	1075	
6a55d7c500cd6e27a200316a	0	The Black Drakes Second Vow	1297	208	
6a62fa41c87ad72abc0a3e3d	0	Soul Exchange under the Blood Moon	1298	2385	
6a6975bf5d8851c89d0fcc8d	0	My Freeze. Their Tears. No Forgiveness	1299	207	
6a70066482066d772d0cdba1	0	Forbidden Love: Brother’s Cage	1300	622	
6a6ac2b29891ec35ea0ac5dd	0	The Phantom Pilot	1301	287	
6a6848570706aa908c0a81f9	0	Fated to His Brother's Alpha	1302	322	
6a5f1057e2a59d2e2605759e	0	His Mafia Queen	1303	431	
6a686012cd3a8257390f38c9	0	Offside with the Hockey Star	1304	214	
6a62f9e7063e662fac0cdd13	0	The Wolf Commander's Wrong Bride	1305	2207	
6a66b7c17fa17f5a61022472	0	Offered to the triplet Alpha	1306	55	
6a66b7bc7fa17f5a61022469	0	My Dragon, Not Hers	1307	1461	
6a549b2451cf0e4d6c0a153d	0	The Karmic Heiress	1308		
6a6030ba1ee6c0486900da8c	0	His Decoy Wife	1309	800	
6a62c99877ad3657000aa34d	0	Mated to Two Bad Boy Alphas	1310	544	
6a5f0760f7da29c9930dd433	0	The Monster Made Her Queen	1311	1812	
6a5f32b02d9c74faad04b00c	0	The Queen's Revenge	1312		
6a6031b4b2718b63ba0debeb	0	They Called My Dragon Gear a Scam	1313		
6a598bde89a94812de0b87db	0	Married Ex-Fiancé's Uncle	1314	692	
6a1fa20d3d80264639051e35	0	The Legend in Disguise	1315		
6a717d1fdc078c47ae09917e	0	After Divorce, Four Vampire Kings Chasing Me	1316	995	
6a6ff5c0d84821c767025dfd	0	Pregnant with Sweet Destiny	1317		
6a6ff5bb694b5250ba0b1edb	0	Blind Beastmaster: I Tame Ancient Gods!	1318		
6a6ac53cc369561bca01398e	0	The Hundredfold Billionaire	1319		
6a700a4707b37ca2420bd002	0	My Powerful Caretaker	1320		
6a6ff241989753f010020609	0	The Forbidden Fist	1321		
6a5db3ec49ae13222f0ca5dc	0	I AM THE LUNA QUEEN	1322		
6a55aca583cb75e34b0eb4bf	0	My Alpha Forced Me to Lose Our Pup	1323	1883	
6a5d843cea03716a8b0caa59	0	When The Moon Hides Her Crown	1324	1763	
6a6adbe96a1c2a68b909a072	0	Seducing the Tyrant's Queen: The Apprentice's Revenge	1325	438	
6a62971687b70290eb03ff9a	0	Marry Me Twice, Mr. Grant	1326	50	Trending
6a6ff3f1682c35ae020fda2a	0	The Widow Who Stole the Marquis's Heart	1327	1570	
6a6aae710cb29f5455081c2a	0	I Saved a Stranger and Found Out I'm Rich	1328	2164	
6a6ff3ef74fd1d39a301cea9	0	Five Years Without You	1329		
6a6c718e315e5376ba0d263e	0	Ticket Denied, Divorce Filed	1330		
6a6bfd7b61be4484010d05d9	0	The Heiress They Called a Fraud	1331		
6a699568fb5bf17ebc05c95f	1	Love You 1,000 Years	1332		
6a680a0ee4b3871eb50e9f9b	0	She Bows for No One	1333	259	
6a672bc50dc68f56a409f670	0	Sold to the Warlord, Born for the Sky	1334	17	Trending
6a695cfbe05b3907da0c851a	0	I Left Him a Letter, Not a Goodbye	1335	818	
6a6adc4372e65640410ab2a3	0	Fake Witch Claimed by Two Heirs	1336	2163	
6a6b0349aaeb8126f1042650	0	The Betrayed Demi-God Reclaims Everything	1337	2226	
6a69928e1c117e13980f9f41	0	The Betrayed Demi-God Reclaims Everything	1338	1080	
6a66bd9349bced6d830bf871	0	When the Hero's Daughter Was Bullied, I Carried a Coffin to the Military District	1339	1289	
6a69be304e9babdb170f3a1b	0	Rise of the Fallen Mage	1340	784	
6a6807e3a1e36668ae0a8119	0	Blood Is the Curse	1341		
6a66bcda57f05e0f510c12da	0	The Mafia Boss Who Loves Me	1342	865	
6a6316939bcd438cf504424b	0	Canceled Honeymoon	1343	265	
6a469b12d3f5c65f7f095b8a	0	You've Been Replaced, First Love	1344	20	
6a6b27de1e005c3f500561b5	0	I Teach Aliens to Farm	1345		
6a6afe2b6cb3ef2be60df942	0	Exiled to an Island, I Built an Empire	1346		
6a6992d4dd4dd7edd60a5d43	0	Love You 1,000 Years	1347		
6a6971a2d8c89204f10212bb	0	The Wastrel & The Assassin	1348		
6a697704372818095101b114	1	The Wastrel & The Assassin	1349		
6a6ab69baaeb8126f103b73a	0	The Billionaire Parents' Final Test	1350	332	
6a69994f1ed5911c3f03759d	0	His Caged Love	1351	2165	
6a69994b1e93a53dfc0ca73e	0	Rising from theAshes, I Cut All Blood Ties	1352	307	
6a6971a0e0753757f40f04d0	0	Rise of a Tycoon	1353		
6a69770603f1d48a7a07723e	1	Rise of a Tycoon	1354		
6a6964532c99fcb36e0f17bb	0	The Double Life of My Ex-Con Husband	1355	878	
6a6325e3df65b3282c05a8ae	0	Ashen Knight: The Return of Dragon Blood	1356	2227	
6a66bbf41925a6ea440cc029	0	Married to the Devil	1357	999	
6a62cba0cf6f36901805fd9c	0	Claimed by Apollo's Son	1358	1777	
6a696417f1299374e000cf5b	0	Brother's Keeper	1359		
6a6961979c32db374502042c	0	The Serpent Queen's Rebirth	1360		
6a680f81ba8cec524e02d7ad	0	The Human Queen of the Lycan King	1361	1256	
6a6813aa25d1e62c850d3e1f	0	Breaking the Engagement, My Stepfather Wants Me Back	1362	882	
6a699eaa437c05bf2f08576c	0	The Eight-Year-Old Captain	1363	1227	
6a6961929f8dd29781038e7a	0	My Wife Thought I Was Just a Househusband	1364		
6a4764677ea7e0e6e8007ff4	0	My Husband's Colleague	1365	870	
6a66bb4aa5474a55a20e59c8	0	The Seventh Death of the Devil	1366	1748	
6a631d4b7f6e39aad1061157	0	Caught in His Current	1367	230	
6a62cc184c8763e0a40704fe	0	The God King's Son and the Four Rascals of the Apocalypse	1368	993	
6a6175020e58adb4bc0cafae	0	Full Court Legend	1369	1271	
6a580e0abaa3c12b130cb57d	0	How to Wreck My Bully's Heart	1370	497	
6a4e2c8f0385eef459011dfd	0	To All the Exes I've Loved Before	1371		
6a5dc4a1b30cbe1ede0594fe	0	Silver Curse	1372		
6a5dc49f92835bc7bb000b61	0	Blood and Silver	1373	855	
6a630a38b62b29088b018acb	0	Savage Mates: Rise of the Beast Queen	1374	559	
6a630a3663d0697ed40f8846	0	Married as Her Sister’s Stand-In: I Accidentally Fell for the Billionaire Wolf Alpha	1375	612	
6a630a3b53c25feab006dfb6	0	Fruit Dimension: Orange Light Redemption.1	1376		
6a6965c5f84b72e40905454d	0	EXODUS: CELESTIAL FALL	1377	725	
685e45ceb2ff77ee5a0202f5	1	Bride of Vengeance	1378	2151	
680d8afd1d9f89306b0dbce8	0	Bride of Vengeance	1379		
6731b3f8843672ff830cdae6	0	You Are My Heartbeat	1380	2253	
6a47833431d1f8e48d050f3c	0	The Vampire King's Runaway Bride	1381	1139	
6a6095f6d9ab3292c807c4ff	0	Torn Between the Mafia Twins	1382	190	
6a544e264e8edf02280ca29d	0	A Marriage Deal with the Billionaire	1383	853	
6a617638677231413606d68b	0	You Betrayed the Wrong Alpha Queen	1384	836	
6853e47c3f4007e1510da543	1	Sweet Debt, Secret Billionaire	1385	2320	
667e12a34ea4c08fb603cf56	0	Sweet Debt, Secret Billionaire	1386	2723	
6a6733958d893bb4600e0595	0	I Became the CEO's Most Beloved	1387	1066	
6a6840b466a2c8d67608a4c6	0	My Afterlife Tavern Has the World's Strongest Guardians	1388		
6a66bb4ca2a3e3cefd03bf4a	0	Golden Dragon Mother’s Rampage	1389	1657	
6a4b409a3e360ffb6e073b5a	0	Virgin Lactation	1390	1820	
6a60225f41abc545e30fa409	0	My Secret Affair with the Duke	1391	2166	
6a580b359cc3a55a2b08ad6d	0	Keeping the Cowboy's Baby	1392	175	
672058b322518d7cf4035ff8	0	My Firefighter Ex-Husband Burns in Regret	1393	1145	
6a476469e06a924c9c072588	0	I Only Have Brisket for You	1394	2491	
6a6175758a8cdb3e7d0e440e	0	My Ex-Wife Wants Me Back Too Late	1395		
6a60239fb9f5f7fe8f0356c9	0	My Useless Husband Is an Immortal	1396		
6a4b409812dbc3433e066248	0	The Proctologist's Brother	1397	457	
6a62cf6aaa2d9518cb09947d	0	The Fake Hero Never Saw Me Coming	1398	489	
6a62ce842f21ba217a069ade	0	Dumped the Groom, Married the Billionaire	1399		
6a616fcbc063a1f59108d8ca	0	Crowned in His Claws	1400	1810	
6a50162231243f4ece0229b8	0	I'll Make Your Daddy Mine	1401	49	
6a5d7df5337710b8ac04d330	0	The Crown of Thorns and Tide	1402	350	
6a58b081cd6dabf02b02b0e0	0	The Siren's Vengeance	1403	257	
6a500e84492dec4b5a02f556	0	Nothing Escapes My Eyes	1404	57	Zero to Hero
6a55cba42bfaaef26f0f5299	0	The Lycan's Savage Luna	1405	45	Trending
6a5d7fa355d30dcff30de854	0	Secret Marriage Swap, The War God’s Late Remorse	1406	2487	
6a62d2cdb545a69f6d0db96e	0	My Wolf is the Sun God	1407	2485	
6a544c5cb9b4b2cf2e0f83bc	0	99 Forgiveness, One Goodbye	1408	857	
6a3e50f72620b17637021bb8	0	Match Point	1409		
6a56e8d1eab434a3870fd65c	0	The Diary of a Workshop Veteran	1410		
6a6021fb4b10ebfb5b0eda5a	0	My Secret Alpha is My Lucky Puppy	1411	1308	
6a5068b09b871d8b3c0331de	0	Wolfless? Bow to the Queen!	1412	2185	
6a6059c96a805ace3109c7e6	0	Boyfriend from the Future	1413	1811	
6a5f3a1e2e43d66ca60c5857	0	Group Chat Divinity	1414	2228	
6a5ecd225302bc20f70e344b	0	A Father's Regret	1415	701	
6a5d7edb91780e5b3202497d	0	The Blacksmith You Dumped Is the Red Dragon King	1416	318	
6a5dc8230c67c4509c0a7f02	0	Rustblade Witcher	1417	2229	
6a5db3ef3a92735f1a059d89	0	The Beast King Worships the Worthless	1418	1309	
6a58d32795d3f308540031d8	0	Everything Plus, Everyone Else Shuts	1419	2488	
6a58d38c3d6025bd5205fe4c	1	Everything Plus, Everyone Else Shuts	1420		
6a5f1818a66d1b70fd0ee9c3	0	Pregnant with Power	1421		
6a603d3661e24f429c06736a	0	Love Caught Fangs and Claws	1422	522	
6a4b409c1645a3ff270b2b5e	0	The Frank Method	1423	1132	
6a56e81d998cf5d82c08064f	0	The Alpha's Unclaimed Mate—I Rose to Lycan Royalty	1424	1004	
6a5ed94d86fc5365410a581f	0	The Tyrant's Max-Level Dragon Bride	1425	493	
6a583abc7f901fd90400c262	0	A Ruler in Disguise	1426	416	
6a39e9db461360e5580eb9c2	0	Fake Queen Bee, I'm the true Heiress!	1427	1144	
6a4ff019ce4e4e0aef058c23	0	A Ruler in Disguise	1428	1312	
6a5f2a427913f437e502f8b4	0	Curvy Bloom, Sweet Surrender	1429		
6a601e9572dc2dea170b5419	0	Promise in Paper, Folded Vow	1430		
6a5db5613d1410127c0846fb	0	My Fiancé Betrayed Me, So I Bankrupted Him	1431	1727	
6a5db5c7607675185a0af2fb	0	Stardust and Lies	1432	1495	
6a5f3c538f2e026dcf09566c	0	The Veteran’s Promise	1433	1008	
6a5d84c66c05476ac30ef75f	0	The Mafia Boss My Husband Betrayed	1434	1159	
6a5db4b9d2d51395fd03a48b	0	I Married the Alpha They Threw Away	1435	47	
6a5d8183b3df43399e047900	0	Where the Stars Went	1436	1247	
6a58d467d28d4df43300a244	0	God of Snow	1437		
6a5ed3717990cea9e702b93f	0	Final Skill: Win Her Heart	1438		
6a56ddb45c65371f2b0a3f8a	0	Trash Boy's Super Watch	1439	864	
6a56dd826a410e5f5d04c33b	0	Zero to Alpha: Return of the Wolf King	1440	69	
6a56e53710cf0d2533014cfd	0	The Silent Luna’s Secret	1441	173	
6a5d856b50f13fa4a20836b1	0	They Bet I'd Cry, I Bet They'd Fall	1442	657	
6a5d856e4847039a4d062892	0	The Elf Queen's Revenge	1443		
6a5db4bdb72949b20d0fdcb9	0	The Alpha Made His Savior the Pack's Slave	1444	578	
6a5722d9988fca73730da144	1	That Beggar Wants Out	1445		
6a5840e92769ac7896097977	0	Max Maid’s Survival Rules	1446		
6a4720516e1b4ad8ae0d5f62	0	Football GOAT Reincarnated Into Me	1447		
6a55ac24485f9d5b0506785a	0	Dying After Ten Years for His Sin	1448	74	
6a56e53486836e04ae0c6a99	0	My Vampire Lord	1449	133	
6a55d76bef68ac498703dd1b	0	Bite the Exorcist Heir	1450	1756	
6a575df904e2a3e52d00406b	0	The Fake Dating Spell	1451	140	
6a55eb34abf3824e3a08be70	0	The Wife He Gave Away	1452	730	
6a54dceea398b25e350d0c8b	0	His Partner, Her Revenge	1453	626	
6a54aab7320378451205e865	0	He Pulled a Prank on Me and Lost Everything	1454	1214	
6a469885824b0d14020db237	0	Sweet Temptation	1455	435	
6a598ba60bcf6849150ba5bd	0	The Last Stand: Iron RV, Ice Plains	1456		
6a598ba50bcf6849150ba5ba	0	Frozen Frontier: Sarah's Costco Crossing	1457		
6a589b96716ca7d47a0a97f4	0	Seduced by My Boyfriend’s Uncle	1458	1458	
6a586d61f1819245a007809e	0	Illegal Touching	1459	381	
6a560574c3c24333150afc08	0	My Wife Replaced Me With An AI Lover	1460		
6a583b6619790e4aca027178	0	The Deadliest Operative Alive	1461		
6a56e6ec261b12d2ca04046d	0	The Surgeon You Shouldn't Have Crossed	1462		
6a5701363650e0a7e80aa78c	0	King of the Flooded World	1463		
6a55fc87a8b79fdf270d1537	0	The Boy Without Destiny	1464		
6a5594c8ae778f7316081d0d	0	The Soccer King: My AI-Powered Eye	1465		
6a544ac2e5a454a5d60a83ed	0	Mr. Vance, Your Wife's Cover Is Blown Again!	1466		
6a547dbf24890ff5cd06e619	0	The Boy Raised Me is Mine	1467		
6a56fdb294a9400558057de0	0	She Left The Ashes Behind	1468	1335	
6a544e2b68ff54a82a095030	0	My Father Outside the Spotlight	1469	2230	
6a549b295a4a5345b00e507f	0	Mind-Reading Ultimate Guardian	1470	921	
6a544e2354d47aac4303048e	0	Betrayed Brutally, I Purge the Magic Academy	1471	1813	
6a544e28d8db38d564066b5e	0	The Revenge of the Forgotten Luna	1472	1739	
6a55ac1fcc73b0d9d700d5a7	0	The Woman He Protected Was My Killer	1473	603	
6a50cf19863389044f0971ca	0	Craving My British Cowboy	1474	269	
6a544f954199bdefcb07d765	0	The Silver Tiger Mate's Gentle Pampering	1475	2489	
6a546302e533929b890b34c5	0	Dear My Cruel Brothers	1476	1044	
6a571f2c1e9758b002077f74	0	That Beggar Wants Out	1477		
6a549d9551cf0e4d6c0a1540	0	The Curse of the Midas Touch	1478		
6a5449eb8faf4af8f209e68e	0	Divorce Denied Caged by My Vampire Ex	1479	1032	
6a5446ba30ed40d1620e0e5e	0	The True Queen	1480		
6a4f6a419480f5928e071573	0	Return of the King	1481	2159	
6a4f6baef257157a3f0ac0be	0	Reborn Heiress Strikes Back	1482	2268	
6a5724f41fd2b06f5e0142b5	0	Eight Years Gone Down the Drain	1483	1359	
6a5724f6dfc97c1a9403cf25	0	Two Snake, One Mate	1484	1455	
6a504eca5f279ed27700197a	0	A Duke's Daughter Strikes Back	1485	1238	
6a504ec0bfc970e7d80c7049	0	He Chose My Sister, So I Chose the Serpent King	1486	356	
6a4c61cb027db4929d012bcd	0	Betrayed, Then Birthed Titans	1487	770	
6a4c6e9b69846c737f0f7cb6	0	I Copied My Way to the Top	1488		
6a55ae26aefa8bda590dd413	0	Leaving the Fake-Poor Alpha	1489	1636	
6a506548b32eb0d68a0cce6e	0	When the Wolf Fell in Love	1490	922	
6a55ad9f5480fc024408cdc7	0	White Wolf Returns, Mate Regret	1491	1618	
6a547c258e7dc74d870b30af	0	The Valkyrie Divorces the God of War	1492	419	
6a5062a60bf357d2610e19c9	0	Empathic Link with the Prince	1493	1814	
6a55ad545c3b1759bb023db4	0	I'm not waiting for you at the end	1494	1311	
6a5062a2cfe82f6004003dad	0	I Seduced My Husband’s Adoptive Father	1495	108	
6a55acffff7e4a3926091ed7	0	After The Soundproof Wall	1496	1758	
6a5446b2b2294edf4608f5dd	0	My Three Brothers Chose Her	1497	494	
6a544305b7dbbeda4907a8cb	0	X-Ray Vision: The One-Eyed Outcast	1498		
6a4bde37cdb434b20e085b0a	0	Faking It with My Ex's Best Friend	1499	355	
6a5191d8fa9f9f7a09081789	0	The Great and Powerful Genie	1500	13	
6a4fa4b19ea4c087de0ca234	0	The Lost Prince Strikes Back	1501	615	
6a4ef8db24f63497da07f7c1	0	The Sister They Hated	1502	389	
6a4c61cdf256862bc209762c	0	The Alpha Rejected Me, But the Dragon King Claimed Me	1503	482	
6a5443012428cc08d00c9d79	0	The Apocalypse Gave Me a Cheat Skill	1504	1887	
6a475fda246000097501ee4f	0	My Fake Boyfriend Owns the World	1505	698	
6a4ca45b25dd0f249d0b958b	0	Tears on the Pillow of Regret	1506	1672	
6a4a1a9cbc1064cff9052997	0	After 7 Alpha Rejections, I Became Queen	1507	455	
6a4ca532a5047eb34a0b2a65	0	The Blind Girl Who Sees Souls	1508	1262	
6a518fa8ec18ba91eb0fdb8b	0	Man to Man	1509	85	
6a4f11aeb9b840d064021976	0	The Alpha Heard Her Too Late	1510	1740	
6a4c5f0ad27fd7507b09862c	0	Taste of the Wild	1511	1818	
6a4d9dfc8c44f1fa2b0324fe	0	That Eight-Year-Old Girl Is an Archmage?!	1512	1337	
6a3d9547091cd749a8093d65	0	Her Billionaire Father Spoils Her Rotten	1513	325	
6a1fa00db01d328ba809994d	0	Stand Aside, the Billionaire Is Here	1514	1442	
6a3d730b0112aac7e20ddfff	0	American Sniper: The Kid of Guns	1515	1272	
6a4cf08c2997de8f060a4d75	0	After the Goddess of Fate left, My Ex's Mafia Empire Crumbled	1516	2269	
6a4cd46c6a3c142c850c7ab6	0	After I Cheated 99 Times, My Husband Went Crazy with Regret	1517	1056	
6a4c5f056776db8c7606473b	0	Velvet, Blood & Power	1518	2190	
6a505c856e916f10b00e8aaa	0	Billion Dollar Bed: Addicted to Him	1519	271	
6a4c69716de432c9700fa3ed	0	She Chose the Devil Over You	1520	2189	
6a4efbc977f8f1f91404d09c	0	The Supreme Sovereign Wants Revenge	1521		
6a4b0f3897abcc633006a247	0	You Play Innocent, I Perfefected It	1522	911	
6a475fdf9f947b4b4a08677a	0	Second Chance With My Mr.CEO	1523	2136	
6a4c631a1a588877650016ed	1	Rise of the Kung Fu King	1524		
6a4c65459ed73db2bf073c2d	0	My Sister Stole My Mate, So I Married a King	1525	712	
6a4a1e227879c28b1103d653	0	Dumped by My Amnesiac Wolf Alpha	1526	1821	
6a4f11af0c87f5b3aa0e31c4	0	Double Souls Under the Moon	1527	2338	
6a32d64da3959ea0d306be2f	0	Death Touch	1528	341	
6a4c6aea0b0025d207026a0f	0	Steal Her Heart on Ice	1529	1815	
6a4c540d6f40f0e2060b2d3c	0	Bloody Bell Tower S2	1530		
6a4c540b0f961942e50eeaed	0	Bloody Bell Tower S1	1531		
6a4c61c8f65994e6e60b46b1	0	The Usurped Divine Daughter	1532	1817	
6a4e06dd86fc57d4b107b16c	0	The Ice Hockey Star Regrets Deeply	1533	1574	
6a4c77e71feefc0d67069bc3	0	Married Him, Then Left Him for Dead	1534	813	
6a4c5d39cc86de7d8509ed0a	0	My Telepathic Pup Made Me Luna	1535	2191	
6a4de31ad3c2ebd70d0376c4	0	Too Late: The Gambling Ace	1536	659	
6a4c696d7bacd87b4205b18c	0	Alliance of the Unusual Dawn	1537	1816	
6a4c696992682bcd24012479	0	The Magicless Boy Became a God	1538	1344	
6a4c90e76776db8c76064746	0	Sealed Power, Rising Legend	1539		
6a4c6d3d952a3234740907ef	0	Star Prison	1540	281	
6a438c909fbf1286b10c3523	0	You Just Bullied the Richest Daughter in the World	1541	2494	
6a4ca4e785b721cc250fe4de	0	Stolen Princess and Her Wolf Daughter	1542		
6a4c61c6cf07db22cb0c583c	0	The Alpha Heir Gave Me to His Brother	1543	1211	
6a4c61cf5d4805a1ea03b4ef	0	The Vampire Lord's Lost Salvation	1544	1268	
6a41d53b308a624e330fc9f2	1	Power Armor Sacrifice Rebellion	1545	1597	
6a471408082122dc360d635c	0	Your Uncle Is Obsessed with Me	1546	183	
6a3d99936928d9c1f409ed59	0	Mafia Princess Returns	1547	168	
6a4c5f084d9dcf6d260cde6d	0	Now His Secret Is My Weapon	1548	2490	
6a4626abe2b856572400bc47	0	Love Lost in the Space	1549		
6a3ba36a54aeacec4308eee8	1	Now I'm Your CEO Ex-Husband	1550	1826	
6a4713cc369437f3120674dd	0	CEO's Little Sister Is a Big Headache	1551	623	
6a45ccba642b139df20195ab	0	The Alpha’s Baby Chose Me	1552	1348	
6a4c5d3bdf67096a3205139c	0	Trapped by the Hunter	1553	1596	
6a4c5d3dc2d6e00a6300278b	0	My Husband Auctioned Me Off	1554	1352	
6a4720539fc3ee02eb007f1a	0	Sun Knight Time-Travels to Slaughter the Blood Demons	1555		
6a438c92310497e68508c01d	0	Wrong Heir, Right Her	1556	566	
6a41d63c1d684fb8fe060e77	0	The Immortal Guard	1557	580	
6a3de17607fd803c7b0d1fbc	0	A Golden Dragon Made Me Rich Overnight	1558		
6a4a1e217879c28b1103d650	0	Fated to the Feral Lion	1559		
6a4a1e207879c28b1103d64d	0	The Billionaire's Secret Wife	1560	1135	
6a45ccbcd0d3ada53d0ec66d	0	You Never Saw Me	1561	695	
6a45cd6065c2edd56508203c	0	You Are Heartless, so Am I	1562	1822	
6a4c5f016de432c9700fa3e9	0	One Night or Forever	1563	1819	
6a3d980baaf954b86307ecc4	0	Rise of the Caged King	1564	339	Zero to Hero
6a447d9cf05c392bdd0adf8c	0	My S Rank Beast Mate	1565	2349	
6a45c77e2fdd0135260e2dea	0	The Day You Dumped Me, I Became a Millionaire	1566	159	
6a447d6f5294de844f0d5541	0	My Serpent King	1567	1823	
6a45cd5d6a8c4720d70d7bf9	0	The Housewife He Threw Away Is a Billionaire	1568	248	
6a45ca9165c2edd565082039	0	My Hot Firefighter Ex-Boyfriend	1569	1313	
6a45ca8fd0d3ada53d0ec66a	0	No Longer His	1570	2492	
6a45cdc8f7f8fb16cd0a5b4c	0	I Slept With My Best Friend's Boyfriend	1571	923	
6a45d011a371401df3000a2a	0	Summoned Again: The Unwanted Consort	1572		
6a4c57f5acb3e876530f27e8	0	Nero: Made Men	1573	1629	
6a44705b27bdb68e4a0834fc	0	Born an Heiress, Branded a Clone	1574	969	
6a447059145090621d0deffa	0	The Simp Claps Back	1575	1012	
6a44c5b20d88d645ea03d86c	0	The Sister Who Stole My Fate	1576		
6a44c59e2cf631382007b52a	0	The Queen is No Longer Silent	1577	1233	
6a3321d8db2a78841b024cd9	0	Nero: Made Men	1578	411	
6a45cd55497b29f02d002509	0	Reborn as the Shadow Luna	1579	892	
6a45ccbe1a807de4160b433b	0	Don't say I do	1580	1226	
6a45cd5a24c2a24f330c945b	0	The Red Lily I Chose to Forget	1581	1413	
6a331cd1d5cb2422d00af359	0	My X-Ray Vision Sees Right Through You	1582	91	
6a4491f1f5e3d358340e1e02	0	Blitzed by My Rival's Obsession	1583	543	
6a41e4c9d1f0cdd2d5090a3b	0	The Last Gray Helmet	1584	2356	
6a44c5bf2fbfb858660517e6	0	Alpha Daddy, Mommy is Dead	1585	2493	
6a1fa1f73d80264639051da5	0	My Alpha, My Forbidden Fate	1586	886	
6a44c59a4c075a38de0beb7e	0	My Off-Limits Hockey Coach	1587	1141	
6a44c5ae31700bc1bb01215a	0	The Billionaire Twins' Substitute Bride	1588	2161	
6a44c5a9c15dcde1060af1bb	0	The Phoenix Was Never Weak	1589		
6a45d018969ff882e80e7eeb	0	Reborn to Raise Two Future Villains	1590		
6a45d015cdaaebb2030d3e99	0	Her Son Makes Her a Royal Lady	1591		
6a44c5b5ae33cf227e079cac	0	My Boss Is a Hungry Wolf	1592		
6a45d01328354989cc0a6e09	0	Love Found Her After She Died	1593	966	
6a44df67f4949bd09c0a007d	0	Fate's Betrayer: Saving Grace	1594	1516	
6a45cf8a3c71b87e230f31ad	0	Ancestral Spirit Awakening: I Choose My Own Ancestor	1595		
6a3c94171f0e5304d10b2d0c	0	Till Payday Do Us Part	1596	1201	
6a45dc72b079ecc6b20524cd	0	He Loved Her Lie. He Lost Me	1597	2629	
6a45dc6e400913d3140e078a	0	Maid of Fate	1598	2567	
6a44de866e2f1530be0b71fa	0	Stop Reading My Mind, Villain Heirs	1599	1914	
6a44d5e470fc4c8b840bf21d	0	Blood&Daughters	1600	1327	
67e9fd794fa029bfcb00436a	0	Reborn: My Sweet Princess Era	1601	1193	
672876f6b6b3e459e0027d62	0	Love Beyond Misunderstanding with My Daddy CEO	1602	2615	
66eb8ed6515789a3f3045166	0	The Return of the Beggar: Starting from Being Picked Up by a Beauty	1603	2254	
6a33149d4dd31b5f0506cc09	0	King of War Tech	1604	1138	
6a43729bfd4df5cb34078482	0	The Professor’s Forbidden Dragon Prey	1605	1293	
6a3f40ede102bd774b080eca	0	Watch Out! You Cheated on a National Hero！	1606	2208	
6a3df0940d58564fbe0e076b	0	The Cyber General Returns	1607		
6a44c5bd3183af32eb0cf61c	0	My Alpha Cheated on Our Mating Day	1608	1441	
6a2a7562c7ac12edf401e6ca	0	The Young Master's Comeback	1609	1404	
6a3e197a1f01b50767055000	0	The Stepbrother I Hate to Love	1610	816	
6a4387feb66c41e77c0b918d	0	I Gain New Superpowers Every Week	1611	1915	
6a436a53dd3183e90b0a24fd	0	Rise of the Kung Fu King	1612		
6a3a772d271ba4aa8d0a9203	0	Accidentally Fell for the Zombie Queen	1613	1315	
6a3bad90b4b6b0605300f8cf	0	Reborn: I'm the Devourer	1614	1314	
6a4230a52487478a9604c6af	0	The Bodyguard Godfather's Good Girl	1615	2449	
6a41d4f7d70a3b05480bde70	0	Power Armor Sacrifice Rebellion	1616		
6a38974ee61df0783f0d075e	0	Tutor for the Quarterback	1617		
6a33101c56c0faf2ce013299	0	Teach Me How to Say Goodbye	1618	638	
6a3ddce9401492332b0026b9	0	My Repairman Dad Is the Mecha God	1619	567	
6a3cec9f2860aa8e5508f552	0	Wrath of the Sea Goddess: Married to the Twin Gods	1620	1824	
6a433dff60b4413d74099444	0	True Heiress, Stolen Light	1621	440	
6a3b9b2680a309260a030136	0	The World Cup Captain Reborn as a Reject	1622		
6a433dfd3d1c4e53360729f4	0	Revenge Groom Is My Ex's Uncle	1623	579	
6a3ddc7b6c8a0267ae0408ca	0	Knocked Up by My Ex's Alpha Daddy	1624	184	
6a3e5994de20c0f7a202a432	0	My Exoskeleton: The Chosen Girl	1625	1755	
6a338ee215d842418b01615f	0	Crushing All Realms: The Playboy Heir?	1626		
6a338ee115d842418b01615c	0	Grand Tutor of the Dragon Realm	1627		
6a28e08e858f9e6f3e06bc4b	1	Dwarf Hoop God	1628	2096	
6a338e2f5fc1c89a8f035c2e	0	Waking Up From a Deep Sleep	1629	879	
6a338ee015d842418b016159	0	Destined Twins	1630		
6a338f5a2bdafa728a074529	0	The Beauty's Trap	1631	925	
6a3c8f62557f67aa110ad1e6	0	Love Found Me at Fifty	1632		
6a338dc786803bddc7063395	0	Prince Wants Fish, Why Bring the Family Tree?	1633		
6a30e1d4396ceee7940b8a24	0	The Master Returns After Sixty Years	1634		
6a3d1836ade141bc9d0a7026	0	Brides in Smoke	1635	46	
6a3b38f209229d62c60f9429	0	Son, Your Dad's a Big Shot	1636	1041	
6a3a1b78ab7cd86f8c025242	0	Six-Year-Old Dominates Golf World	1637		
6a33069240a92351870a1179	0	Things I Wanted to Say	1638	676	
6a39205b2c5898cffc0edbfa	0	The Beggar I Saved Became a Billionaire	1639		
6a1507e14240073bb00d3090	0	Reborn Princess From the Madhouse	1640	2388	
6a3ddda717eb7fe89701fac9	0	Synced Senses with my CEO Wife	1641		
6a3d0d1e70c5060bee0dd136	0	Forbidden Fiji Nights With Her Rival	1642	2270	
6a3a2ba9280c6eb504014887	0	My Boss Gave Me a Junk Boat, Now I'm Rich	1643	1576	
6a1fa002b01d328ba8099905	0	Dance Until the End	1644	574	
6a390a35f7ae1d26f00331c5	0	Chained by Hades, the Underworld King	1645	1120	
6a338ee615d842418b016168	0	Olympic Soccer the Reborn Champion	1646	1661	
6a2feec49103b8fc0703fd83	0	The Way to Good Luck	1647	1598	
6a2b076bbe129b998d0fa894	0	Fiancée's Betrayal, Dante's Inferno	1648	637	
6a3f6334d0f8b4f17e00e2a2	0	Tempted by My Step Son	1649	2106	
6a2b0693f7fda4bb29086262	0	Virginity Pact	1650	1665	
6a3895a067e86cccf70bb9cb	0	Bound By Blood, Betrayed by Love	1651	1622	
6a3895a2df2f4387670975fa	0	You Might Be Bad, but I'm Worse	1652	1439	
6a3895a3f1cd7f1b0108ad8b	0	The Long Lost Son Is Now a Commander	1653	1124	
6a1507e04240073bb00d308d	0	I Said Yes to My Fiancé's Uncle	1654	461	
6a1507df4240073bb00d308a	0	You Are My Sunshine	1655	933	
6a3b3f6eff13d9c94b050f0d	0	Newly Wed Enemies	1656		
6a338e2c5fc1c89a8f035c25	0	A Wife's Sacrifice	1657		
6a338e2b5fc1c89a8f035c22	0	The Dragon's Tear, a Royal Betrayal	1658		
6a338e2e5fc1c89a8f035c2b	0	She Shook the Battlefield	1659		
6a338e2d5fc1c89a8f035c28	0	Vengeance, the Master's Death	1660		
6a338edf15d842418b016156	0	I'm Actually the Last Cultivator	1661		
6a338f572bdafa728a074520	0	She Broke the Gift for His Mother	1662	2232	
6a338ee315d842418b016162	0	My CEO Mom Married a Security Guard	1663	2272	
6a338f592bdafa728a074526	0	I Invested in Her Future	1664		
6a338f582bdafa728a074523	0	We Ditched the Plot and Got Rich	1665	926	
6a338f5b2bdafa728a07452c	0	The Fallen God of Gambling	1666	1496	
6a27885bde8a045b2d04d470	0	Spoiled by My CEO Husband	1667	1829	
6a278a4469fc2d01e80892a0	0	Taming a Fussy Billionaire: My Chef Bride	1668		
6a2feec89103b8fc0703fd8c	0	The War for a Stolen Tradition	1669		
6a338e295fc1c89a8f035c1f	0	Swapped Destinies Love’s Hidden Path	1670	1827	
6a338e285fc1c89a8f035c1c	0	Single Mother's Counterattack With Adorable Twins	1671	2386	
6a338ee415d842418b016165	0	Princess Strikes Back	1672	779	
6a1507df4240073bb00d3087	0	The Housewife Was Their Legendary Professor	1673		
6a3354ee297612d9e5048f39	1	No More Mr. Wrong Guy	1674	1328	
6a3269a9443351427f006ee7	0	No More Mr. Wrong Guy	1675		
6a3c92232164bfa73509c44d	0	A Fairy Tail Ending	1676		
6a3b9b21b64089b4e20349fb	0	The Deep-Sea King	1677	2075	
6a3a47218295da87ae0cf21c	0	The Pharaoh’s True Heiress	1678	1269	
6a3a76742e8c28bfcc06a974	0	No One Choose Me	1679	2271	
6a3c8c9c6a3f190f540cb8bb	0	Mocked No More, Emperor Returns	1680	1825	
6a3b9b22ee9b26f9210edfc1	0	Now I'm Your CEO Ex-Husband	1681		
6a3a4465b0a8bd72bf0fd471	0	My Fiancé Is the Greek God of War	1682		
6a3b3f73b5d56a65db020c4a	0	King's Pregnancy Proposition	1683	2192	
6a2bc4beabbb476487016d69	0	My Weak Fiancé Is Actually a Kingpin	1684	2357	
6a39e60d9206d01df60805df	0	Reborn, I Gifted Her My Hell	1685	1095	
6a334db7725e2e4a2d05f92b	0	Becoming the Cyber Creator: Making My Ex-Wife Pay	1686		
6a33501937b5748859084caf	0	The Return of the Voltage Queen	1687	1316	
6a38959bc4ca3d9ad205c4da	0	Don’t Mess with My Lethal Fiancée	1688	2231	
6a2ff28e832bcd870e0c0526	0	A Baby's Adventure and A Wife's Awakening	1689		
6a2f6da92a43b076a80644a4	0	Come Home, Our Heart	1690	2273	
6a2f6da72a43b076a806449e	0	Double Life CEO Chasing Love	1691		
6a338dca86803bddc706339e	0	Boss, Your Wife Fights Back	1692	547	
6a338dc986803bddc706339b	0	The Playboy I Married Runs Everything	1693	413	
6a338dcb86803bddc70633a1	0	The Ultimate Throne	1694	679	
6a338dce86803bddc70633a7	0	Hooked Her Ex’s Forbidden Brother	1695	1276	
6a338dcd86803bddc70633a4	0	Reborn to Marry a Beggar Prince	1696	424	
6a338e265fc1c89a8f035c16	0	Goodbye, I’m Getting Married	1697	288	
6a338e275fc1c89a8f035c19	0	The Lawyer She Slept With	1698	106	
67b2ac5c4191e7dd0c0c8381	0	My Legendary Dad Returns	1699		
67d3e0ca7a859ff1d10c69e2	0	Chained by Fate, Claimed by Love	1700		
6836ad4a5bb9b1a04006257c	1	Titanic Love After Rebirth	1701	1190	
6721a36a274732e5520493d4	0	Titanic Love After Rebirth	1702	2104	
671c727ab8ea6863370a6345	0	Immortal King Reborn: Comeback with My Female CEO	1703	1646	
66583da2efdfce641c08d612	0	Goodbye Ex, I Return To Being The Heiress	1704	2732	
65fbd5d9ae4e5898150b3b0a	0	Goodbye Ex, I Return To Being The Heiress	1705	2769	
660674b1400123b14f03bd1d	0	Marry Ex's Boss After Divorce	1706	2765	
6a2b043eb06e7104e409f8ae	0	Don't Toy with My Heart, Mr. Billionaire	1707	640	
6a32429c2ce9776cfe00a798	0	The Dragon Lord's Regret: Rejecting His Slave Mate	1708	1207	
6a1507de4240073bb00d3084	0	Rise of the Heiress with X-Ray Vision	1709	2632	
6a3896d168f065944b0f53af	0	His Silent Possession	1710		
6a2b685466fe544c8a0e6b4e	0	New Life Through the Fog	1711		
6a335b9ac3d794404307cdee	1	Swap for an AI Sister, Now They Beg Me Back	1712		
6a30fffc404b5a9a1000c918	1	No More Hidden Love	1713		
6a28dfce22c97347b60737a1	0	My First Night Shift Saved the City	1714		
6a28e35d3f921273370e2f67	1	My First Night Shift Saved the City	1715	1317	
6a1507dd4240073bb00d3081	0	Famine, Space, and a Second Life	1716		
6a1507dc4240073bb00d307e	0	My Dad Is a Secret Tycoon	1717		
6a28dfc7c9c5c335240f8201	0	Dwarf Hoop God	1718		
6a31186c5bb161b53600a5e8	0	The True Alpha Princess	1719	1729	
6a31fc658343b61628067230	0	Becoming Lady Wyndham	1720	1418	
6a313b22a405dbc4b50535a1	0	Three Kings Kneel for My Touch	1721	928	
6a31fffa042d0d53380ed76e	0	Left at the Airport, Worth a Billion	1722		
6a326e13ff13a4191b0a9f7d	0	The Homeless Sponsor Is Actually a CEO	1723		
6a338dc886803bddc7063398	0	Contract Lover, Pregnant Ex-Wife	1724	927	
6a1507da4240073bb00d3078	0	Everything I Touch Multiplies	1725		
6a1507db4240073bb00d307b	0	My Tyrant Dad Can Hear My Thoughts	1726		
6a2b00f6fb5ac0e51f0b87c9	0	We Never Said We Went Bankrupt!	1727	1219	
6a31012dcaac24b17b08aa4f	0	How the Tech Genius Stole Back Christmas (updating)	1728	929	
6a31012f0a4db3ff73065e0f	0	Mated to the Alpha and His Beta	1729	75	
6a2a1c7743f843160904877e	0	I Charm Hot Devils to Survive	1730	2233	
6a2a222dd7b035bb8d0255cc	1	I Charm Hot Devils to Survive	1731		
6a31fff8b46713a491079d13	0	Second Spring, First-Class Tech	1732	1828	
6a1507d94240073bb00d3072	0	Fake Bankruptcy, Furious Heiress	1733	2277	
6a1507d94240073bb00d3075	0	Rejected, Got a New Husband	1734	1400	
6a2fae7cd7b153e4c4094a08	0	The Dragon Chose Me	1735	2076	
6a30e14dad1d799df4050b7c	0	I Called the Police This Time	1736	751	
6a211c74b6d9a41c8b01403f	0	High Society	1737	442	
6a21e90ced9cf53ee8067221	0	Not the Bride He Wanted	1738	87	
6a163f1346f65441d1006b3f	0	The Chronicle of the Sickly Knight	1739	1834	
6a2e095089d26e5ee702ae80	0	On the Day of the Broken Engagement, I Married a Half-Blood Dragon	1740	1611	
6a2bc46eb4f65096b30939f1	0	The Real Heiress Reclaims Her Place	1741	179	
6a2e09e8be1ac1ee080c34da	0	She Is Where the Stars End	1742	2495	
6a2e09e603f9106cb603937d	0	The road not taken	1743		
6a2fd38eeca393941d0947be	0	How To Make A Death God Sin	1744	272	
6a1fa1e93d80264639051d5d	0	The Billionaire Heiress's Double Life	1745	1723	
69d91bfc493c1bdb3e018ee6	0	Power, Lies, and Marriage	1746	849	
6a2ba015f891a4426a0746b5	0	The Billionaire Groom Exchange	1747	104	
6a2b7473a9c3d9ed110eef59	0	Superboy vs. Alien	1748	2274	
6a2e09053ea1b9998f0cfa00	0	My Arranged Marriage to the Beast King	1749	803	
6a33b74398add2ae2005b1a0	0	Rebirth From Betrayal	1750	1204	
6a2a2fcc333de051d600928c	0	The Hidden Master	1751		
6a2f96b73b31512fab0f5e9e	1	The Hidden Master	1752		
6a33a43d3f0720fed7016d4a	0	Ward of Hearts	1753	924	
6a2a850ab9caa598450a9b94	0	Cursed Island: Survive Me	1754		
6a2f96f02a43b076a80644bf	1	Cursed Island: Survive Me	1755		
6a2f5c2922e974982f018fae	0	Love My Wives, Grow Strong	1756		
6a2f6070ff7aa21f57059f49	1	Love My Wives, Grow Strong	1757		
6a2ff113892ba8194d06c922	0	The Freezer's Tiny Kingdom	1758		
6a33e28fa2cddb639103def9	0	Swapping Fated Mates: The Twin Vixens	1759	1767	
6a33d5ecb6915c65880ba8a9	0	The Mongrel husband I Bought for Five Grand	1760		
6a33d66edcc59097cc09327a	0	The Scarred Orc Who Bit Me First	1761	2167	
6a2f6daa2a43b076a80644a7	0	Supreme	1762		
6a2ff067eb903aaa1103277c	0	My Younger Bodyguard Wants Me	1763	822	
6a2ff06deb903aaa1103278b	0	The Chic Mom Returns	1764		
6a2ff06ceb903aaa11032788	0	Destined to Meet You	1765		
6a2ff114892ba8194d06c925	0	A Deal for a Mysterious Funeral	1766		
6a2ff112892ba8194d06c91f	0	Fighting Legend	1767		
6a2ff117892ba8194d06c92b	0	My Daughter's Boyfriend Beat Me Up	1768		
6a2ff119892ba8194d06c931	0	The Modern Noble's Leap	1769		
6a2feec39103b8fc0703fd80	0	Love Runs Deep	1770		
6a2feec29103b8fc0703fd7d	0	Switched a Nobody Stunned Everyone	1771		
6a2feec69103b8fc0703fd86	0	She Was Never Dirty	1772		
6a2feec99103b8fc0703fd8f	0	都市全能奶爸	1773		
6a2feec79103b8fc0703fd89	0	Reborn to Fight Back: No Longer a Scapegoat	1774		
6a2ff066eb903aaa11032779	0	After Reading My Mind	1775		
6a2a74a9659e9af1510792d4	0	Too Late, Your Majesty	1776		
6a31351edd8a999e1e0f891c	0	The Sylvan Crest Swap	1777		
6a2fd4741cc63326d802e810	0	The Billion-Dollar Backstab	1778		
6a2b68520820d6182702890f	0	Mad Dragon Francis Quarles	1779		
6a2a1c73a037b49e6f07cabc	0	From Prey to King	1780		
6a2a1c72f03db4aa0d0935fd	0	The Kung Fu Bodyguard from Nowhere	1781	930	
6a2904b06fd17295610cef65	0	Serpents Back for Blood: Justice with Fangs	1782		
6a1507d84240073bb00d306f	0	Don't Beg When I'm Gone	1783		
6a13b98fdc6489c2a50eca54	0	Too Late for Dad	1784		
6a13b98edc6489c2a50eca51	0	The Last Fight	1785		
6a13b98ddc6489c2a50eca4e	0	A Taste of Destiny	1786		
6a13b98cdc6489c2a50eca4b	0	5-Year-Old Cultivator: Not Weak	1787		
6a13b98bdc6489c2a50eca48	0	Dear Son, I'm the Chief Engineer	1788		
6a13b98adc6489c2a50eca45	0	Redline: Cross It and You Die	1789		
6a13b989dc6489c2a50eca42	0	Fist of Vengeance	1790		
6a18ab0e0a3fa9b1e70b3cb9	0	The Hidden Empire of Stephen Adams	1791	116	
6a2e0900ec19a7a7cd0a890a	0	Stolen Bloodline	1792	452	
6a28c8100b266b131b0dfde2	0	I Fell in Love with a Serial Killer	1793	741	
6a2f6da42a43b076a8064498	0	Empress of Shadows	1794	1361	
6a2f6da02a43b076a806448c	0	His Immortal Majesty	1795	2193	
6a2f6da82a43b076a80644a1	0	The Cultivator Who Knew the Plot	1796	810	
6a2ff068eb903aaa1103277f	0	Lovestruck The CEO's Surrender	1797	1115	
6a2ff065eb903aaa11032776	0	Divine Reckoning	1798		
6a2ff069eb903aaa11032782	0	Say Goodbye to My Cheating Wife	1799		
6a2ff06beb903aaa11032785	0	Betrayed by My Wife, Nowhere to Belong	1800		
6a2ff06eeb903aaa1103278e	0	Kill Me I'll Take the Throne	1801		
6a2feebf9103b8fc0703fd74	0	I Am Invincible, So What	1802		
6a2feebe9103b8fc0703fd71	0	Time-Traveling Crown Prince	1803		
6a2feec19103b8fc0703fd7a	0	No Way Home for the Bride	1804		
6a2feec09103b8fc0703fd77	0	Reborn at Eight, Changing Dad's Fate	1805		
6a2ff05deb903aaa11032761	0	Blind Prodigy Saved His Family	1806		
6a2ff05feb903aaa11032767	0	Trapped in the Same Day for 1000 Years	1807		
6a2ff05eeb903aaa11032764	0	Fat Cinderella's Reboot	1808		
6a2ff060eb903aaa1103276a	0	Vicious Dog	1809		
6a2ff063eb903aaa11032770	0	Peerless in the Mundane	1810		
6a2ff062eb903aaa1103276d	0	I Lured the Undercover to Help Me Get Revenge	1811		
6a2ff064eb903aaa11032773	0	Sovereign's Dominance	1812		
6a2bc4bf38f941103c0339d5	0	Not Settling in This Marriage	1813		
6a13b988dc6489c2a50eca3f	0	His Cruelest Obsession	1814	1521	
6a13b987dc6489c2a50eca3c	0	Return of the Lost Tycoon	1815		
6a2f6da52a43b076a806449b	0	My Dead Ex Came Back Rich	1816	552	
6a2f6da32a43b076a8064495	0	Racing King Rise Again	1817	560	
6a2ff115892ba8194d06c928	0	Marriage Masquerade	1818		
6a2ff111892ba8194d06c91c	0	The Scapegoat's Revenge	1819		
6a2ff118892ba8194d06c92e	0	Don't Worry, I'm More Than a Driver	1820	2630	
6a2ff11b892ba8194d06c937	0	This Girl Is a Martial Master	1821		
6a2ff11a892ba8194d06c934	0	The Return of Brothel Heiress	1822		
6a2ff28f832bcd870e0c0529	0	Every Wish Has a Price	1823		
6a2ff28d832bcd870e0c0523	0	Reborn Lady Rules the House	1824		
6a30e1d6396ceee7940b8a27	0	She Framed Me, I Went Live	1825		
6a2b68ac6fff4c90380cdae9	0	You'll Regret Cheating on a Superhero	1826	63	
6a28d6edef14d55a980b1362	0	Daughter of a Goddess	1827	2373	
6a28d7fbc02b070e9301f2cd	0	Models vs. Werewolves	1828	1364	
6a28dfcb7472c507dc034b83	0	He Who Fuses Fate and Cheats It	1829	2387	
6a28dfcc51d4b557d30e4526	0	The Landlady and Her "Broke" Husband	1830		
6a2a1647dde6a1849a00717d	0	Sea of Lust	1831		
6a2bc4c1d1f7708c3d01684d	0	Mafia Housewife	1832	2631	
6a13b8fb58196120b8005bd9	0	Too Late for Regrets	1833		
6a13b987dc6489c2a50eca39	0	Crazy For Her	1834	1835	
6a27894a5bb47f0db201979c	0	One Night with the Governor	1835	2339	
6a2a4fc0b59b00607908c014	0	You Call This a Health Cultivation	1836		
6a2f6d9f2a43b076a8064489	0	My Dead Ex Came Back Rich	1837		
6a2f6da12a43b076a806448f	0	Warlord’s Modern Bride	1838		
6a2f6da22a43b076a8064492	0	Time-Traveled Emperor No More a Puppet	1839		
6a28dfc647a956bf850e37d3	0	Fatal Attraction	1840	465	
6a27780743cecd32bd0164d5	0	The Agent's Comeback Play	1841		
6a2a74a77b167a54c1005684	0	From Ugly Duckling to CEO's Heart	1842		
6a0d1e92cbe683eabe04f157	0	Divine Sight, Supreme Love	1843		
6a0d1e93cbe683eabe04f15a	0	The Fox CEO's Sweet Trap	1844	2109	
6a2773bfd288f56fbd03afab	0	Find You: The Emperor's Lost Heir	1845	1222	
6a2a94a159c31948940c24e8	1	Go Bold, Dr. Baena!	1846		
6a18c2f9d083d51c99070fb9	0	Rose in Chains	1847	739	
6a2270e74a210587e3084099	0	My Brothers Begged, But I'm the Dragon's Queen	1848	532	
6a26767d1ffb69b9670076fd	0	A Penny for His Revenge	1849	2235	
6a2d0d4d5a0c848ba1085567	0	The Arena	1850	1497	
6a1d20be7bad31c4c409e0e1	0	The CEO and Her Daughter's Secret Father	1851	86	
6a18bf73a88aedd7ff0e368b	0	Caged by His Twisted Love	1852	29	
6a22459a0dedebeb5d012d5e	0	Too Late, My Rejected Mate	1853	84	
6a223050fd137dd5ef0e3675	0	Bound to My Three Fated High Lords	1854	80	
6a210e9bdd61d087070d184f	0	The Return of the Lost Striker	1855	1388	
6a1926ab8c3d7a356e06ae42	0	Daddy! Please Save Mommy	1856	1790	
6a2a4f2e18aec6c3cd02f4b1	0	Divorce Trial, Exposing Her Betrayal	1857		
6a2a4f2e18aec6c3cd02f4ae	0	Veiled Immortal Bonds	1858		
6a2a4f3118aec6c3cd02f4ba	0	Forced to Marry the CEO I Saved	1859		
6a2a4f3018aec6c3cd02f4b7	0	Mom, I Owe You A Fortune	1860		
6a2a4f2f18aec6c3cd02f4b4	0	Stolen Legacy	1861		
6a2a4fbab59b00607908c002	0	After a Wild Night, Pretty CEO and Child at My Door	1862		
6a2a4fbab59b00607908bfff	0	Reborn to Revenge My Evil Foster Daughter	1863		
6a2a4fbdb59b00607908c00b	0	Slay, Madam	1864		
6a2a4fbcb59b00607908c008	0	Don't Mess With the Real Heiress	1865		
6a2a4fbbb59b00607908c005	0	Modern Emperor Who Speaks English	1866		
6a2a4fc0b59b00607908c017	0	Supreme Master Asks You to Believe in Science	1867		
6a2a4fbfb59b00607908c011	0	Farewell to Old Love	1868		
6a2a4fbeb59b00607908c00e	0	Your Majesty, I Am Loyal to You	1869		
6a2a4fc1b59b00607908c01a	0	Married in a Flash to the Healing Fairy	1870		
6a278aa87089e23c8a0a43e7	0	Please don't die, Alpha! I Can Heal You Every Night	1871		
6a2787eb9a16b83b9c05c63a	0	The Heiress Prevented from Returning Home	1872		
6a2787ea9a16b83b9c05c637	0	My Husband Is An American Hero	1873		
6a27885ade8a045b2d04d46d	0	The Christmas Twin Miracle	1874		
6a27885dde8a045b2d04d476	0	First Daughter:Forbidden Duty	1875		
6a27885cde8a045b2d04d473	0	It's A Wonderful Hire	1876		
6a2788d5d20a3d2dec04ae68	0	Marrying My Ex's Boss	1877		
6a2788d4d20a3d2dec04ae65	0	Alpha's Tender Torture	1878		
6a2789330be4f6029e0b5588	0	Second Chance, Double Trouble	1879		
6a278a4569fc2d01e80892a6	0	Double Contract Love	1880	1318	
6a278a4569fc2d01e80892a3	0	Debt of Desire and Love with a Billionaire	1881		
6a278aa87089e23c8a0a43e4	0	Return of the Racing King	1882	771	
6a278a4669fc2d01e80892a9	0	The Scent That Made Him Mine	1883		
6a278aa97089e23c8a0a43ea	0	From XL to Extra Love	1884		
6a2bab24089fbc1d5e0b2b04	0	The Extraordinary Mother of a Billionaire	1885	61	
6a0d1c6a164885350509d9c0	0	Betrayed Blood, Tycoon Returns	1886	2209	
6a215118c5e2d8b5b205ea8a	0	Too Late to Beg_The Fat Heiress’s Revenge	1887		
6a1fe6ddb03cd2322e0c576a	0	My Devil Sister	1888	1215	
6a1fe6e22c346e7fd502b593	0	Mafia's Little Grape	1889	1131	
6a215117e35446e0970e138a	0	Divorce Me？Bow to My Billionaire Daughter!	1890	204	
6a1fe6e094171de24004ffe7	0	Too Late, Clair Collins	1891	195	
6a28cdb3d44e5fccc20030d2	0	She Hears the Dead	1892		
6a28cdb1e2c7b95f8502dba3	0	He Claimed Me at My Engagement Party	1893	737	
6a1fe6e78fd83b6276043b69	0	Captive In Mafia King’s Embrace	1894	1916	
6a1fe6de031fbcebc407e821	0	My Master My Slave	1895	2168	
6a0d1e91cbe683eabe04f154	0	Bound by Deception	1896		
6a0d1e91cbe683eabe04f151	0	They Thought He Was a Eunuch	1897		
6a0d1c69164885350509d9bd	0	The X-Ray Maverick	1898		
6a0d1e90cbe683eabe04f14e	0	Payout & Payback	1899	202	
6a0d1c69164885350509d9ba	0	Her Kidney, His Regret	1900		
6a18b1c2bbfcc4fcd30a20b9	0	The Hockey Captain That Hates Me	1901	41	
6a22e6b63930ceb0890aa2a6	0	My Real Family Burned It All Down After I Learned the Truth	1902	1372	
6a22e72411f10a40420fc6b0	0	I Divorced His Whole Family	1903	335	
6a2110356b23d0adf20042a3	0	This Time, I Won't Marry You	1904	1831	
6a22e634e43ac5dedb02e2af	0	He Didn't Say He Loved Me Until I Left	1905	1086	
6a227fc49876923c780bc5be	0	Destroy My Silver Wolf Bloodline？I'll Marry a Top Alpha Then	1906	154	
6a26c44cf8006609bf0d7c68	0	Love On Ice	1907	1476	
6a27885ade8a045b2d04d46a	0	Unconditionlly Loved by the Lycan Billionaire	1908	362	
6a2787e79a16b83b9c05c62e	0	Mafia's Love Left Me No Way Out	1909	1498	
6a2788d2d20a3d2dec04ae5c	0	Hit the Jackpot! My Broke Chef Husband Is a Billionaire?!	1910		
6a2787e89a16b83b9c05c631	0	My Father's Billionaire Boss Treasured Me as His Bride	1911		
6a2789310be4f6029e0b5582	0	Love after Layoffs	1912	2234	
6a2789310be4f6029e0b557f	0	Memory Reset: Mr. Restraint Begged for Love	1913		
6a2789340be4f6029e0b558b	0	My Vampire Bodyguard	1914	1088	
6a21511a8cd174f279027358	0	Betrayed by the Champ, Loved by the Billionaire	1915	1830	
6a28cdb0cb6231c480047dd3	0	Masked Socialite: My Cellmate Is a Top Tycoon Heir	1916	441	
6a229be3766d20a0a90593ef	0	The Apex Operator's Secret Vow	1917	456	
6a0d1c68164885350509d9b7	0	The True Heiress Strikes Back	1918		
6a0d1c67164885350509d9b4	0	A Mother's Dark Vow	1919		
6a163f4a5b5895ea0a0bd65e	0	I Let Her Raise the Wrong Son	1920		
6a1f52bda2705ccbd5071c79	0	Breaking My Bodyguard	1921	2474	
6a151b9cf307b00bef0775d9	0	The Ash Room for Bad Neighbors	1922		
6a27864deea50f16ea01c551	0	The Virgin's Christmas Wish	1923	2194	
6a262744f2cd610c090c3e03	1	Rejected & Rebel, Tycoon Rise	1924	1768	
6a27877f30454ed055071e5f	0	Sleeping with My Ex Husband's Son	1925		
6a27877e30454ed055071e5c	0	My call boy, my loyal CEO！	1926		
6a27877e30454ed055071e59	0	Widow to Queen: The Alpha's Resurrection	1927		
6a2787e79a16b83b9c05c62b	0	Mafia Diva: Reborn From The Flames	1928	2107	
6a27878130454ed055071e65	0	QB! Look what you made me do!	1929		
6a27878030454ed055071e62	0	The Encore of Us	1930		
6a2788d2d20a3d2dec04ae5f	0	Breaking Chains for a New Life	1931	1387	
6a2787e99a16b83b9c05c634	0	Reborn to Find I Am the Mogul's Lost Love	1932		
6a2789320be4f6029e0b5585	0	I'll Steal You Back	1933		
6a2788d3d20a3d2dec04ae62	0	From Trash To Cash: How I Found A Billionaire	1934		
6a28c4142268eeaa5f04bb30	0	My Forced Alpha Mate:Our Blood Calls	1935	2358	
6a0d1c66164885350509d9b1	0	Loving You in the Wrong Name	1936		
6a0d1c65164885350509d9ae	0	The Unexpected Divine Doctor	1937		
6a0d1cf5fa285c2add078cfc	1	The Unexpected Divine Doctor	1938	938	
6a277806e726ac6d5a05854a	0	One Night Stand with the Empire's General	1939	1787	
6a1fc43760dad0b33f0e947c	0	This Child Is a Legendary Sorcerer	1940	2496	
6a1e3c84d2fcba9d3b040d30	0	Reborn at the Final Play: You Lost Me for Good	1941		
6a226f7cb7ec41a1eb0c12d9	1	My Ex Is My Boss	1942	931	
6a213795bd3ca56009026816	0	Oops! I Carried the Cursed Billionaire's Quadruplets	1943	2359	
6a2284f1071d1586c901fe4f	0	No More Hidden Love	1944	2275	
6a06bb6451a5d1e3b304e6a7	0	Blood and the Veil: The Maid Returns	1945		
6a06bb6351a5d1e3b304e6a5	0	Reborn as My Kids's Saviour	1946		
6a1d38c59de72af09d0856c2	0	After the Reformatory, My Family Begs Me Home	1947	4	
6a1cf36a75cb6d05d00f47fb	0	Claimed by the Cursed Kingdom	1948	6	
6a18943221fde96a100f8ed8	0	My Alpha Boss Gave Me Triplets	1949	5	
6a06bb6551a5d1e3b304e6a9	0	The Empress's Final Wish	1950	11	
6a22350b86a8394e370207ff	0	Immortal Grandpa Goes Viral!	1951	10	
6a2235095dada63b650ad972	0	Don't Cry When I Move On	1952	1101	
6a223507739d7370d50d34a4	0	Martial Gallop Life	1953		
6a2235143521ca9b12073f5d	0	Eternal Night	1954		
6a22350deb670c0bcd0466d1	0	My CEO Wife	1955		
6a2235162f6a75cf3202a1d2	0	I am the Legendary Physician	1956		
6a20e5a64fca1d79840c2763	1	Reborn Villainess: Healing Hearts, Breaking Walls	1957		
6a0fd39f33fef8f3a4021d52	1	The Return of the Wraith King	1958		
6a213796485cd422e7049746	0	Our Love, Built on Lies	1959	2470	
6a222e5c4dfe097fa90912c2	0	My Dear Husband, Please Go Bankrupt	1960	1319	
6a06bb6651a5d1e3b304e6ad	0	Strangers by Fate	1961		
6a1f8dc8d031f2461c0aa594	0	The Dragon's Contract Bride	1962	823	
69cc8098e1ea79a0310e8307	0	He's the Rulebreaker	1963		
69cc809fe1ea79a0310e8313	0	Lucky Trap	1964		
69cc809de1ea79a0310e830f	0	Throne of Lies	1965		
6a169c47a4201634110feacf	0	Sheriff Johnson VS The Hive Mind	1966	1782	
6a263b274874fbaac20cc344	0	The Return of the Supreme One	1967		
6a263b28706a5510d90428b2	0	The Rose of Heracles	1968		
6a263b2a930aa5480d0868c6	0	Doomsday Fireworks Show	1969		
6a20e4f3b40f62b20505492c	1	Badass Driver, Hidden Blade	1970		
6a200ebaac894fcba907def6	0	Badass Driver, Hidden Blade	1971		
6a1bf0eb8c7cc3a12d0fb4dd	0	Paper Marriage	1972	2499	
6a1bf0f1519ef7c97204d28d	0	Mom & Dad: I Became the Savage Wolf You Craved	1973	1833	
6a0f8432be29f7108105f4f8	0	I Accidentally Sexted My Enemy	1974	34	
6a16f417f1ff091614024c79	0	Poseidon	1975	2108	
6a13e06f7d91ed33a508608a	0	The Truth Behind Women's Moan	1976		
6a13e06f7d91ed33a5086087	0	My Wife's Boy Toy Killed My Dad	1977		
6a1bf0f03645558cb00f7d2e	0	The Prank That Broke Us	1978	1320	
6a14f91954073803ec06a644	0	Married to the Homeless Merman: He is the King of the Ocean	1979		
69d91bd627497358110ee7ce	0	Double Life of a Cell Block King	1980	755	
6a1fcedced6dcca3500fbdb9	1	No More You In My Days	1981	932	
6a1f8dcaba833117b807ace3	0	They Called Me a Traitor, But I Showed Them I'm a God	1982		
6a2264eeb6cfe0eea30ed672	0	Swap for an AI Sister, Now They Beg Me Back	1983		
6a06bb6651a5d1e3b304e6ab	0	Betrayal Served Hot	1984		
6a200af55b690589650b0cd4	0	Burn the House Down	1985	403	
6a06bab66594b8844c073ba4	0	The Beggar's Duke	1986		
6a06bab46594b8844c073b9e	0	Back with Glory, No More Laughs	1987		
6a06bab56594b8844c073ba2	0	Vow Broken, Debt Paid	1988		
6a1fa25941db06f391077a05	0	The IT King's One-Night Stand	1989		
6a2234fdba1fb381510c6cf3	0	Frosty CEO, Sizzling Baby Bump Romance	1990		
6a2234fb730e34059102cd08	0	Sky-High Payback See Ya	1991		
6a1fd2fb90963f03f70236e9	0	Accidental Cultivation,Unstoppable Revenge	1992		
6a2234ffd01c54d1f4006dff	0	Palace Sovereign Lord	1993		
6a223505c89c7d786e0cd884	0	My 60-Year-Old Apprentice Dad Is a Hidden Boss	1994		
6a06bab76594b8844c073ba6	0	When Life Gives You Bitterness	1995		
6a06bab56594b8844c073ba0	0	Rejected & Rebel, Tycoon Rise	1996	1845	
6a13080c5142625a8d007764	0	I Left Him for His Enemy	1997	934	
6a1cebc72b3d482f1904ee1d	0	The Fake Debutante and the True Billionaire	1998	2276	
6a1e9701607f35eda0069352	0	Blood & Betrothal	1999	1832	
6a1ea844852965597f00555c	1	Blood & Betrothal	2000	2497	
6a1d4f1da4496cd23e0b1374	0	The Backup Bride's Revenge	2001		
6a1d5d2db3b37119e207b71d	0	He Faked Illness To Betray Me	2002		
6a18ed9554265615cc04d81a	0	Alpha's Regret After His Pregnant Luna's Death	2003	1731	
6a108362514ddee36a0b90a9	0	Inheritance War: One True Heiress	2004	2501	
6a0f7cb70736a2e9de0e9c52	0	Alpha Daddy Make Me Yours	2005	1111	
6a0531bf0131488d3c02ae9e	0	Real or Fake? I Decide	2006		
6a13c64994826c1ddf0822ab	1	Real or Fake? I Decide	2007		
6a1d307a443ba49530020c66	0	From Prison to Palace_ Revenge of the Mad Queen	2008	1648	
6a1d30788e3424eb5d018b1b	0	Second Chance No More Mrs. Nice Girl	2009	124	
6a0d5432c2308bcd5308bc6c	0	The Princess, the Abyss, and the Beasts Who Love Her	2010		
6a0d5436c2308bcd5308bc78	0	‌Laugh Now, Kneel Later	2011		
6a1d3073ec7b60ff380b3017	0	Tarpped in the Summer Heat	2012	2169	
6a0531c10131488d3c02aea4	0	Shattered & Reborn, Your Turn to Fall	2013	2137	
6a0531c10131488d3c02aea2	0	Deal & Love	2014		
6a1cf55ef907f1473f014a8c	0	Beyond Your Reach	2015		
6a1cf55c0b913ff1f303cd48	0	Feed Me, Pretty Boys	2016	1368	
6a1cf563afffd0728e0e7c9a	0	Betrayal and Rebirth	2017	2498	
6a0d8bb923aed843150891c0	0	Dragon King's Unlikely Cousin	2018	2195	
6a0d8c6e8a7b6f6c550c62f2	1	Dragon King's Unlikely Cousin	2019		
6a1d307c8ff8f62e3a07f133	0	The Predator's Vow: Rebirth of the Stolen Bride	2020	1769	
6a1cf5597f16a7bcc30bbdaa	0	The Regent’s Secret Wife	2021		
6a1ce924405f24321a041f83	0	I choose that halfblood prince	2022		
6a1cf55a00b7b65a47006766	0	A Princess's Return	2023		
6a040f9fc605bc3d130a7c27	0	I'm Done Hearing Your Voice	2024		
6a107d9af7107c524f091ef9	0	Veronica's Sinister Spell	2025	2278	
69d91be663ac6594310ce48b	0	Taming My Bullies 3	2026	24	
6a0531c00131488d3c02aea0	0	My Ex Is My Boss	2027		
6a0531be0131488d3c02ae9c	0	The Soldier's Divine Legacy	2028		
6a17a1a5001c23da4600b102	0	Awakening the Dragon Within	2029	1260	
6a05405d58a1ffb47e005dfe	0	Baby Girl Summoned Her Daddy to Rule All	2030		
6a040f9fc605bc3d130a7c25	0	Careful, He's Got X-Ray Eyes!	2031		
6a040fa0c605bc3d130a7c29	0	From Rags to Top Scholar	2032		
6a1aed04871a0b774c075429	0	Broken by My Twin Alphas	2033	2500	
6a094780495774c51907927d	0	My Love from Another Star	2034	2170	
6a1669166a418ed0c6044080	0	You Woke the Wrong Dad	2035		
6a0eb1a12159e18bf9063c3c	0	The Extraordinary Mother of a Billionaire	2036	391	
6a0945fa01947ebc8f0814ac	0	Never Cross a Supreme Sorcerer	2037	1843	
69fb80fb9feee94a1309f720	0	Your Love Broke My Heart	2038	52	
6a02ed06ab20a7f49c084c9f	0	Bound by Honor	2039	155	
6a0be0699b1a8635730cbb92	0	They Called Me Worthless Until My Cards Destroyed Their Academy	2040	1003	
6a0cb99ac2308bcd5308bc59	0	Dark Notes	2041	1733	
6a140f78dc6489c2a50eca7a	0	Crashed into the Beast Realm, Claimed by the Serpent King	2042	2450	
6a0d4ed98f2cd3e9b7013309	0	Daddy's Best Friend	2043	1654	
6a0d4ed88f2cd3e9b7013306	0	SAPPHIRE IN THE WASTELAND	2044	1917	
6a13b47821f0101cd60e3ff5	0	This Villain Doesn't Play Fair	2045		
6a028e172a7c88e6fa0ae0e9	0	Reborn Villainess: Healing Hearts, Breaking Walls	2046		
6a0d4a45f5281671780c6a95	0	168 Hours to Regret You	2047	1366	
6a040f9dc605bc3d130a7c21	0	From Wicked Aunt to Famine Savior	2048		
6a1025dbcca3c2d4f9093545	0	Still Waters, Hidden Secrets	2049	935	
6a1025dacca3c2d4f9093542	0	Trap Love	2050	2368	
6a040f9cc605bc3d130a7c1f	0	That Beggar's Dad Is the Crown Prince!	2051		
6a13084db79995ad2e085145	0	Level up! From a Stray Dog to the God of Death (updating)	2052	1658	
6a06477801cfe98f60076ded	0	The Imperfect Marriage	2053	694	
6a040f9bc605bc3d130a7c1d	0	Bow Down, My Great-Aunt Is Back!	2054		
6a0fd336ea342da86700c6d8	0	The Return of the Wraith King	2055	1523	
6a0e685906e1d264830cdd06	0	Apocalypse: I Have a Super Fortress in Advance	2056	1732	
6a0d4eda8f2cd3e9b701330c	0	Owned by the Bad Boy Athlete	2057	1838	
6a140f77dc6489c2a50eca77	0	The Royal Scandal	2058	1909	
6a0befe66b7d2dd699054e4b	0	My Fated Deal with the Alpha King	2059	1345	
69d91b3ee15105112e0dc022	0	Bound by Love	2060	149	
6a040f9ec605bc3d130a7c23	0	Billionaire's Return	2061		
6a019f2230eabd647906e6b7	0	Eve of Vengeance: Reborn to Rise	2062		
6a019f2030eabd647906e6b3	0	The Sterile Heir and the Beast	2063		
6a1025d9cca3c2d4f909353f	0	Back to Her Heart	2064	936	
6a0ffd66dfa35cafac045e39	0	When the Beast King Follows You Home	2065		
6a13abd6bfaa03cecd0792ce	0	Loving You Costs My Life	2066	1522	
6a13abd7bfaa03cecd0792d1	0	Doomsday Supply Station: All My Staff Are Total Tough Nuts	2067		
6a0bc38b1be3c578bb0832d9	0	Draft Dreams	2068	1840	
6a0d5433c2308bcd5308bc6f	0	The Verdict of Betrayal	2069	2451	
6a0d5434c2308bcd5308bc72	0	Don't Make Me Come Out	2070		
69ae6bfb4d28916a4b041b52	0	Back from the Dead: Code of Revenge	2071		
6a05405e58a1ffb47e005e00	0	My Pet Is an S-Rank Nightmare	2072	1525	
6a0bcaffddab579b46043916	1	My Pet Is an S-Rank Nightmare	2073		
6a019f2430eabd647906e6bd	0	When the Reckoning Takes the Train	2074		
6a13ebf5735c32c050052856	0	To Heal or to Burn	2075		
6a0aadd3135363957a079986	0	The Cold Blade	2076		
6a0aae29612852026906cd9b	1	The Cold Blade	2077		
6a0ac84fb7d7d2bfe20421a5	0	The Luna's Second Choice	2078	14	
6a0bb0d95d746c96610bb8fe	0	Campus Saga: Superpower Teen	2079	329	Zero to Hero
6a028e182a7c88e6fa0ae0eb	0	The Shrinkocalypse	2080	1290	
6a0bcafdddab579b46043912	1	The Shrinkocalypse	2081		
69f01be903d257056a0c1c4d	0	Hive Master: The Disowned SSS-Rank	2082	1785	
6a0bc7d203581e265c095499	0	Time Portal: Meds to an Ancient General	2083		
6a028e192a7c88e6fa0ae0ef	0	Acting for Real-He Fell First	2084	375	
6a019f2330eabd647906e6b9	0	My Wife Ran Away Again	2085		
6a019f1d30eabd647906e6ab	0	Top Scholar's Reckoning	2086		
6a019f2130eabd647906e6b5	0	My Secret Billionaire Husband	2087	2503	
6a0fb34c37d61055380bde78	0	Mama's Girl, Killer Mode	2088	2340	
6a09d4fcaa03b0107d0eb696	0	The Princess's Cash Multiplier: To Spoil Her Men (updating)	2089		
6a0b56759c107ac109085e21	0	Return of the Alpha’s Daughter	2090	2452	
6a053e9366069cbaea07e5b9	0	Bloodbound Vengeance	2091	1847	
6a049b0b591e9a9561059802	0	Her Majesty and Her Demons: Tame or Die (updating)	2092	1526	
6a09430c495774c51907927b	0	The Neighbor They Should've Left Alone	2093	2633	
69d91b958836620d0a0d5bdf	0	Don't Blink, You'll Miss It	2094	949	
6a0d5435c2308bcd5308bc75	0	From Courier to CEO	2095	1837	
6a0a8d85612852026906cd93	0	The Slap Queen No One Hurts My Baby Girl	2096	1841	
6a049b0a591e9a9561059800	0	My Homeless Merman Husband Rules the Ocean	2097	1849	
6a02bf5a631c8645a00bc6c9	0	Wake Up, My Billionaire Husband	2098	708	
69d91b89a61a85c6f30a4e80	0	Taming My Bullies 2	2099	295	
6a0bf84c77d3cf19ca010891	0	Wavebreaker	2100		
6a0fb5ef26ae0e5ad40869d4	0	Love Breaks the Ice	2101		
6a019f2430eabd647906e6bb	0	From Mocked to Millions	2102		
6a019e7f82816f7b63008447	0	The Lucky Koi Girl	2103		
6a0d6210aa4cf16c9f0e0c66	0	Falling Objects, Fallen Mistress	2104		
6a05db5411d6e19d88047589	0	The Househusband's Hustle	2105		
6a0c410f9545ca14d2014eb8	1	Reborn Heiress: Total Takeover	2106		
6a019f2030eabd647906e6b1	0	The Unwanted Goofy Son-in-Law	2107		
6a0a7e3bf6a248cf8a0d7bd5	1	The Unwanted Goofy Son-in-Law	2108	1900	
6a0d487adbe9f1ac9d0d574f	0	No More You In My Days	2109	937	
6a0c0729fe37e8fa3d06afd6	0	Invincible Down The Hill	2110	1839	
6a0a82f9f51ead12c80b16d4	0	Shared Senses, Sweet Love	2111	1842	
6a019f1e30eabd647906e6ad	0	Addicted to My Fiancé's Uncle	2112	1850	
6a019f1f30eabd647906e6af	0	Return of the Heir	2113		
6a0ea5d52f85c7e7df053cb5	0	The Outcast and Her Beasts	2114	1836	
69c0a37043b3740cbc09f5f5	0	Carter Reed	2115	2079	
6a0bc7d303581e265c09549b	0	The Devil Dragon's Substitute Bride	2116	2279	
6a06bd9523f87aebfc0dca0f	0	Trapped by My Four Exes The Amnesiac Heartbreaker	2117		
6a06bd9723f87aebfc0dca13	0	GUNVERSE: Rulebreak Protocol	2118		
6a0a73f9001769c7b0042745	0	The Mercenary's Forbidden Queen	2119	1584	
6a06bd9323f87aebfc0dca0b	0	Frost and Fever Bound to the Monster	2120		
6a06bd9423f87aebfc0dca0d	0	The Vigilante Karma System	2121		
6a06bd9623f87aebfc0dca11	0	The Starlight Seamstress	2122		
6a067da8e0c25066c704453e	0	The Lost Heiress	2123	2346	
6a055f67615b2700aa08356c	0	My Forced Alpha Mate	2124	1846	
6a055f69615b2700aa083570	0	The Tycoon’s Contract Bride	2125	1741	
6a05db5311d6e19d88047587	0	Captain, Mayday for Love	2126		
6a019e7d82816f7b63008443	0	Divorce the Fake, Marry the Throne	2127		
6a06bdb9266423c2c70de71f	0	Djinn Under Contract	2128	165	
69d91b64f25269180009b384	0	Djinn Under Contract	2129	352	
6a055f66615b2700aa08356a	0	The Nirvana Heiress: My Global Personas	2130	939	
6a068936bc8399208400d1a2	0	Dish Slap: Revenge Served Hot	2131		
6a0424e5cacb6cc3f60176d5	0	Hidden Billionaire Mom's Elite Kids	2132		
6a067da6e0c25066c704453a	0	Past love, Present promise	2133		
6a019e8082816f7b63008449	0	Furious Warlord Mom	2134		
6a019e8182816f7b6300844b	0	Runaway Bride Fell For Him	2135	940	
6a019e7e82816f7b63008445	0	Ascension of the Exiled	2136		
6a019e8282816f7b6300844d	0	Distant Blood Love	2137		
6a0bd79d0a3bfd7eb10ef07c	1	Queen of Letting Go	2138		
69d91bcb9f6094e9250565a5	0	When Forever Fell Apart	2139	35	
6a0a82c0d4a965dda20e8af3	1	Rise of the Hidden Heiress	2140	2236	
6a03dee54ba75e2bd50120d4	0	My Mafia Boss‘s Dirty Secret	2141	1614	
69f01be703d257056a0c1c49	0	Oops, I Leveled Up the Apocalypse	2142		
6a0bcafcddab579b46043910	1	Oops, I Leveled Up the Apocalypse	2143		
69e1f9b9aa810b97da0e90a2	0	She Has Three Lovers	2144		
6a067da7e0c25066c704453c	0	Hunting My Runaway Bride	2145	1524	
6a028e182a7c88e6fa0ae0ed	0	The Villainess They Died For	2146		
6a0bcafeddab579b46043914	1	The Villainess They Died For	2147		
6a0808d727a430a82600d19f	0	After Their Betrayal, the Ancestor Blood Awakened	2148		
6a0808d627a430a82600d19d	0	Broken Strings, Unchained Melody	2149		
6a0808d527a430a82600d19b	0	No Mercy for the Divine	2150		
6a01896f2a7c88e6fa0ae09c	1	Don't Mess with That Beggar S2	2151		
6a0188ad9ed9b087a70f47ba	0	Don't Mess with That Beggar S2	2152		
6a02e18ce21ed66d560896b5	0	Waitress Pregnant, CEO Fell in Love	2153	2502	
6a06c76b9171ea7a5d0bc052	0	Never Look Back	2154		
69fda62bf596069ae30b9691	0	The Lost Son Comes Home	2155		
69fda62df596069ae30b9694	0	The Unwilling Heir to an Immortal	2156		
69fc97f7f35208d08800c854	0	My Boss Loves Me Too Much	2157	1397	
6a053470d3842e374d03a09a	0	The Billionaire Wife of a Gangster	2158	824	
6a053471d3842e374d03a09c	0	The Mafia's Sweet Cure	2159	1848	
69f04f000912c927250939fc	0	Infertile CEO? She Can Give Him Triplets	2160	2460	
6a019d79a24318e13e0c5201	0	Reborn Heiress: Total Takeover	2161		
69fda631f596069ae30b96a0	0	My Security Guard Dad Dates a Queen!	2162		
69fda62ef596069ae30b969a	0	Mr. Secretary, Mrs. Vance	2163		
6a01ab308d0d811f4e0eeac5	0	My Demon Harem Runs This Endgame	2164		
6a0808d827a430a82600d1a1	0	The Underworld King's Immortal Ex-Wife	2165		
6a0808d427a430a82600d199	0	Fatal Wedding	2166		
69d91bb436000f5c4603b71f	0	Falling for My Nemesis Stepbrother	2167	1209	
69f3043b7c1f4f364f0269e2	0	Beat Me Harder, I Level Up	2168	2280	
69f30e50e725ee20ad0c6808	0	The Fox Queen and Her Strong Husbands	2169		
69fecf5b20ab8d80080befaf	0	Mafia Heiress’s Forbidden Obssession	2170	1160	
69fa1e880683f8510b02930c	0	The Warlord Returns	2171	765	
69fc5c6abba2060ed701e96e	0	The Bride Meant for the Real War God	2172		
69f30e4fe725ee20ad0c6806	0	SSS: Rise of the Beastmistress	2173		
6a0808d927a430a82600d1a3	0	My Departure Drove The Mafia Godfather Mad	2174	2341	
6a0808da27a430a82600d1a7	0	Wrath of the Forsaken	2175	1844	
6a0808d927a430a82600d1a5	0	Reigning with the Devil	2176		
69fade01ca6e1649ef025596	0	I Got Married without You	2177		
69d91b7760fde4d6ec0efc06	0	The Seduction Game	2178	466	
69f326eb9904b895410dae27	0	A Mortal Among Immortals	2179		
6a0139df1e6c19fabf0750c8	0	My Daughter's Pets Are SSS-Rank Beasts?!	2180		
6a0139a3c71838ac8c0deff7	0	Twin Deception: Mafia's True Bride	2181	2504	
69fda62ff596069ae30b969d	0	Supreme War God Strikes Back	2182		
69fda53c9e256a13e106cd49	0	The Last Demon Slayers	2183		
6a019f4a7af4c87e2302da84	0	Queen of Letting Go	2184	2077	
69fda53e9e256a13e106cd4f	0	Swordbone Reborn	2185		
6a05e459cd4097f64401ce53	0	Shanghai Sherlock	2186	1142	
6a01392b10aef811d40edc80	0	The Duke's Daughter Strikes Back	2187		
69fd7b4838f9bd5d450845a9	0	Reborn Swap Bride in the 70s	2188	2196	
69fc66ba27c436701c0aa300	0	True Heiress: Trading Up My Family	2189	1853	
69fd7b4738f9bd5d450845a6	0	The Mystic Healer Who Rules the Realm	2190	1852	
69fc06a2397eb149ac09962d	0	The Fake Marriage Got Too Real	2191	581	
69fda53b9e256a13e106cd46	0	Forgotten Daughter	2192		
69f033582f640f82b604a2a1	0	Immortal Warrior Reckoning (updating)	2193	1884	
69fda53d9e256a13e106cd4c	0	The True Queen Returns	2194		
6a04232851333f74f30defea	0	Little Maid, I Have a Phoenix	2195		
69fadaf3e0888b65da0dc7e2	0	Cold CEO Reads My Silent Mind	2196	2459	
69fd554ff117eca2bc0978c2	0	Broke Lady Got Cold CEO's Love	2197		
69f064cbfdd4409f88054464	0	The Old Chef They Fired	2198		
69fda62df596069ae30b9697	0	Brother, Your Buddy Seduced Me	2199	1918	
69fbee1b5eaaefa5610e5f19	0	70s Reborn: The Villainess Strikes Back	2200		
69d91ae716a9a0df82015651	0	Cyberking Reclaims His Throne	2201	290	Zero to Hero
69e338750a2a37e91b087507	0	Never Marry a Brother's ATM	2202		
69df53b69eb806ddd80723ed	0	A Mother's Rebirth	2203		
69df53b59eb806ddd80723eb	0	Mom's Relocation Payout	2204		
6940cd43ece218dbaa0a4a97	0	The Stand-In's Guide to Romance	2205	2311	
6940cd12dcd35657e50b9c7e	0	The Foolish Stand-in Bride Is a Boss	2206		
6940ccd71d63fda01e08894d	0	Fear Not, Mommy: Quade Strikes	2207		
6940cd66bd8c310ed3084ed0	0	An Unappeasable Man	2208		
6940ccf3405a53133e07bd2f	0	Spoiled by My Scumbag Husband After Illness	2209		
6940cc77502bfc52cc045cf6	0	Stand-In Revenge: Cecilia is the actual stand-in	2210		
6940cc043952a12e7d0ca13b	0	My Mother the Shadowguard	2211		
69368a23c76a5e4f5802b8a6	0	I Didn’t Know That Was Goodbye	2212		
693689ef615fb49a6504593c	0	The Hidden Moon	2213	2246	
693295be911f18fa0f01a390	0	Cruel Boss, Broken Heart	2214		
693689a3b2fefca4f90acb8a	0	A Century of Immortal Love	2215		
693295fed031c86dc50919d7	0	The Fraternal Twins	2216		
69329368b3c98473ec0e75d2	0	Divorced: Spoiled Rotten by an Adorable Daughter and Three Billionaire Brothers	2217		
69faee2cc9d0a782cb0d6121	0	Married My High School Nemesis	2218		
69fefeb3b4d30b630703f079	0	Ex-Warrior King & His Heiress	2219		
69fb39df898b05ee150222cd	0	Rise of the Hidden Heiress	2220	1854	
69e8b3d21942c155d907fcb9	0	Daughters of House Vance: Biding Time in the Ashes	2221		
69df53ac9eb806ddd80723dd	0	I'm Sorry, My Daughter	2222		
69df539f9eb806ddd80723c7	0	This is Mum's lifesaving money	2223		
69e339ab7a24716e530946cd	0	The Marriage Defenders	2224		
69e339a27a24716e530946b7	0	Exposing the Matriarch and My Husband	2225		
69e33b0e276d97ac770bdba4	0	My Ex Rejected Me, He Protected Me	2226		
69e3399f7a24716e530946af	0	Dance Queen Stuns the Village	2227		
69df539d9eb806ddd80723c3	0	Redemption of a Rebel Heiress	2228		
69df53b29eb806ddd80723e7	0	The Wrong Limo, The Right Groom	2229		
69e339a47a24716e530946bb	0	My Bloodsucking Family	2230		
69e33ceb811cc491f405c7cc	0	Testing the Fake Bride	2231		
69e33b05276d97ac770bdb8e	0	Hannah, Ethan Is Bringing You Home	2232		
69e33b0a276d97ac770bdb9a	0	A Mother's Boundaries	2233		
69e33cf4811cc491f405c7e2	0	Take the Lottery Ticket, I Just Want Grandma!	2234		
69df53a09eb806ddd80723c9	0	True Love at Twilight	2235		
69df53b39eb806ddd80723e9	0	Mother-in-Law, Give Back My Child	2236		
69df53a39eb806ddd80723cd	0	Oliver! She Is My Sister	2237		
69df53a19eb806ddd80723cb	0	Miracle Child: Wealth Bringer	2238		
69e33cf2811cc491f405c7dc	0	My Backstabbing Adopted Brother	2239		
69df539e9eb806ddd80723c5	0	My Fiancé Has a First Wife	2240		
69df53a79eb806ddd80723d5	0	Tiny Cupid Brings a Perfect Match	2241		
69df53a49eb806ddd80723cf	0	A Postpartum Grudge Never Dies	2242		
69df53aa9eb806ddd80723d9	0	Sending My Faking Ex to the Incinerator (A Family's Nightmare)	2243		
69e33b08276d97ac770bdb96	0	Sophie the Mushroom Picker	2244		
69e33b13276d97ac770bdbb0	0	A Ten-Year Marriage Scam	2245		
69e33ce7811cc491f405c7c2	0	Son, I Am Not a Maid	2246		
69df53a89eb806ddd80723d7	0	Escaping the In-Laws to Become a Phoenix	2247		
69e33b0d276d97ac770bdba0	0	Mom's Second Baby Before My Exam	2248		
69e33cf0811cc491f405c7d8	0	My Mother-in-Law Forced Me to Transfer the Deed on My Wedding Day	2249		
69e339a67a24716e530946c1	0	Honey, You're the One With Breast Cancer	2250		
69e33b07276d97ac770bdb92	0	Biting the Hand That Feeds	2251		
69e33b10276d97ac770bdba8	0	Taking Down My Scumbag Ex's Family	2252		
69e33b0c276d97ac770bdb9e	0	Don't Cry, Mom	2253		
69e33ce5811cc491f405c7be	0	Deadbeat Tries to Steal My Fortune	2254		
69e33cef811cc491f405c7d6	0	My Husband's Secret Lies	2255		
69df539b9eb806ddd80723c1	0	Caroline: Head of the Family	2256		
69df53ab9eb806ddd80723db	0	Five-Year Marriage Trap	2257		
69df53a69eb806ddd80723d3	0	Awakened: The Nanny's Son Regrets	2258		
69df53ae9eb806ddd80723e1	0	Family Misfortune: Toxic Grandma Spoils the Brat	2259		
69e339a57a24716e530946bf	0	New mother Moves In: Losing Everything	2260		
69df53d79eb806ddd807241d	0	The God of Wealth's Immortal Peach	2261		
69e33b11276d97ac770bdbac	0	The Billionaire Matriarch and the Wicked In-Laws	2262		
69df53bd9eb806ddd80723f9	0	The Straight-A Cousin Is the Real Heiress	2263		
69df53999eb806ddd80723bd	0	Mom Wins Five Million Dollars	2264		
69df5950fc997e3a46009a28	0	A Devoted Wife Is Worth a Fortune	2265		
69e338730a2a37e91b087501	0	Mother-In-Law, Give Me Back My Husband	2266		
69e338790a2a37e91b08750f	0	Never Marry a Gold-Digging Social Climber	2267		
69df53b99eb806ddd80723f3	0	A Stepmother in a Blended Couple	2268		
69df53949eb806ddd80723b5	0	Reunited in Happiness	2269		
69df53de9eb806ddd8072429	0	Discovering My $300,000 Dowry on Engagement Day	2270		
69e33ce8811cc491f405c7c6	0	A Parent's Funeral	2271		
69df53da9eb806ddd8072423	0	I Flipped Beatrice's 60th Birthday Table	2272		
69df53bf9eb806ddd80723fd	0	Who Is the Elderly Mother Crying For?	2273		
69df53dc9eb806ddd8072425	0	A Blessed Pair of Twins: Finding My Daughter	2274		
69e338800a2a37e91b087521	0	The Substitute Bride Is an Heiress	2275		
69df53c19eb806ddd8072401	0	Daughter! Never Marry a Punk	2276		
69e338780a2a37e91b08750d	0	My Sister's Death Benefit	2277		
69df53979eb806ddd80723b9	0	Security Guard Pops' Blind Date	2278		
69df53c49eb806ddd8072403	0	A Biased Mother's Regret	2279		
69df53cf9eb806ddd807240f	0	Mom, We're Dumping Dad This Time	2280		
69e3387a0a2a37e91b087513	0	A Perfect Wife	2281		
69e339a97a24716e530946c7	0	Spoiled by My Husband in a Coma	2282		
695a08e02004721cd50a7cb6	0	Blooming in the Cold	2283		
695a0983f179f370ac0988db	0	Secret Crush	2284		
695a095fabc63967e2057559	0	Return my daughter's school-district property	2285		
69df53b19eb806ddd80723e5	0	Daddy, your three chances are up	2286		
69df53af9eb806ddd80723e3	0	The Simple Mother and Her Devoted Son	2287		
69df53d39eb806ddd8072417	0	My Family Wants Me Dead	2288		
69e339a17a24716e530946b3	0	The Stepmother's Lies	2289		
69df53ba9eb806ddd80723f5	0	Reborn: An Adopted Girl's Confession	2290		
69df53cd9eb806ddd807240d	0	Mom Is Never Coming Back	2291		
69df53bc9eb806ddd80723f7	0	Single Mom Marries a Mother's Boy	2292		
69df53d19eb806ddd8072413	0	Turning My Life Around After Marrying a Fool	2293		
69df53d29eb806ddd8072415	0	The Biased Mother	2294		
69e338710a2a37e91b0874fd	0	Welcome Home, Penny	2295		
69df53a59eb806ddd80723d1	0	My Family Has My Back	2296		
69df53cb9eb806ddd8072409	0	Whirlwind Marriage to a Secret Billionaire	2297		
69df53be9eb806ddd80723fb	0	Mom's Support Money	2298		
69df53d99eb806ddd8072421	0	Don't Mistreat a Daughter Marrying Far From Home	2299		
69df53d09eb806ddd8072411	0	My Mother-in-Law, My Mom	2300		
69df53dd9eb806ddd8072427	0	Not My Child: Ex-Wife to the Rescue	2301		
69e339aa7a24716e530946cb	0	Escape From the Mountains	2302		
69e3387c0a2a37e91b087517	0	Never Hire Family	2303		
69e3387e0a2a37e91b08751d	0	The Nanny: A Crow in Swan's Feathers	2304		
69e3399c7a24716e530946a9	0	Besties with My Mother-in-Law	2305		
69e33ce9811cc491f405c7c8	0	Ma Was Wrong	2306		
69df53d59eb806ddd8072419	0	My Son Made Me a Girlboss After Divorce	2307		
69df53d89eb806ddd807241f	0	I'm Sorry, Mom	2308		
69df53d69eb806ddd807241b	0	Darling! I Can See!	2309		
69e338740a2a37e91b087503	0	Never Hire Relatives as Housekeepers	2310		
69e8b578116c5547bb046492	0	Dumped, Then Called to the Delivery Room	2311		
69e8b666f752cd2e6707ae66	0	Help! My Consorts Want Me Dead	2312		
69e8b66ff752cd2e6707ae7a	0	The Heiress Can't Catch a Break	2313		
69e8b6db669a23c1e90eaf62	0	Shores of Oblivion	2314		
69e8b6de669a23c1e90eaf68	0	Fatal Trap	2315		
69e8b6e2669a23c1e90eaf72	0	Heiress, Your Husband is a General	2316		
69e8b7ccfb25288a540dc0f8	0	Cast-Off Socialite: The Masked Dancer's Comeback	2317		
69e8b7cffb25288a540dc0fe	0	The Woman in the Historic Manor	2318		
69e9b5a7b3436643670a5445	0	A Mother's Revenge	2319		
69df53c09eb806ddd80723ff	0	Mom, Please Forgive Me Again	2320		
69df53b89eb806ddd80723f1	0	Belated Filial Devotion Is Worthless	2321		
69df53ca9eb806ddd8072407	0	Sorry Sweetie, Mom Shouldn't Have Remarried	2322		
69df53c99eb806ddd8072405	0	Mom, I Don't Want This Nanny	2323		
69df53cc9eb806ddd807240b	0	You Are Not My Mom	2324		
69df53989eb806ddd80723bb	0	Not My Mother	2325		
69df53969eb806ddd80723b7	0	After Divorce: From Ex-Wife to Leading Lady	2326	2211	
69df53ad9eb806ddd80723df	0	Mother, I Have Your Back	2327		
69df539a9eb806ddd80723bf	0	An Adopted Daughter's Love	2328		
69df53b79eb806ddd80723ef	0	Don't Cross a Good Wife	2329		
69e8aae7e49a5d53120b8397	0	The Untouchable Leading Lady	2330		
695a0926dc7a809dba012d65	0	The Remarkable Mrs. Sterling	2331		
69cc80aee1ea79a0310e832b	0	Doomsday Grad: Trillionaire Tycoon	2332		
69cc80ace1ea79a0310e8327	0	After Maxing Out All Classes	2333		
69cc80b5e1ea79a0310e8335	0	Leveling Up by Rewarding My Disciples	2334		
69cc80b2e1ea79a0310e8331	0	Reborn a Thousand Times Season 2	2335		
69cc80b1e1ea79a0310e832f	0	Slumber of Eons: Conquering the Heavens	2336		
69cc80b7e1ea79a0310e8339	0	The Frozen Apocalypse: I Hoarded Billions in Supplies	2337		
69cc80b6e1ea79a0310e8337	0	Divine & Demonic: World Dominator	2338		
69cc80bbe1ea79a0310e833f	0	The Strongest God King on Earth	2339		
69cc80bae1ea79a0310e833d	0	Creating an Otherworld Valkyrie	2340		
69cc80b8e1ea79a0310e833b	0	Undying: I Only Practice Forbidden Arts	2341		
69cc80c1e1ea79a0310e8349	0	Reaping Children of Providence	2342		
69cc80bfe1ea79a0310e8345	0	Urban Celestial Emperor: Leviathan Sanctum	2343		
69cc80bde1ea79a0310e8343	0	The Richest Live-in Husband: Dragon Sovereign Hall	2344		
69cc80c5e1ea79a0310e834f	0	Reborn as the Empyrean Sovereign Season 2	2345		
69cc80c4e1ea79a0310e834d	0	Reborn as the Empyrean Sovereign	2346		
69cc80c2e1ea79a0310e834b	0	Father, I'm Not the Villainess	2347		
69cc80c9e1ea79a0310e8355	0	Cultivating Godhood in the City	2348		
69cc80c7e1ea79a0310e8353	0	Sovereign of the City	2349		
69cc80c6e1ea79a0310e8351	0	Turns Out I'm the Demonic Patriarch?	2350		
69cc80cbe1ea79a0310e8359	0	Apocalypse: The Sanctuary is Full of Triple-S Beasts	2351		
69cc80cae1ea79a0310e8357	0	Return of the Urban Ascendant King	2352		
69cc80d1e1ea79a0310e8363	0	All of the skills I have are Forbidden Spells	2353		
69cc80cee1ea79a0310e835d	0	Mage Exploit: My Mana Bar is Infinite	2354		
69cc80cce1ea79a0310e835b	0	Age of Gods: Bound by Succubi	2355		
6a030bfee910f8b87a032fa6	0	Sacrificial Saint	2356		
69fae1475d993aaf0d039292	0	True Love Prevails	2357		
6a016b9302e127d1610ca819	1	The Mute Bride's Revenge	2358		
69fae417c2621406a20dddd2	0	Roses of Vengeance	2359		
69e34824d9183c558303f7da	0	Realm-hopping Villainess: Going off-script	2360		
6968674a59095c2b4e0e5bd7	0	Ms. CEO's Baby Daddy Is the Merchant of Death		1	
67b55429a9d0ac04b202017f	0	Falling for My Ex's Mafia Dad		2	
697b24d9f7ba087a7d0356e6	0	In the Palm of His Hand		3	
65a8cec883959aedd8001107	0	The Double Life of My Billionaire Husband		7	
647ffff5be685964fe120217	0	Fated to My Forbidden Alpha		8	
69b34991f0e1f3b6030b4974	0	Pucked in the Friend Zone		9	
65605a422ebd4e4f290df77a	0	Married at First Sight		12	
69d91b111840476dfa0eba40	0	Hate to Love You		15	
699d47ee9911429e390e3cbc	0	Tempting the Mafia Twins		16	
69aefec9d6db6f96240ff7b4	0	The Cooking Queen: A Recipe for Divorce		18	
6825b313f981e578730e6174	0	Pregnant by My Ex's Professor Dad		22	
69fa0a977e9368c0730c1459	0	Rejected Luna Is the Alpha Queen		25	
69d91acc42de055eb105ab81	0	Runaway Single Mom, Safe in His Arms		30	
699def8dc8ae4aecf6097b59	0	Vicious		42	
69ab77dad2f2cfe8f2089395	0	Breathe		44	
67e1dd63c794efd25f08931a	0	How to Tame a Silver Fox		48	
69c0a298c87f09a7e10d8ffe	0	Married The Mafioso I Saved		56	
6923bbd68bc07cff53085ab4	0	American Sniper: The Last Round		65	
67c24a90717e250f170c4ebc	0	Move Aside! I'm the Final Boss		68	
680755f6e2beaa8d5309d902	0	The Quarterback's First Love		71	
67f06dbaaaee64943c0b5240	0	Kidnapped by the Devil		79	
67cb7455c17f28dfa9082402	0	The Cursed Alpha's Mute Bride		82	
6807570bacbfcb9dcc0c9bb4	0	Swallow Me Whole		88	
6927f33413f454d0280ff0d7	0	Love Is a Dangerous Dance		89	
654e1d538b7ca93fd101f48c	0	True Luna		93	
68debeedb1751af04908a55f	0	The Hacker Heiress Strikes Back		94	
68ec5fc14bfbf35b930548ea	0	Bound by Honor		95	
68dadaea23e33857e70a78f9	0	Taming My Bullies		100	
661df310cee9143a3e01b92b	0	Fated to My Forbidden Alpha		105	
69770e81a4e43888c903e8a4	0	Puck Me Baby One More Time		112	
68fad4c3ae2a8190890bbdf1	0	Sweet Wild Bride of Mine		113	
697b247d72205da95501bcf1	0	Kissed by Claw and Fang		118	
6825b18899955153a60f7327	0	Breaking the Deal with My Hockey Bad Boy		120	
690d4f2bc93a882dd301aa1a	0	Bound to the Rebel Wolf		121	
6752885d3d9eb9334300b6ca	0	Found A Homeless Billionaire Husband for Christmas		125	
675a3400df0746172507d41c	0	Married In A Heartbeat		126	
68c23465c69194e17d0d5f0d	0	Was the Heiress Switched at Birth?		137	
67f7913141ebfd891f0fc824	0	Fuel to Our Fire: My Racer Stepbrother		138	
67e1da90dfbcc9f2610a2ca9	0	Twilight Romance: Flash Marriage to Mature Tycoon		141	
6746aa92c946defef504c9ff	0	True Heiress vs. Fake Queen Bee		142	
69d918f2b996ba0ba60e8597	0	The Janitor Billionaire & His Swapped Bride		144	
6937760c0dbba5e2ee0f4a43	0	In Love with a Single Farmer-Daddy		163	
677a0db90fc9407e14077c4c	0	Surrender to My Professor		164	
661df35c03e87e3b65079644	0	Married at First Sight		166	
6825b1afb6c3cf13af0e26a6	0	Doctor Boss Is My Baby Daddy		180	
658ede55d7ffb9c594044a25	0	Snatched a Billionaire to be My Husband		188	
69c66c0c03e82c80ed093e46	0	My Secret Lover Is His Brother		206	
649a7d2ad113de5e85033db2	0	The Double Life of My Billionaire Husband		215	
6858f98983761bd35a005ddd	0	The Reckoning Takes Flight		222	
6825b1146b80c83269085553	0	Lassoed by a Cowboy's Love		224	Upgrade from Ex
680755cdaf8e465a6c0e8e91	0	I'm In Love With My Brother's Best Friend?!		227	
6825b19ec7aae107a705218e	0	The Alpha's Virgin Captive		232	
689eff8289683ecade09778c	0	Destiny in the Stars		233	
673707c920b97481660f2981	0	I Have Five Kick-Ass Brothers		238	
6397dea32825a83a57175495	0	Big Bad Husband, Please Wake Up!		239	
69c0a2c0679a90fdc80d4ec2	0	Lucifer's Bride		240	
67e3169220c234316e0a4efe	0	If Loving You is a Sin, then I'll Go to Hell		242	
67195eed48968355f0008bb8	0	The Alpha Queen Returns		245	
69c0a362451b1ea26300fc5f	0	My Dark Romeo		258	
69cf7b8b280546175c0d9b4d	0	Hate to Love You Again		261	
676101d414d3779d1608fc2a	0	Fake Married to My Billionaire CEO		276	
666fcbd203b39c23eb0935dd	0	In Love with Dr. Baby Daddy!		278	Upgrade from Ex
680b30d100ef4d481807d0c7	0	The Alpha King and His Virgin Bride		285	
6753b6ca3fc663ea500b579a	0	The Quarterback Next Door		286	
664ea9da40605cbe890f9d67	0	You Belong With Me		294	Upgrade from Ex
698aa797e37e04d9f60ca689	0	Airing Their Dirty Laundry		296	
68c8fb9e6073aca9ca08fa5e	0	Queen of the Court		298	Upgrade from Ex
69b4ca382fa7f9e12b00f674	0	Scandalous		301	
68c8fb89d2ab7e32980fb28b	0	Claimed by My Ex's Alpha Brother		311	Upgrade from Ex
695f6b771f2e2e4c5d0e74b2	0	Kitty Kills		312	
67aab6d180531fad7304cf74	0	Claimed by the Alpha I Hate		319	
6858f8db4a5c5789ed06bcf3	0	Fated to My Homeless Billionaire Alpha		324	
6981d26bcc13551def05b58b	0	From Romance to Revenge		328	
69ae3bf4fe655b0dec0c3f53	1	I'm The One In Charge		336	
6923bbb1bc38afa96f0f43c5	0	Once Upon A Breakup		337	Upgrade from Ex
69ba71c3547d76333c063896	0	Taming My Ex's Billionaire Uncle		338	
66f1c911931a04169b0d263d	0	Accidental Surrogate for Alpha		346	
6983037d3cb3286b940d97ee	1	Return to Reckon with His Hateful Village		361	
694b2440aef92798df032b95	0	My Sister Is the Warlord Queen		363	
696df1a4a91fc430190002a6	0	When Love Is Unequal		370	
675110c567a002f3b1017570	0	The Virgin's Bucket List		371	
6746ab2669a3a61f880f858d	0	Maid for My Nemesis		377	
69c0a262b5d57818100485ef	0	Hating and Loving My Adopted Brother		378	
68afbd04a97815e1c00b13db	0	Carrying His Triplets, Becoming His Wifey		384	
695e02f1c914e8c400038895	0	Star Paws		388	
67f7917b8c6a1df566097a39	0	Hillbilly Girlie Marries a Billionaire		394	
694b5a7da99ea818ed0bd7de	0	She Returned as Empress		395	
69c0a327d4ec88728c059554	0	My Double Proxy Marriage to a Billionaire		397	
66c3cde9b2e8a2b1c8045a71	0	My Sugar-coated Mafia Boss		398	
69dc94cf1015a88977031811	0	Reset: Taming the Tyrant		407	
6825b4807cc7bf22e3085e15	0	Don't Miss Me When I'm Gone		420	
6825b379ac2e521b7f0db504	0	Queen Never Cry		426	
6825b12cfefca7a51809a25f	0	Why My Contract Ex-Husband Keeps Chasing Me		428	
69abb81428a46f62740a9429	1	Taming the Demon Butlers		433	
68dec211bdbc8b6d9808d6b4	0	Cooking My Way Back to Love		434	
690306d7afd90472c800cf3a	0	Step Aside, I'm the King of Capital		444	
664b2d472d7652552306d57d	0	The Double Life of a Billionaire Heiress		453	
698d48b2c32dbaa80c0f445b	0	When I Stopped Saving You		462	
696ef1dd2ab7cd033304a49a	0	Playing Weak, Winning Big		467	
695f9f537c6ad272200e3daa	0	The Reaper's Contract		468	
69abb1797a64ad5c5208136b	0	Taming the Demon Butlers		470	
6982f811dd4450529f0ac767	0	The Mafia Boss Has a Gun, Darling Don't Run		474	
6858fb989839201f9b033264	0	The Lost Quarterback Returns		476	
695cded9949a9a81b10ac56f	0	Mom, I'm Here for You		477	
6901f2d906967f11bc0470df	0	How to Tame Your Bully		483	
6825b3d4440cf7c17309a7db	0	Reborn to Love Mr. Right		487	
6982f81bdd4450529f0ac777	0	Extreme Gambling Game		490	
68ec6024a7344dc50f009aff	0	How to Break a DILF		495	
69f04833a620c88b9402760c	0	Worthless to Priceless The Alpha's Rejected Mate		507	
698ac72855539fb4b50f1f81	0	Bugged Love: Spoiling His Wives		508	
69c0a33b8189b0616e0020e1	0	Silicon God Strikes Back		511	Zero to Hero
698db87c4aaaee90090bd434	0	Walk Again for Me		518	
6923bbc3a1220fce8708b39f	0	Seducing Mr. Larsen		525	
69c33d5dec54007f920905e9	0	Ride or Die: Predator's Game		531	
6825b34d0453c1c8c408726f	0	Never Reject A Wolf Princess		535	
695f6bad2d9546e4590a0197	0	Nest of Vampires		538	
694dec05fda650e8820eb4ec	0	The Swordsman's Rise		539	
695cc956a48d21b3e10bb2ed	0	My Daughter, My Killer		540	
65a9987fdacdc92c500004fa	0	Faking Death, Raising Trio		541	
695634fdff4538cc4c03777b	0	He's Not A Spare Son		551	
69ee144b9145b171320d315a	0	Reborn to See the Football Stars Ruin Themselves		553	
6807566fd88a6d32a90a4b12	0	The Cursed Alpha's Mate		558	
662b1729de38c805800b1af6	0	Snatched a Billionaire to be My Husband		602	
64596abc36c69c470e326454	0	Never Divorce a Secret Billionaire Heiress		611	
69c0a2b3f2e814722a05379e	0	Divorce Tears from the Alpha, but I Shine Alone		613	
69704426b77b005a70066257	0	The Ascending Heir		614	
69bc0ea81b09143c1e08d21c	0	The Price of Losing Her		617	
67d20e7142a6a326b70b32b3	0	Pregnant and Spoiled by the Billionaire		618	
665d37065057c14f640ca18c	0	Fated to the Alpha		620	
677db481a3cc638b8f0d8a59	0	The Heiress Blacklisted Her Husband		634	
662749993c76e98a0c01e50c	0	Escorting the Heiress		642	
697b266242ad1e259f0e16db	0	Tutoring my Rival Boy		643	
69362e9306cdcec2b60d306a	0	Ex-Husband Roll Out of My Life		647	
698ac6feaefc0e37bc078596	0	Entwined by Fate, Reborn to Love		650	
672401df1822af827d029a43	0	Lady Boss Takes on Vegas Bullies!		651	
6982c0c1734764dc370435a7	0	Urban Survival: Bound to the Doomsday System		662	
6881db3fabcfd08c27003f1c	0	That Makes Two of Us		668	
68afbd239ced05f58b0e83b5	0	The Billionaire Married a Homeless Girl		669	
694b8951cbd1a2b15405f2bd	0	Burned, Betrayed, Becoming		674	
69b3025ac8d0c21dbd03e326	0	The Father's Sin		677	
68ec6010ff5e5a5c120c70fd	0	Blood & Silver: Rise of the Alpha's Rejected Mate		688	
6989507a210388144101a21e	0	The Prey's Counterattack		689	
68ec5ffa149d9ee25f0cb4c0	0	Fated to Find You		691	
691ecb28b343b1e67e06ec3d	0	The Long Game of Seduction		693	
6858fbb2ba1325d77905c8c6	0	Cooking My Way Back to Love		703	
696466ba1cb873b1e004fb33	0	She Owns Me Tonight		733	
6960d2746ad45507a601e978	0	The Heiress's PhD Boyfriend		735	
673e689e02ccf968fa07bde5	0	The Nurse's Secret Marriage		736	
69a173523ffbc0444908a62c	0	Bye EX, I'm Having Billionaire's Baby!		744	
6970aa300aa62316ec0b16e6	0	The 500,000 Divorce		746	
695ca4b5a0287504180e0d17	0	Wrong Wedding Room, Right Groom!		747	
6969829c8497ab0bef0e7956	0	The Vampire Prince's Bride		749	
68e811872fbacf89a40a3d79	0	Betrayed Alpha Queen Rises from the Ashes		753	
688b2690b360370bcb019ea1	0	Yellowstone: King of Montana		757	
69c0a237f86334e9ff0acfd6	0	The Day the Champion Racer Lost His Bride		801	
68b9295a0725da05b40b9799	0	Ruthless Mafia Daddy		802	
695e458d22a3b6727c063398	0	Taming the Ice Prince		806	
688b26ee23935b2c1a04ea3b	0	Ex-Convict Nanny and Billionaire Single Dad		807	
69990ddfa1b763a13b0e97fe	0	Return of the Reaper		808	
6863a4b94a66dce83c0ac654	0	Hidden Companionship		809	
67ae6ad99eb79e96670c59df	0	Mommy Don't Cry, Daddy is Sorry		811	
69d91b270f63b3f86a055321	0	Don't Watch Me Waste Away		814	
681247fd47ec2505eb0d08b0	0	Fate's Redo: I Quit Loving You		817	
66996eb1edbf48944f029af1	0	Breaking the Ice		821	
69d2557363aee9a4c5046a40	0	The Price of Being Mrs. Grey		825	
69c33f10aece20ff76095e0c	0	Love Me, Don't Own Me		826	
698436c73f1ff61f2009cb60	0	Tyrant, I'm From Modern Society		827	
6982f816dd4450529f0ac76f	0	Mommy by Day, CEO's Wife by Night		828	
693bfd37e3617b5e930bb1b8	0	True Heiress Takes High School		829	
69313a07da04d67ea70b8f10	0	My Firefighter Husband Was Once a White-Haired Punk		830	
6924200211e56d83a80583cc	0	The One I Never Forget		831	
68f5c944cfc797a18503d67b	0	The Mob Boss Substitute		832	
67ec442f9fa6f0fd480e06e3	0	Wings of Fire: The Dragon Slayer Is My Ex-Lover		833	
66bc49d82b34bf6dfb00b1d0	0	Spoiled by the CEO During Pregnancy		834	
68c8fb3a7d022d88b000f0eb	0	Trapped in the Boss's Embrace		838	
652928a8fc4753af9a093cc1	0	Goodbye, My CEO		840	
66384a8a062191bd540b74a4	1	Divorced and Desired! My Trio of Elite Suitors		844	
6980109b46860bea8b0dcbbb	0	Between Two Worlds: A Bride for a Bun		845	
69250df4e3b02af8dd0aad34	0	Rogue Lawyer		846	
695346540d806d7bcd0d780d	0	Danger & Desire		852	
6982eaf9e43a3dd2260ab471	1	The Ugly Consort's Comeback Plan		858	
68239ae8c85961939e012759	0	How to Dump a Hockey Star		859	
6825b360f80a554645009d35	0	How to Kiss a Vampire		861	
691402b5797f05d2a70f5a41	0	Love in the Shadow		867	
6968442b73758d30a207bac3	0	Tailor Wife & Her Protective Boss		874	
689e222a75034b7ff90fd71b	0	Her Double, His Trouble		875	
68ec5fd4621a1f21220a397a	0	Tell Me Not to Love You		883	
694a7051cfaa1f0d7e00d662	0	CEO and the Country Girl		889	
69718267ae82b0ebe30b74e1	1	The Serpent Lord Wraps Her Close		893	
695e03a10b6e495cfa0c7cda	0	Friends, Foes & Fireworks		900	
6794217458c8dfcacc00b8be	0	Pregnant by My Tough Daddy CEO		901	
6965a5603ff2f6b33a044f8a	0	My Plumber Boyfriend Is a Hidden Heir		908	
696a07f6f57823b522077ba7	0	The Princess of My Phobia		909	
699a3b6b850d2b8e8208155f	0	Cancel the Wedding, Queen Moves On		915	
68c234702695ad507e01fc02	0	My Dear Daughter, Love Me Once More		918	
695f6bfc845f00dd7c05f9a1	0	Virgin Alexander		962	
66cd617d8f0249e861022239	0	The Inverted Lives of Two Swapped Children		963	
696f1e47156b55004c0245d7	0	24 Hours to Save Her		964	
66b8ad64256bd7b11c0394a4	0	Freeze! My Wanted Lover		965	
678df762ecd01d2a7a0c77e3	0	Open Your Eyes, My Billionaire Husband		967	
69800c1506e9b2d065070cfd	0	The Ugly Consort's Comeback Plan		971	
6954c4b29e5c592fcb08f381	0	Frozen Heart, Burning Desire		972	
694deb4447763ee3ec03b9d2	0	My Delivery Girl, My Destiny		973	
6943c6f440c54ca3700d3c30	0	The 'Puppet' Emperor & His Clever Strategist		974	
6916da95686e13455b00b9dd	0	After the Divorce, the Heiress Takes It All		975	
6981d29cbe6e7ab244042e9f	0	Womb-Born Saint		976	
695df87ca0decd4f04068f26	0	Mr. CEO's Obsession		981	
65ebbebdbc8a2a5581011145	0	Oh No! I Slept with My Husband!		982	
69afbc012ab17701b30229de	0	My Unborn Baby Called Me Out		986	
69a1e36416c5b054630ec69a	0	My Duplicated Husband		989	
6916d8d9dd25ee45d80e29f7	0	Fated To My Billionaire Call Boy		998	
667cbc2da43fd9241a011bb5	0	Kiss Me One Last Time		1009	
693b8f146a2054699d00944d	0	Reborn for the Lycan King		1015	
6972c116134e8c31690e1c3d	0	The Hitwoman		1017	
687618e90275cee4770938c9	0	The Second-Chance Heiress		1029	
691a80c389691cf53d0e04fe	0	The Price of Loving You		1036	
69607aa7d673539a86043fab	0	Sisterhood of Lies: Pledge for Revenge		1038	
66f5f5c7f0ebf2edf50638f7	0	His One and Only Love		1043	
6972e034ad37b2666b06810f	0	Pregnant by the Serpent King		1049	
689b41196c5945d642016ca5	0	The Tutor Trap		1054	
694aea21e7b4a4d2ab0d7d5f	0	The Words		1055	
68e611aaaf245aae290e73be	0	Desired by Two: the Vampire and the Hunter		1058	
68d6d9874a593acf1d093be8	0	Super Godfather: My Ex Begs Me on Her Knees		1062	
657c539736f92d4eae02f093	0	30 Days Till I Marry My Husband's Nemesis		1063	
695c872f6c16c47e2f0af2c9	0	Gangster Like Me Got a Boyfriend		1067	
69f024cf72189b81f30776c0	0	The Mute Bride's Revenge		1068	
69b9539783b69209a40637a1	0	Late but True Love		1069	
69b122b29f70ae19740497f0	0	My 5 Mini Boss Crew		1070	
695dc6ce6b14fea44b0897ac	0	My Ex Dumped Me... So I Become His Stepmom		1071	
694a5e168d60d4a621036341	0	Utterly Spoiled by My Gigolo Husband		1072	
69b8bbabff492f44ca032149	0	Stop! That Homeless Man Is an American Hero!		1074	
6825b3f25b08ac3a230d912d	0	Obsessed with His Silent Bride		1076	
695f47a4d7b8047ce006c029	0	Homestead		1081	
696a0801f57823b522077bb9	0	Storybound? Now Let me Modify Your Fate		1082	
695f5269a82a69a0ea0fdadd	0	Christmas with a Prince		1083	
69a4f02402dfa284670b428a	0	The Magnificent Bodyguard		1084	
697701eca170427fdc0c2255	1	Peace Out, I'm Marrying Someone Else		1087	
695b1f55ad96ed0d6b0dbdb7	0	Through the Eyes of Wealth		1091	
68b929384c72c7c64907f813	0	Mistaken as His Mate: The Luna’s Regret		1092	
697c440480c01bcab305abcb	0	San Francisco Cowboy		1096	
69706d6fc607e726e000ee5c	0	Trending Scandal: Stepmom Stole My Man		1097	
695f6cf89f47fcc5bf066bcf	0	Love Wine & Salt: A Tuscan Romance		1098	
695b8ef7b071a807260e63d9	0	Before Love, Become Yourself		1099	
69819871b8678b468e0cad03	0	Now That I'm an Emperor, Do You Regret It?		1100	
6982c0c3734764dc370435ab	0	Path to Godhood		1105	
6968a893a54501c27608e8c3	0	Jerk Ex, You Missed a Real Heiress		1109	
68edc78765d3f739e50e1707	0	Bad Sister		1112	
689bfb32655f032e0e0a4031	0	I Love You More Than Life		1113	
692cfee470649864b1078cfd	0	Spoiled by My Supernatural Husband		1114	
67f6d31af51c3a3b9e0549f2	0	Undercover Prison King		1118	
69b26d0bd7b4049b400ca767	0	A Love That Couldn't Survive		1119	
692febc10b4485be5307b25c	0	Love at First Shot		1123	
67132a8a34e42b31a40e6c8b	0	The Lost Prima Ballerina		1125	
696894afc8d078ce2304e5cf	0	The Fighter Who Stole My Pulse		1149	
69c0a20b1dd01a41ad0fdca1	0	Mic Drop Diva		1150	
66d768a0bc767102400f59ce	0	The Virgin and The Billionaire		1151	
68debf6fbf5a7addc00ff0d6	0	Leaving My Alpha Husband in Ice Cold Regret		1156	
6705d1252ef5b887d50193c8	0	A Fated Encounter		1213	
69ef022f7b1e0f3f6900ac90	0	A Rogue Becomes Luna		1217	
696f50227b2ac71c520a9a70	0	From Orphan to CEO's Daughter		1218	
66dfa270766d84b0ed08a34f	0	Revenge-Uniting with My Rival		1220	
690c09e2437f52eec40a0fac	0	Daddy's Got Girls and Guns		1230	
699fa814a6fc533c5f090589	0	Playing Innocent, Winning His Heart		1232	
695f4eb1643a9384200af477	0	Will You Be My Ex?		1234	
6980162e3470e79a1b0eeebd	0	Dine, Dash & Destroyed		1246	
68d5a3937492825f6c0a6f08	0	Countdown to Life: Rescue at 30,000 Feet		1248	
6771c32e13a2b724ec0341ca	0	Baby Trapped by the Billionaire		1249	
68d5a14b7ce82927ad0108bd	0	The Beggar King Returns		1250	
687f2a606574848af1043cb9	0	Money, Robots, and a Happy 4th of July		1255	
69607a80f63b8b86be040acb	0	Daddy I'm Your Lucky Star!		1258	
696a07fef57823b522077bb5	0	Underestimate Her at Your Peril		1259	
6756a3f1e1061984750adf70	0	Straight A Pregnancy		1261	
697049b8a729a277280fbb27	0	Sister Pact, Love's Contract		1264	
69e4d9ef3af8912485044abe	0	My Fated Mate is the Bloodline Key		1266	
6945b6f11429aa92890398aa	0	Swapped My Ex for His Billionaire Uncle		1270	
69bffcaa7bf40980510e0d6b	0	Corrupting My Billionaire Boss's Heart		1278	
690813c94ffdfdca84051b3a	0	Slept With My Fiancé’s Brother		1279	
6901d9e7ca3906084109d870	0	Only For You		1280	
676f15658115af7a38038820	0	Hello, Let's Get Married		1321	
698b07e0c706e890610ed644	0	Her Name Is Not Pawn		1322	
6984457da03c4b0815031f06	0	The Emperor's Antidote		1323	
695fa088474222253805e0ab	0	Little Princess Came Back Radiant		1324	
66a0210f5d109f94d1095bf0	0	The Billionaire's Masquerade		1325	
69a8f666fb7a9f9f4408704d	0	My Revenge, My Phoenix		1329	
6972cc1f658e4f63f202b994	0	Their Brother Lost in Space		1330	
687da27a4b1b7f3b77045a6c	0	The Woman Starts The War		1331	
6916d8d7dd25ee45d80e29f5	0	The Double Life of Mr President		1332	
687d948a4f6d91761b0d3062	0	Bound by Marriage - Freed by Love		1333	
69c63a0f4ee6b275150bc192	0	You Picked the Wrong Woman		1336	
68a8097158b3889a170408d0	0	What Doesn't Break Me		1338	
690326f4e9780ee1680b2591	0	My Husband Is a Hidden Big Shot		1346	
691c49f5645b6ad1e50eba16	0	Return of the racing king		1349	
6858fa6fbfdd547a4e00e1b4	0	Country Gal to CEO's Bride		1350	
68ec5fe750892c571f0509ae	0	Someone Loved is Never Lost		1354	
66979ed250958ebc930f49bd	0	Caution! Cute Baby Alert!		1358	
6981ba545edafcb6960db82e	0	Famine & Fortune: My Silent Wife's Golden Touch		1362	
69b2637b8095891cd10a39f6	1	Back to Reckoning		1363	
69c0a350789b84f50b0c232c	0	She's Not Homeless, She's Healer Goddess!		1370	
66da3ef192c3e36f2f003bb4	0	Mr Hills' Adorable Wife		1371	
69a5454af5f994c29609a831	0	I'm The One In Charge		1373	
68ff3421a33542ff5f01f133	0	The Art of Letting Go		1376	
69533f4e68989593f20bdcef	0	Wrong		1377	
69b88396a5b6d3639400d47f	0	Meet My Brothers		1383	
695e01efb0ce969f8e06c093	0	Next Door Spy		1385	
69645c72db46493aef007fb1	0	I Found My Husband's Secret		1389	
695f9fd19593f02ef50c1ff9	0	From Veggie Vendor to Billionaire		1390	
695f4c665be653d7790a8b28	0	The Intruder		1391	
695f4bae531d22e1e204057c	0	Suzanna		1392	
695e03f0759bd4478f0599e8	0	Sister Cities		1393	
695cc57f595ca78ce009db9a	0	The Childhood Friend I Couldn't Resist		1394	
694dec24a6ca10d77e0e5c5f	0	Mother's Justice		1395	
66aa02deaa60fdd2ae0adfb0	0	Reborn for Love		1396	
6969ec89b489868c71008815	0	The Billionaire's Fake Wife		1398	
695b896dfd4408c96604ec92	0	Marry to Top Star at 40s		1399	
695f49840e2a1c138b0aa589	0	One More Time		1401	
68a80965464e649eb9009808	0	You Drive Me Crazy		1402	
69770f8ddeaf17de7608b2e0	0	A Vegas Happily Ever After		1407	
69c0a2a5f468bb5e37047f72	0	The Comeback Play		1408	
68c8fb62a739599c100ed1bf	0	When Love Walked Away		1410	
69a7cf047f90617047061160	0	In Love With My Husband's Brother		1419	
6985a339e5e96597d00d96d8	0	Horror Isekai: Twin Beauties Turn Me On		1420	
6970a21ed8a92c79400e4595	1	24 Hours to Save Her		1421	
696a07f4f57823b522077ba3	0	Schemes of the Heart: Mr. Hart's Game		1422	
6969b133d09e6aa01e071c2d	0	Oops! My Vegetable Alpha is Awake		1423	
6960be97385a8c9eb00c6986	0	Grandpa 2.0: Invincible at Ten		1424	
695f9f352067503c6509418e	0	Mama's Second Chance		1425	
695f4b97e2429b3f87054b76	0	To Love, To Loathe, To Return		1426	
695dc6e90ff82ae5f60db17a	0	No More Nice Girl		1427	
695a41a4fb85e456cf0c3824	0	Don't Mess With the Heiress		1428	
69561a1490ff3e0cea04e9cc	0	She Didn't Bring Roses She Brought a Proposal		1429	
6953875732b03e71e508b1e8	0	Reborn to Shine		1430	
695247078c28ccad9e0a5ff9	0	Buried in His Lies		1431	
693f8089156da5dbac020e83	1	Bound to My Heiress		1432	
6916da81686e13455b00b9bd	0	Champion, She is Not the One		1433	
68ecac7bfd6604d8a007377b	0	Minho [Love in My Hands]		1434	
68ecac6d09be3c27460e2b1e	0	Doyoon [Love in My Hands]		1435	
6870c9d6229664c1ed05ae3d	0	Millionaire Mode		1436	
65b185b3f67cb895ff076de3	0	The Doomed Spendthrift		1437	
696ef0309c5fff9ff00b2a8c	0	Hold Me Tight, Brother		1445	
6825af4b1657d2354b0d8094	0	CEO Queen: A Mother’s Revenge		1447	
6994c7def370c522ef066652	0	The Billionaire and the Baby Trap		1450	
68b9292947761f335e0a7b74	0	I Had a Baby without You		1451	
671bca6ce3afb9c1b20d4186	0	Fortune's Gift: Spoiled by My Zillionaire Uncles		1453	
6600e8596ca63ba2be05123f	0	My Foolish Husband Is A Billionaire		1460	
661e5a5e275a00c0d607a763	0	Fated to My Forbidden Vampire		1464	
6893093d36619904e801242d	0	Destiny in the Stars		1469	
6397de2169201b3014613d43	0	The Boss Affair		1470	
69d91abd6d72cb24d6089473	0	Private School Playboys		1473	
69704ca936009eebeb0da2f0	0	All Clear at Last		1475	
69c619e8d7b9585eea03a4a1	0	I Went for Money, Found Love		1477	
69bbaff247359033c509ca31	0	Hook, Line & Sinker		1478	
69ba4b9cb27d76251a0a11a7	1	From Death Row to Throne		1479	
69a6c81f7c56a9aece015241	0	Dominate Me Please, General		1480	
69a56084cd3263ae7c0491b6	0	I Gave Her Check, She's Mad		1481	
69a101b367c6be143b0d783c	0	Netherworld Manager		1482	
696a07edf57823b522077b97	0	Love Crossed a Millennium		1483	
695e0726f68e932d050911cd	0	Dear Santa		1484	
69367abbe88c446d1702882d	0	Love Was Never Part of the Mission		1485	
691a8b145672b8ae5e0de240	0	Broken Vows, Healing Love		1486	
68f5921ccd5d20fba6099cf3	0	The CEO's Most Wanted		1487	
6853ec2405962eae8f0dcdce	1	Falling for My Gold-Digger Wife		1488	
6788c354f85779b56402efdd	0	Love in two Lifetimes		1489	
661e03ae8ca659068d093723	0	Fatal Attraction: The Hybrid Princess		1490	
65f7aa60d8aaeb96f50cb0c2	0	CEO, Your Wife Is Gone		1491	
6572f80acac4b33e8408ee92	0	My Mate is a Vampire		1492	
69f158afd8c0deda7f0c4bc4	1	Reborn, Not Yours		1499	
69c0a24ec1a92e4f5603fd9f	0	The Photo that Changed Everything		1500	
698c6c746633251c22050abc	0	Little Heiress, Big Daddy 2		1501	
68ee05e5b7748f54600ae29f	0	Slay to Fosters: I Took His Uncle		1502	
68e8cfc00c688dd4be068945	0	Hold Me in the Dark		1503	
681978ef439c213bc40bf4e4	1	Mending a broken love		1504	
67b554ea7dcbda95a808a7f3	0	Good with Her Hands		1505	
6651191b7812e57a1e0ddb5c	0	The Call Boy I Met in Paris		1506	
690423c050a1daf2070e729f	0	The Substitute Bride and Her Blind CEO		1508	
668480b052032ccba70655fb	0	You've Got Male		1509	
689bfaee016e1832030ff98b	0	Pregnant by the Golden Billionaire Bachelor		1510	
691e72c4830ac6669109f3cc	0	Claimed by My Hunter Husband		1513	
67cb7e52f8974bf68703f776	0	Kiss Me 99 Times a Day		1514	
670f183259c2337be60e7426	0	Infatuated with the CEO		1515	
6853e44755b522df4a080c67	1	Reborn to Fly		1518	
690afdf57658ff7b8c047b36	0	I Leashed A CEO!		1565	
674e2cd5f97c5cc4d4030f73	0	Mommy, I Got You A Date		1566	
68b9294ff4e5830a65025e3b	0	America's Favorite Ex-Husband		1568	
69d91ada60fde4d6ec0efc04	0	XL Stands for Xtra Love		1571	
687da24e3b6625abbd0b3264	0	The Year in His Chains		1572	
698db830f71689fad4024f1d	0	The Second Life Vow		1577	
695f6a86d2b152adb302b7e6	0	Bitcoin Baby		1578	
695b236dd498342ee30bcd7c	0	When the Fallen Prince Met the Unbroken Woman		1579	
67f06f8c388bcdbbae08b10a	0	Swimming My Way Back to You		1580	
69840c1593ee7cb2c706be3e	0	Dumped? She's Upgrading!		1581	
697c58e2a2009455e809e755	0	My Husband, My Startup		1585	
694a5e2badfd9f446d026959	0	Not Your Ordinary Heiress—She’s a Goddess		1586	
68955a832bc50c718b009d8d	0	Daisy Tucker and Mr. NYC		1587	
66274872810a13671300adc5	0	Spoiled by the Daddy CEO During Pregnancy		1588	
673460b420c1d2f86500236f	0	Daddy! You're Spoiling the Wrong Kid		1592	
69e9d8c67a80ef7aec0ec7a9	0	Jerk Killed My Bestie, I Avenge		1599	
69a673519f65ba5ee90a8185	1	The Second Life Vow		1600	
692906731cbfe9006d05a137	0	Legally Bound To Love		1601	
6858f9575bd2413a260a1eb2	0	Sadness Knows No Boundaries		1602	
670c9b83fa53b1060f075a3e	0	Signal: Mom Will Avenge You		1603	
6916da88686e13455b00b9c7	0	Divorced Queen Returns to The Stage		1605	
661e03f008898c6e880ce822	0	Married for Green Card, Stayed for Love		1606	
69a69c4826d9dcaf730239ff	0	Taming the Gaming God		1607	
6651b2972b49b48f3002f3b3	0	Do Not Disturb: Lady Boss in Disguise!		1608	
69bc0ed22583b5805c00403d	0	I Failed His Loyalty Test		1609	
680756aa539a46a7960f35f9	0	Rules of Protection: The Bodyguard I Hate		1610	
69ef02347b1e0f3f6900ac9c	0	The Luna Assassin		1615	
6927f357e88b7499a30d49ea	0	The Prince's First Love		1619	
6940c77839031b55d606a4c0	0	The Useless Son-in-Law Turns Out to Be the CEO		1628	
677db68bc980db58d5072f41	0	Heiress Crash Lands on Her Husband		1630	
695dbd24bea58dde9e0cb55a	0	General's Husband, Playboy's Cage		1631	
6825b38d4baea997900af478	0	Secret Surrogate to the Mafia King		1632	
69e596d22ca5ff658c0852cd	0	Claimed by the Devil		1637	
69b3d47469ca13f9170b6f3f	0	Pretend to Love, End up Obsessed		1638	
69afbbb3faeeeb28f6030893	0	Cheat on Me? Then Go Bankrupt		1639	
696f3a363ca2dd51190c85a1	0	Empress of Revenge		1640	
695dbdb7aeaa1af4590003e8	0	Cute Babies Alert! Love Incoming!		1641	
6954c4f4794d8b02a006426f	0	Intertwined Hearts, Veiled Lies		1642	
69453b92d897a064fc04f14a	0	Borrowed Heart, Stolen Love		1643	
68f9fb1cb7440dd5500facba	0	Her Whisper in the Dark		1644	
687617f8347830dcbf0288c2	0	Billionaire's Unexpected Bliss		1645	
698169175598d45c840cac17	0	The Wedding Crasher: Contract Love		1649	
68ef5b5e3afd0739840a423f	0	A Love as Hot as Summer		1650	
68edaf9f39c176e0ec00259a	0	Where My Love Went Wrong		1651	
67ae5decf1e73434e50faba8	0	Money, Guns, and a Merry Christmas		1652	
6858fa442ac058dc6608e0e7	0	Your Love Is My Poison		1655	
66f5f24f75ac6175cb0fe806	0	Playing by the Billionaire's Rules		1656	
6807565447c113d594077ca8	0	My Stepbrother's Dirty Secret		1662	
69a8eac48561fdabbc07262e	1	Reborn and Became a Legend		1668	
695f15727f0230b5d50e04f3	1	Since You Asked for Boundaries		1669	
69dc8d830baef504040da679	0	She Returned as a Mystic		1670	
69e1a3085752c3c76803bf49	0	Runaway Gold Digger and Obsessed Heir		1674	
691412c149ca3c10d00a39cd	0	Your Highness, Your Family Doctor Is Actually a Girl!		1675	
6780b77051fa1e718e02a461	0	Money, Guns, and a Merry Christmas		1676	
6932ad594c7881f9f704cdb5	0	My Sassy Wife		1677	
69a69bec0e4fbe6487063e01	0	When Fame Meets Love		1680	
67bbec1647817b3a89003a5d	0	Baby Steps to Love		1721	
6858f9ac22406d541c068b15	0	Daddy Help! Mommy’s in Prison!		1724	
69d4afba278099e3a90b0e97	0	Silent Heart, Stolen Love		1728	
6982c0c4734764dc370435ad	0	The Psychopath's Guide to Saving the World		1730	
69250e4843e34efeda07ac5d	0	Tell Me Your Secret, My Bride		1734	
691d9ce58ec4a2044c092150	0	Billionaire Completes My Bucket List		1735	
67771c12e2935b96d307b5dd	0	In Love with the Alpha		1736	
69eec35f4bc5cb71330647f1	0	Got Dumped. Got LadyAid.		1742	
69b59441d6e7b185da0cdc79	0	From Stranger to Favorite		1743	
69a551eb9d036d03440e10df	1	From Pushover to Underworld Big Shot		1744	
6953403c4fa672d60903468b	0	Oops, I Snagged That Fox's Heart		1745	
668c107f995696bad803dc3e	0	CEO: My Flash Marriage Husband		1746	
6858fb34698cc855a209fe28	0	The Billionaire Female CEO from the Trailer Park		1749	
671c793915c739b2b90a4c06	0	The Heiress's Regret: Spoiled by Her Three Brothers		1750	
698db9299df43613e209a900	0	Love You Until I Forget You		1752	
6862fd11255c680c4706b9f1	0	Stop Crying, I Married Someone Better		1753	
697b24f847c106823209fc33	0	Find Your Way Back to Me, My Childhood Sweetheart		1757	
69b9e726e7069f23f9031a37	0	The Summer My Heart Stopped		1759	
69701887c4f8492dc30528bf	0	Fix You		1762	
698bef948a4eb4de720d8482	1	Ex-Convict Janitor and His Heiress		1764	
691a80e9dd802345220ceb09	0	Operation Christmas Trap		1765	
695e0787a466a47b7a007048	0	Hacked by Fate		1766	
69b8ce50ac083377bb0e6d6f	1	Cheat on Me? Then Go Bankrupt		1770	
696a07faf57823b522077bad	0	The Lawyer in a Fool's Body		1771	
6965a61b4b419d42b80e1dbe	0	Husband and Kids Chose Her Over Me		1772	
68ac9e836fa202798104e24a	0	Dungeons of Ecstasy		1773	
68a80959bddb266830011182	0	Stay-at-Home Dad Levels Up		1774	
679423dff9a4ac9055018cfe	0	Uncle William, Please Say I Do!		1775	
66efa62efa6130d3ee0f0131	0	The Supreme Warden Rescues His Young Bride		1778	
65b41d423be9855a620121cd	0	We Will Love Again		1779	
697c2095df5bfc16ff08c8aa	0	Mafia Mamma's Hot Lover		1780	
687617873f35dfd25d0bc595	0	Stray to Sovereign: The Power Play of Love		1786	
68e9c1180eae149b9d045cd7	0	In This Life, I'm Trying To Save The Boss		1788	
66da5b2863f055aeb90e1bf9	0	Never Enjoyed Divorce Like This		1792	
6a0165d3d296326d110c1224	1	The Rebel and the Scholar		1851	
69f17922df5a7f8d9c01d745	0	Pregnant and Hidden：The Billionaire's Runaway Maid		1855	
69f17921df5a7f8d9c01d743	0	Blood and Betrayal		1856	
69f033572f640f82b604a29f	0	The Wolf Assassin: Pregnant and Dangerous (updating)		1857	
69ee13d31ad3f9b22e0acdea	0	The Vanished Racing Legend		1858	
69e87b17b19a7b26c708ce4e	0	Seduce My Sister's Man to Revenge		1859	
69e878fa43dc646e7a01e878	0	Blades Out, Sheathed in Love		1860	
69e776efbf1743903a01e938	0	Reborn, Not Yours		1861	
69e5f3a5a332f649ee088e77	0	The Reborn Beast Tamer		1862	
69e203c59c99c9b9df07a870	0	Scorched Vows		1863	
69ddf017addd81724f0d6d8c	1	Raise Kids in the Apocalypse		1864	
69dde3d9a493a40dc8095417	0	The Architect of the Apocalypse		1865	
69dc952ecbcd7ecc090955a7	0	The Blackmail Ladder		1866	
69dc52fecab4dc26f50e9cbb	1	The Dancer He Destroyed		1867	
69d76a820761d623c2037177	0	Through the Fire and the Night		1868	
69d466cc4079cd50aa0bce4b	0	Nepo Zombie: My Relatives Run Every Dungeon		1869	
69c8559f2d897126bc0109ab	0	His Pawn, His Obsession		1870	
69c61ad703e82c80ed093e27	0	Love, Like the First Snow		1871	
69c4ee622562c633460f52bb	0	Banish Me? Bury Your Empire		1872	
69c4d90d61b02a8bd50032ae	0	Find Your Way Back to Me, My Childhood Sweetheart		1873	
69c33ee75acc2c188e0848ab	0	The Dancer He Destroyed		1874	
69c110940dba61bc200e9073	0	Awakened: Miracle Forging Blacksmith		1875	
69bbaf697e9c6841b105cf62	0	He Stood Behind My Dreams		1876	
69b3d43ee801eb238b0e79f4	0	Reunion in the Vanity Fair		1877	
69b2658f4ebb401a900b4c46	0	Fate Beneath Your Tender Torture		1878	
69a8f5b84b381897bf0917cd	0	My Rented Girlfriend Rules Me		1879	
69a690c3de39c1df7307f5d9	0	Don't Mess with That Beggar		1880	
69a63f1f8856f1419c08fbd2	1	The Father's Sin		1921	
69a537ae99516a45f1070d51	0	Diagnosis: Betrayal		1922	
69a25e490d82ad7760075189	0	Love Betrayed		1923	
69a1129dbf6e4ea9bf0d47a4	0	Fallen for the Beast		1924	
699ecd72373a8d27ff06378d	1	My Cinderella, Love You Forever		1925	
699d888f56c50b74ee0ff75a	1	The Reaper's Contract		1926	
6993efc72bdad52b8f0927b0	0	The Heart That Lost Its Way		1927	
6991360de9a7e6fa700a8514	0	The Forgotten Husband		1928	
698f12ef5f24de2432026e77	0	Taming the Monster, One Last Time		1929	
698db8abe1826abd260e3b54	0	From Fake Marriage to Forever		1930	
698da2dcadd4b743a80e2b5f	1	Reborn Queen in the Modern World		1931	
698c6ce5c0f7679f8807f8cd	0	The Devil in Disguise		1932	
698b070947fa4ef43f04a872	0	From General's Scorned Wife to His Final Judgment		1933	
698af62315bf0d110a06acbe	1	Any Global Tycoon Is My Disciple		1934	
698af4a70cf40cc901023963	0	Fated to Love the Dragon Again		1935	
698ac6b65204afad3507202d	0	My Sister Is the Phoenix		1936	
6985aa19b22a3493e806a571	0	My Husband, My Killer		1937	
698547cf937ed69992046f6d	0	My Mother-in-Law Wants My House		1938	
69840ae27d5c7e868c0e7ae2	0	Appraiser's Ascension		1939	
6982bd2d44e728684406f6d3	0	My Nephew, The Crown Prince		1940	
6981f577c7e068509c080d12	0	You're in for a Wake-Up Call, Betrayers!		1941	
6981f51641d57dcdff04d8f4	0	The Wrath of the Queen of Hell		1942	
6981b964881261d0b50e119b	0	You Messed With the Wrong Sisters		1943	
69807208dfd5be3b22078e6d	0	I Ditched Him for His Rival		1944	
698015e513444cd32800d2cb	0	Her Rejection, My Chance		1945	
697c76fc38d0ab25720dd6c1	0	Reborn Queen in the Modern World		1946	
697c598e014726f8fc076e70	0	From Probation to Proposal: Triplets with the CEO		1947	
697b1c0a08ac71f4440d45c3	0	The Princess Who Walked Away		1948	
697acf188e0538b68909d923	0	My Kidney for Your First Love?!		1949	
6979a0f449f2f3910804c59f	0	More Than Just His Sister		1950	
6977374154169a71e104df3e	0	Her Turn to Fall		1951	
69747f968c01e3bb6e058fab	0	Seven Years as Your Stand-In		1952	
696dfbc0d79331a6e70d8425	1	Love, Lost and Found		1953	
696de7e99c5fff9ff00b2a6e	0	Married to a Rogue Prince		1954	
696a0803f57823b522077bbd	0	From NYC with Warehouse		1955	
696a07f9f57823b522077bab	0	Eyes of Fortune, He Sees Everything		1956	
696a07f8f57823b522077ba9	0	My Wife and Daughter Got Superpower		1957	
696a07ebf57823b522077b95	0	Fated Bride: Uncle Became the Lover		1958	
6969fa8232c1974a260d2379	0	Pampered by My Ex-husband		1959	
696886a296680e20b203d1f7	0	The Boy with Golden Eyes		1960	
69686b97f06795856c02c968	0	The Serpent Lord Wraps Her Close		1961	
696701e9670f8577df040c8f	0	I Sent My Son's Fiancée to Jail		1962	
69662532f776f773200f40a4	0	Poison in the Honey		1963	
6965c0f6b9f49d05e20f9fe9	0	A Recipe for Revenge		1964	
6965acbc7413b7d7040ff2aa	0	Before I Was Born, I Planned Revenge		1965	
69646638f794cfea3008e4ce	0	I Loved Her, I Lost Her		1966	
695fa01ec5979870f8091d2e	0	Too Late, Mr. CEO		1967	
695f92e88a4689f33701658b	0	His Only Exception		1968	
695dc72f954024e5a20641da	0	Assassin Heiress		1969	
695dbb6cd9291758900ddddf	0	Holy Crap?! My Sperm Donor is a Billionaire		1970	
695c6c7a6ddf5678ec06027e	0	A Mother’s Trial		1971	
695b36c00ac5fd03aa06a06d	1	Love Wasn't the Plan		1972	
695a3cf8e3267b6f1b0527e4	0	The Iron Bride of the Marquis House		1973	
69561b675ada4908ca07a82e	0	Trapped in the Book, Married to My Enemy		1974	
6954c51287ef0541870ac226	0	A Marriage for Debt, A Heart to Get		1975	
69537e8be0479ae9a50e4bb3	0	Falling for the Thorned Rose		1976	
6953755633d69229f209ae14	0	Fate Led Me to You		1977	
695349e215a2e6782f094634	0	Mistress, You Picked the Wrong Mother		1978	
694a5e0212fdc2623f00fbbd	0	The Heiress of Blood		1979	
6948e3f9b1c3533af20c104f	0	The Melon Seller Is the King		1980	
6947f405bcbab02e330b5133	0	By Your Side, I Fear No More		1981	
6944b6fbcb2b107b860152e3	0	My Husband Betrayed Me, My Life Became Mine		1982	
6943c738d9faf171c30c8283	0	Too Close to Touch		1983	
69422153ede97efabc0f97b1	0	Little Guardian? No, That’s My Big Boss!		1984	
69412aa70a3cf09446048a4e	0	Love Under the Dotted Line		1985	
693bd01a3ce1caf8de0b1a9c	1	Divorced, Devoted & Dominating		1986	
693bca6dc1119df20b075085	0	Turns Out My Pretty Boy Is a Billionaire		1987	
692d30b2bf422e0689096291	0	Killer Wife, Spoiled Life		1988	
692cf23c0c7340328c077938	0	Divorced, Devoted & Dominating		1989	
6927acdb367fb321d80b0843	0	I Crowned My Useless Dad		1990	
69250e767490e12a6c0d3d75	0	My Rise To Power After She Left		1991	
6923e0461dbdb285bf07e30b	0	My Backup Husband is a Tycoon		1992	
6923d4f2ad8ce2ab45048d5c	0	Reborn Bride: Saving the Crown Prince		1993	
691fa31bd329c9918303afad	0	I Became My Ex's Stepmom		1994	
691ecb1b08c36d04eb04d6dd	0	How to Tame a Royal Heart		1995	
691e722c2b9ef41a0f0ed3d8	0	Through Every Life to Find You		1996	
6916da8f686e13455b00b9d3	0	Pregnant By The Luxury Empire Heir		1997	
6916da8c686e13455b00b9cf	0	Heiress Hidden In The Clouds		1998	
6916da8a686e13455b00b9cb	0	Irresistible love with my brother in law		1999	
690af3407658ff7b8c047b34	0	Mr. Moore, My Heart Won't Be Tamed		2000	
69030baf202c3c870a038417	0	Falling For My Ex's General Dad		2001	
68f2109c7aac16813a0da66a	0	From Ashes, We Rise		2002	
68ee0adc1b51ce151e059b88	0	My Ex-Wife The Mafia Princess		2003	
68e61104990930e7130cc8b2	0	Guarding Her Body, Claiming Her Heart		2004	
68d3a9277044a4b81a07156f	0	The Beggar Prince & His Runaway Bride		2005	
68cb74cea28d4830210d625b	0	Daddy, We're Getting You a Wife		2006	
68bfa02557f6da1b110fb43c	0	Don't Mess with Supermom		2007	
68babb189531500f4d055438	0	Boss, Your Wife's a Whole Detective!		2008	
68a5379e805840f73f0bcdc7	0	Crimson Heiress		2009	
689f060dcd43d9de170d584d	0	Darling, Please Love Me Again		2010	
689f060ccd43d9de170d5845	0	From Ex-Con to Cultivator		2011	
687f2ae7a58a11d8910aca34	0	Escorting the Ruthless Billionaire Doctor		2012	
687addd8fdb18489980cda6b	0	Queen Mom Rules		2013	
6876158635a74811ea0626c7	0	The 400-Pound Diva's System Upgrade		2014	
6858fc06d565019f9c058b58	0	I'm Done Being a Yes-Man		2015	
683e4a35f75bf8fadc007571	0	Fated Mate of the Nine-Tailed Fox		2016	
6837bee881fd1e100600de9e	0	I Am Bloody Mary		2017	
6822a241bcbbb3c4ee08bd30	0	My Accidental Alpha's Desire		2018	
682163a86f918fc0e9021711	0	Love Dies That Night		2019	
6821637fc3f8d3175d0cc2ca	0	Daddy, Guess Who's Your Kid?		2020	
68197864df574f74cc0102bc	1	Who's Laughing Now, My Ex?		2021	
68191e5408a393374109d3ca	0	The Break-up Bet With My Billionaire Ex		2022	
68075726bfe31ae241029d10	0	The Deaf Heiress's Secret		2023	
67ee3485c2035dfe7f0695bf	0	Who's Laughing Now, My Ex?		2024	
67e1d8107f46e58c8305c783	0	The Elite Heir's Ultimate Comeback		2025	
67dba0547d6089498b0c6316	0	My Heroine		2026	
67cb8fb6ec57377a7408e9bb	0	After Divorce, My Ex-Wife Became a Billionaire		2027	
67c24576d99e93d10100f345	0	Slimming Revolution		2028	
67bcf64bbc2c7303280b1e8a	0	The Billionaire Firefighter and His Sweet Wife		2029	
67887e2258dceeba8200f5b7	0	The Gourmet CEO Turns out to Be My Baby's Dad		2030	
67682c5cf5ecbf6c2d059797	0	CEO Lu's Four Wonders		2031	
675b906f095133d4f90de304	0	Genius Baby Gets Daddy Back		2032	
674e2b072ce8ea42180433cd	0	Unexpected Knot: Married to a Billionaire Nurse		2033	
674d53dcae3a2e397b01df65	0	3 Months Left, The Heiress Strikes Back		2034	
67468b79bd7223538703f9c5	0	My One-Night Lover Is My Contract Husband		2035	
67370a5c4d9a3a0f050ecaa3	0	Betraying My Billionaire Husband		2036	
6736e3c855ef3efa14049bc9	1	I Gave My wife A Red Tasseled Spear		2037	
67358d9fc4b8dbce76073672	0	On the Verge of Love's Truth		2038	
67276cb624f1654bf5000b21	0	I Fell in Love with My Beautiful Maid		2039	
672406e05fdcd080e10344bf	0	After Cancer I Turn into A Badass		2040	
67205068a499b3c812048542	0	My Step-Brother is My Ex?!		2041	
671b6852a12e2102cd0d1b0a	0	30-Day Marriage After a One-Night Stand		2042	
671b14571966bb00af0eb2b5	0	Leaves Return to Their Roots		2043	
670fa4dbcca2a66eaf08afb5	0	Forever by Your Side		2044	
670cd658fa53b1060f075a98	0	Dear X		2045	
6705039e637be4a3600a1411	0	Tracing the Path Home		2046	
6705038e2c0f3f197a092eeb	0	On the Wedding Day		2047	
66ff3466df005948fa089723	0	Fake it Till You Love Me		2048	
66f5f06f6cde23c2ea0054b1	0	Recipe For Faking A Marriage		2049	
66f00a9976b82f16de069a55	0	Rise of Power: Dad, Your Son Comes Back		2050	
66e250f17011b0fcb403c8d0	0	Runaway Princess Bride		2051	
66dc103b067b302d97034d06	0	From Flash Marriage To Destiny		2052	
66dc102ef1233ac30f01d260	0	General, You Got the Wrong Wife		2053	
66b8ab4ecfbea7cd7c0ce131	0	Sugar Daddy's Sweet Pursuit		2054	
668f9ba5b1e72354e10b0d8d	1	CEO Daddy Spoils His Wife Sweetly		2055	
668f91077f0efd6dd608824d	1	After Breakup, Spoiled by Three Big Shot Brothers		2056	
668c275431237d44a301fc09	0	The Heiress Strikes Back		2057	
668c1510e8cf88ce3f0a0243	0	Let Me Stay By Your Side		2058	
6683f6a4648a89c9610bdc6f	0	Black Myth: My Master is Wukong		2059	
6667cb2456bbbdaf710db208	0	Duke With Benefits		2060	
6661779fbac47885660ad037	0	You're My Treasure		2061	
6655400a3308d39c590da66b	0	The Billionaire's Accidental Bride		2062	
66511e49c3b7bf5f540dc610	0	In Love with Dr. Baby Daddy!		2063	Upgrade from Ex
664580640e5c769c9d036341	0	My Cyber Beau, My CEO		2064	
664580371ba1662014088de4	0	Back to My Ex-Husband with Our Twin Geniuses		2065	
6630877717b2a938c90a1178	0	Baby, Just Say Yes!		2066	
662c25c5344cb5014203b23a	0	The Double Life of a Billionaire Heiress		2067	
661356a880b4322e92058923	0	CEO, Madam Has A Secret Child!		2068	
6600e812c517ab85e60c0a77	0	The One-Night Stand Daddy Is A CEO		2069	
6600e71eac5dd5ae6305a940	0	Marrying A Billionaire Across Millennia		2070	
65f80b68d61ccf41270d6ba7	0	Seduce My Ex's CEO Uncle After Rebirth		2071	
69df08661151acb7120993ae	1	Fool No More, King Returns		2078	
69baa770d67c6a60e408cb3c	0	Married a Delivery Guy		2080	
69804663c2270306c90d5c2d	0	Her Research Report, Your Ultimate Regret		2121	
695e42b65394a9a4140357bd	0	Chariot		2122	
695c6cfa471620237a041359	0	If Love Started Again		2123	
69412acd28a2e4d7a60388dd	0	Entangled with My Ex's Brother		2124	
6916da7c686e13455b00b9b5	0	Damn! The Duke Got The Wrong Girl		2125	
689f061acd43d9de170d58cd	0	A Mother's Rewind Tomorrow		2126	
675b99a286c49da32a04cb85	0	You Had Me at First Base		2127	
663f1e93ebd5a8ff480dcfcf	0	CEO, Your Wife Is Gone		2128	
66388b8ad98c77b2a700521b	0	CEO, Madam Has A Secret Child!		2129	
69327da7171142da320e8cf7	0	Served Time, Now I'm His Mrs. Right		2130	
68b93572faf38b4972079a2f	0	His Second-Chance Bride		2131	
695f6ab1d2bfd62c4c0d685f	0	Beauty in the Broken		2132	
6940bcfd7970cce0950d142b	0	I Don't Need a Husband		2133	
69d4b0d05bc3fe10a10fcbf5	0	General's Wrath: The Fallen Corruption		2138	
69b116127f2a19490e0772fd	1	My Househusband Is Gamble King		2139	
69af7a86ddc2e01e220f41f4	0	Lost Empress: Coronation of Betrayal		2140	
69a8f6a41c8123340e036c33	0	Clingy Husband,  Double-faced Wife		2141	
6982e22318ed8467370b9284	1	Betray Me? Chaos Follow!		2142	
698196cf245cf9558309546e	0	When Cultivation Became Reality		2143	
69784f4366e67d15310ddd34	0	My Boss Is the Lord of the Netherworld		2144	
696f1b4c3549fc132b0af4c1	0	No Mercy in Her Second Life		2145	
696deaacb2d7a4c5400e3865	0	The Exiled Heir Returns		2146	
692cfe7398fa80880c024d3e	0	Simmering Love		2147	
69250e3814c234674a07acb1	0	The 100-Day Bride I Married Is A Legend		2148	
68bfd68d10d9980ecc0be6c5	0	Her Caged Bird		2149	
687da1f5514a4243e20a55ba	0	How To Trap President's Son		2150	
6807504c8046d9913c066083	0	His Only Cure		2152	
65c43b89ddf4d1ffd4098ac7	0	Fated to My Forbidden Vampire		2153	
69840a5f797bc850ea08ed3d	0	Mad Heiress Unleashed		2154	
6949fbe9394c02d17000fac1	0	Reborn as a Genius Pilot		2155	
680755a6421039a0780bd65b	0	Watch Out! She's a Mastermind Heiress		2156	
67579a7115ee2c04c30da549	0	Submitting to My Best Friend's Dad		2157	
68e9c7c81315507ccc0fd9f8	0	In Love with My Ex's Uncle		2160	
69def43669dc6fef82020ee1	0	The Mistress in My Hospital		2171	
69ba4a559252021587069470	0	Love Beyond the Canvas		2172	
69abb5b264a44194c908cddd	0	Awakening: Football's Last Hope		2173	
69a538156438e9f57b09a082	0	Where Lies Bloom		2174	
695dbb2265bdd5f6190e9580	0	The Bride They Never Expected		2175	
6944c2df99168e41550ee057	0	Empire of Secrets		2176	
6916da93686e13455b00b9d9	0	Wildfire Between Us		2177	
6911b9ba3e53ee21aa0892b1	1	The Fallen God & His Mute Muse		2178	
68a2c80901fe3f9d300fbb61	0	Secret Life of A Mafia Sweetheart		2179	
6853e272d5c59f61b601dac9	1	Little Devil, Hands Off!		2180	
670fa4dacca2a66eaf08afad	0	Awakend: Martial God Beggar		2181	
65e270a265f33a466b00d895	0	Charmed by Her Whimsy		2182	
66f50b75aa57cd973b0d27a6	0	Farewell to Deep Love		2184	
69e73aee85655e3b31079fcb	0	The Alpha's Dead Luna		2197	
69cb049f09f7ccfc8506736c	0	Born at Sea, Born for Revenge		2198	
6993eef9a8c818027701f699	0	Two Wives, Two Divorces		2199	
698ac752905a24e1b40a03da	0	He Begged, She Left		2200	
698aa5de6f160bfde506a41d	0	Smile and Endure? Not This Time		2241	
695df77a79838e53230c58b9	0	An Immortal Dad's Wrath		2242	
69561b3cab873dcc01013daf	0	After One Night, I Became a Mommy of Four		2243	
6949f275f5d8d98f16004ce2	0	She Played the Long Game		2244	
6940f9301dc82f52d60cf04c	0	Miss Her After She Left		2245	
6927f387c28b39cdd0021af3	0	Daddy Forgot, but Mommy Remembers		2247	
690431ebb2b880f039018f4d	0	The Secret Between US		2248	
68e9c1ec6b9e2a04c904a7b7	0	Crypto Jackpot After Life Failure		2249	
68be7400ec68e798f00be0c7	0	Pampered by My Silver Fox Uncle		2250	
689eceb9a7c91fafc008a52b	0	Oops! I Fell for the Cursed Male Lead		2251	
6825b16d10d861e01708bf53	0	Hey Boss, Your Company is Getting Bombed		2252	
66aa02c3af68b5b2570407be	0	My CEO Dad Chasing My Mom Back		2255	
661992b57ed0ed7b060fe66d	0	Do Not Disturb: Lady Boss in Disguise!		2256	
69c340464d5fd0d1d00cdad9	0	Three Babies, One Love		2258	
677607d262367889ed0bad5f	0	Late Bloomer		2259	
69f2b759b7935a55cb0a5f3e	0	Trapped in Professor's Playroom		2281	
69eb15a79df7c53a9e044f30	0	A Little Fire Dragon? No More!		2282	
69e6dc445706198256042a0b	0	The Unstoppable Heiress Returns		2283	
69e203c79c99c9b9df07a874	0	Chosen by the Regent–Season 3		2284	
69e0d03025f063dbca0469a6	0	Doctor, Sleep with Me, Heal My Heart		2285	
69df5f70827a5e662a0c672b	1	Love After Lies		2286	
69c4ac457804a1afea05f153	0	I Married the Story's Villain		2287	
69c33f672c96a546a109ab4d	0	24 Hours to Love You		2288	
69c33e58e9114074500a9a56	0	Above All Limits		2289	
69baa7fd4a72c3da6f0e119c	0	A Love That Couldn't Survive-A		2290	
69b263c6022fec07ba02ae84	0	The Bodyguard Who Owns the City		2291	
69af838ac2908b3d4200bf42	1	Where Lies Bloom		2292	
69ae3a3e2535c508b50eabdf	0	Playing with Fire, Burning Love		2293	
69a7cedac016e4debe071aa1	0	Spoiling Me, Spoiling You - The Rich Wife's Sweet Game		2294	
6999c0e37b131be77a0c302c	1	The Impostor's Diadem		2295	
698aa7692b6093d39b007d83	0	The Girl Who Healed Death		2296	
69893d5e7adbe9e0af02c669	1	He's Done Being Nice		2297	
6985986605b93e2be30a8c36	1	Hey Mommy! Time for a New Daddy!		2298	
697b09d39e99a88a98081b5a	0	Defying the World for Her Bodyguard		2299	
6976d3a7553621c7bf0ecc45	0	Bridal Betrayal: Poison and Trap		2300	
6973445043e1b6a62f0f9d2a	0	My Uncle's Secret Obsession		2301	
696e08a9d5d6b4de4c019938	0	Loving You Was My Mistake		2302	
6966f9e47df3b3694d0d2980	0	My Scar, His Debt to Pay		2303	
695df81e7b6daf462601de1b	0	The Pregnant Heiress Takes It All		2304	
69561c1c165b1f1beb0140fd	0	Despised No More: The Dragon's Ascension		2305	
695619e797ec9754e20d31eb	0	Humiliated at My Wedding		2306	
69533fa40d738245c80f63ab	0	Out of My Way! The Reborn Mafia Queen Is Here		2307	
694523451c6f6ec24705e29e	0	With X-Ray Eyes, Desire Ignites		2308	
6944c157d9fba745670a0931	0	Forever Your Prisoner		2309	
6943c717d1f8f8d4f105ff89	0	Careful, You're Dangerous		2310	
6923e074488cef03520439c9	0	After the Divorce, She Takes It All		2312	
691e719845e47cc81207c981	0	Oops, Roomie, You Picked the Wrong Girl!		2313	
6916da82686e13455b00b9bf	0	I Became My Ex-Husband's Boss		2314	
68e9c7dc48bb317ef60ab75a	0	From Grave to Glory		2315	
68d275be5b1931b4de05e00c	0	The Scent of My Fated Luna		2316	
68b948c9898e02a7090f31fe	0	A Little Whisper		2317	
68b944cf3c805bc4b70bfbec	0	Love, Bid and Revenge		2318	
689f060fcd43d9de170d585f	0	Marrying the Undercover Powerhouse		2319	
682162ae196f2989a705e810	0	Tormented Girl Got Her Prince Charming		2321	
682160aac9436610660a77a9	0	Mom, Sis, I Regret Now!		2322	
6807568174479ad7f60dc6f3	0	My Husband Regrets Divorcing Me		2323	
67d8a6ea787657f63a0faf83	0	Audrey in Full Bloom		2324	
678df4308987856546031790	0	Wrong Marriage, Fated Groom		2325	
675b8fc5111c95d759079ada	0	The Hart-Breaker		2326	
671b3f35054d21f19c0954e8	0	Love Me, Hate Me		2327	
66a781d6b02f11b8f608b59d	0	A Match Made in Heaven		2328	
669eebfbcb2959a65a012e1f	0	Committed		2329	
6667cb1941875a5def093d12	0	The Call Boy I Met in Paris		2330	
665156d37b815aa3580d6433	0	Do Not Disturb: Lady Boss in Disguise!		2331	
661e659dbe4f25adb5001051	0	Flash-Married and Utterly Spoiled		2332	
661df51ae45e374c220077f9	0	Big Bad Husband, Please Wake Up!		2333	
6600ebc8c72cf06ffd08330c	0	I Marry A Tycoon After Being Dumped		2334	
6585618b5e31851c140a2149	0	I Married as the Replacement Bride		2335	
69fdbda2dc0ca9e97a077ead	1	From Throne to Classroom: The Warlord Reborn		2342	
69e0b7f139a61953f9025ea7	0	Love Under Fire		2343	
6991fadf2f4b70f77903c7ad	0	The Father's Sin		2344	
6731b6f07ab9709e840ba36a	0	The CEO Lady's Grand Return		2345	
69a791c1c016e4debe071a97	1	Clubhouse of Desire		2347	
6951f5f0b156e421480fd241	1	Love Found Her After the Divorce		2348	
6993f040f370c522ef066643	0	A Heart That Couldn’t Forget		2351	
695368d179dc994a5a0c4fa9	1	His Secret Heiress		2360	
6909dd1ffe4f8d9c3a0682a2	0	The Fallen God & His Mute Muse		2361	
68b583fa0ad168eed0017ea6	0	Love by Confinement		2362	
6821631e9ccf07644e0f28ba	0	Daddy, I Got Your Back!		2363	
6807508addf91aecc20954b8	0	Reborn to Fly		2364	
66f5095ec97e2a3ac30a5291	0	The Contract Wife Who Was Once Loved		2365	
66ded2c845020f5d690188e4	1	Mom, Love Me Again		2366	
69a69ca1c117fbdcb2042f5a	0	Love in Deception		2369	
680755e1c7ae148edd0ee59e	0	The Billionaire's Virgin Surrogate		2370	
6954bfc3a3563a69c30871ad	0	Hubby, Let’s See Who Rules This House		2372	
69eefd85c9e41a3f6c0e8556	1	The Unbeatable Guardian		2374	
69c23edf6e0f6f06aa0c5977	0	My Second Act		2375	
69f059c894bc70f9920864e1	0	Mind-Reading: Pregnant and Utterly Spoiled!		2389	
69df535afcf0fce6cb0ce779	0	Love After Lies		2390	
69b883090fe6e918cf0a6741	0	Gossip Godmother		2391	
697b24bc7b22e7c7a60b80c7	0	When Love's Sorrow Plays Again		2392	
69770f5f0575988220032621	0	Backstage Romance with the Popstar		2393	
69707c3bcc6e6179150feb17	1	Too Late, Mr. CEO		2394	
6932742cb88e94f276092647	0	Christmas Mix up		2395	
69312d24f70d7b1eba0774ed	0	He Loved Her Sister First		2396	
68889d05111ab575240d4213	0	Where the Immortals Tremble		2397	
6822a25645c82247710e7aa2	0	Flash Marriage After One-night Stand		2398	
67f7906c085fd270130b34b6	0	Pretty Baby		2399	
6777604056f3bf9f960768eb	0	When Love Comes Too Late		2400	
66efb822e64c0b052007f9af	0	Two Penniless CEOs' Flash Marriage		2441	
66b13b09a9665854330b1c0b	0	Sit Down, Be Humble		2442	
668f9e2b7d417f5bc506b87e	1	Flash-Married and Utterly Spoiled		2443	
693679844d463b0707067bea	0	Hey General, Your Disabled Husband’s Running Away		2444	
69250ea9f861a41f2f08dd2d	0	The Genius Bride Returns		2445	
69d76aacbb9acd35910ac00b	0	Fool Me Once		2446	
69b263b7e1c22d67210608af	1	Wrong Sperm Buyer, Right Marriage		2447	
69a2bec9ca6daf1a890a7cd5	0	Dangerous Situationship		2453	
691a9cadc86ec5406f0bda5d	0	Too Late for Love: 15 Days After Miscarriage		2454	
680756c56f852549da0789fa	0	Accidental Triplets with the Billionaire		2455	
670fa4dbcca2a66eaf08afc0	0	The Double Life of My Secret Secretary		2456	
69c3401d70b83630f80d0128	0	The Flames We Buried		2461	
69143a1e3b4503c4ac04e8fe	0	How to Land a Movie Star		2462	
6825b3b6ddcc859b080f78d6	0	The Lost Son Returns as the Duke		2463	
66d450427a5f6dd0f205f9d7	0	Love Rises After Memory Loss		2464	
66b2ebed75de66c1dd026744	0	Virtuous Wife Supports My Ambitions		2465	
689bfb20fb303ed5f209d2ad	0	You Are My Destiny		2466	
698b0791253b26eeeb0733e1	0	The Blind Billionaire's Deal		2467	
69894e62aeeb87e120048699	0	My Cinderella, Love You Forever		2468	
675b8a0680590480bc08b778	0	Secret Billionaire Returns on Christmas		2471	
6622f270df7549dd7a0c8551	0	We Are Never Ever Getting Back Together		2472	
696dea217fd4083ce4000ac6	0	Contract Wife Is a Drama Queen		2475	
69f1c67a3161569bac056c98	0	The Stolen Motherhood		2505	
69f17922df5a7f8d9c01d747	0	Between Lies and Love		2506	
69ef0c803d02641ab208aad7	0	Love Arrives Six Years Late		2507	
69eed7874eaee13cfb03b52d	0	Luna Reborn: Alpha's Second Chance		2508	
69e0c9727142f8a98f08222e	1	The Secret Cargo		2509	
69df5fd2827a5e662a0c677f	1	Burn the Past, Guard the Nation		2510	
69dc9420ca82f8f1260ea784	1	I'm Done Being Your Simp		2511	
69d91af7ff2f5a4b160bb1e3	0	Head Witch in Charge		2512	
69d91aac64eba2f58b0ac51c	0	Ace! The Golf King's Reconquest		2513	
69d5f56a1ffcf3fe490343c5	1	The Professional's Vow of Blood		2514	
69ce415907eda6f231015eb5	0	Queen's Gambit		2515	
69c3d947e91c4aa4220f15fc	1	She Let Go, He Lost All		2516	
69be370732242e1478039a10	1	Betrayed Zora Rules All		2517	
69b953ba611b7208da072295	0	Super Triplets Help Mom Rule the Palace		2518	
69b122dc0e3f84635a0152c1	0	Her Rise To Fame		2519	
69b11634c90a1fdbd10f6242	1	My Fiancé, My Bodyguard		2520	
69a5600225b65131f70c836f	0	My Ex-wife Is a Savage Warrior		2521	
69a2be1326c6b85454084f27	0	Reborn and Became a Legend		2522	
69a11334d9d157970a032080	0	Divorced Over a Fake Ticket		2523	
699ed0d4819b7417050a4b01	0	Auctioning My Ex		2524	
699136c188f643587c0785a6	0	Goodbye, Liar		2525	
698c6cb93a6e97d8d703baf3	0	REBORN 2008: X-RAY VISION		2526	
698b081c2eb059d87c0e5ff4	0	Delivery to the Emperor		2527	
69894f5dbc0ab958110f10f9	0	Crimson Storm: Lone Avenger		2528	
69894eda02c476566206e5bb	0	He Who Rises for Blood		2529	
6982f812dd4450529f0ac769	0	Boss, You've Got The Wrong Wife		2530	
6982ed08695da95cd80ae5d3	1	Evolve to Devour		2531	
6982b061ed85e3869107a582	0	Marry Me, In the Name of No Mercy		2532	
697b0b1bf950eb9045044fc4	0	Snatched a Feisty Heiress		2533	
697316e4f933ea73ab0f317f	0	The Real Heiress in the Shadows		2534	
69673b3c6f628f35b50e3a80	0	Swapped My Ex for His Billionaire Uncle		2535	
69607a5875040ae49106f808	0	Love in the Ashes of us		2536	
695f9fe569e5d5341100c0dc	0	I'm Reclaiming What's Mine		2537	
695f6b3f17cc24c6e503fabf	0	Santa's Got Style		2538	
695f4aefea5b7d24cc0081b7	0	Sizzlin' Bacon		2539	
695df8a7595ca78ce009dbb3	0	He Came Back for Me		2540	
695cd825cc5310bb510fea0f	0	The True Housekeeper		2541	
6954c53ccb7cd422b00ee68a	0	Five Years to Find You		2542	
6953836fb6b562d4da001ebf	0	Hey There, I Can Hear Your Heart!		2543	
694cdb318524a8ab070e019c	0	Trapped in Her Skin, Switched by Fate's Spin		2544	
6940c647af3bab83ee08efc2	0	Until We Find Each Other		2545	
693b8e4d64a3329d740a60c9	0	Your Husband Is Mine		2546	
693a765233a7f9fe2e0f1baa	0	Her Second Life, Her Rules		2547	
69367acddbf1b1854203533b	0	Love Misplaced, Hearts Reunited		2548	
693175b7212e00c11e0a6a54	0	Silent Star, Shining Scars		2549	
6926d5ae67227087470aa716	0	Let’s Get Married, Mr. CEO		2550	
6926b52b831a8cf6a60e862c	0	Daddy, You Passed! Time for Hugs!		2551	
691c2a7466f75f19b6065593	0	The Abandoned Heiress's Reverse Harem		2552	
6916da94686e13455b00b9db	0	7 Steamy Days with a Ganster		2553	
6916da90686e13455b00b9d5	0	The MVP's Plus Size Love		2554	
6916da8e686e13455b00b9d1	0	Falling For Her Bodyguard		2555	
6911c20d530058750f0642ee	0	The Love I Could Not Speak		2556	
6901f18e53e372cb0903e908	0	The Stutterer's Symphony		2557	
68c142206fb90125ea05137b	0	The Strongest Bodyguard		2558	
686b30e33761c66aa70e31d0	1	Flight Changed, Marriage Ended		2559	
68366a6cf1c686c32401dd9d	0	Fated with the Alpha CEO		2560	
6825b45960033dc2750e6ae1	0	Mafia Boss Takes High School		2601	
682162c2bedfd0737f05eb41	0	Fake It Till You Make It		2602	
680a1240c157182e9904136d	0	Addicted to You		2603	
68075097af9eed3a45063e0f	0	Boss to Bride		2604	
6801aeac13d97639300b240f	0	Back to the Ring: My KO Mom		2605	
67d3df666c7d81f7fa05c1bd	0	In This Life, I Choose You		2606	
67bbedb05663319f040a7726	0	Ditching My Jerk Husband, I Become a Stylish Mama		2607	
6791cc1fd96e3123cb0ca88d	0	I'm Pregnant, Let's Break Up!		2608	
678b0e4df513a20e830d9372	0	My Billionaire Ever After		2609	
6776307a1647e7395e055ea8	0	Mending a broken love		2610	
6763331070d4a48fb00bc994	0	Money, Guns, and a Merry Christmas		2611	
674d3eb1c3b7631e210b7d07	0	The Truth Behind the Lies We Loved		2612	
67468b1d55e5e72c7e0bb666	0	Married Fast, I’m a Secret Healer!		2613	
67468addd6cd483d8f030d7e	0	Reborn to Make Him Fall		2614	
67248ecfa787f3eb970bfc2e	1	Can't Say I Love You		2616	
671c6849f5cec6797b08318c	0	Memory's Return: Love's United Front		2617	
671b6789afc43af8d80d66e2	0	Loving You Again with Memories		2618	
6719aa50a4e1792633001703	1	Underworld King Fights For His Wife		2619	
66f50a374f9a332106016243	0	Don't Mess with My Sister		2620	
66d76b7f92b035fea805be6a	0	OMG, I Got Married in Vegas!		2621	
66cfd7db66e8627a7e05e337	0	Art of Falling in Love		2622	
663ef6dd1854caf0b808865a	0	The Billionaire's Accidental Bride		2623	
662b1835e590e5e6d305cfd5	0	The Billionaire’s Baby Bargain		2624	
65d92fa6588d2e442f06a1b8	0	Cry Your Eyes Out by My Tomb		2625	
65a115e18ce4bc5dd801cabc	0	Married for Green Card, Stayed for Love		2626	
64e451f080feb1543116ac03	0	Fatal Temptation: Between Two Alphas		2627	
647019846329e2490b0002e4	0	Marry Me, Mr. White		2628	
6982f818dd4450529f0ac773	0	My Kids' Daddy is a Secret Billionaire		2634	
6965f51ccb7d531f4e05c0c0	0	Seduced by My Proud Fiance		2635	
695a3d4eb8fe2034fe00eca0	0	Peace Out, I'm Marrying Someone Else		2636	
68debdd66704ca4a470c01cc	0	Homeless Billionaire Baby Daddy		2637	
68b584328fb9951b7309a046	0	The Bride of the Wolf King		2638	
66077f8d7103a8108101a2ad	0	Spoiled by the Daddy CEO During Pregnancy		2639	
69a2be7b6ae8ca55740cf639	0	Father's Wrath: Escape Before Delivery		561	
69897fe76ccc6463510d1af6	0	The Prince and His Precious Vixen		562	
6916da8b686e13455b00b9cd	0	Secret Love With My Billionaire Revenge Partner		563	
66effa2612e551069e051e02	0	The Ugly Heiress's Try		564	
697b696347fd2df25f08b4a3	0	The Prince Is My Kid's Dad?!		565	
69def42f69dc6fef82020ed5	0	The Wolf King’s Runaway Queen		568	
69b952e3736859ae4604b6c3	0	Countdown to You, Mr. CEO		569	
69a565f5da8337d7a70a5015	0	Fallen Fox, Kneeling Royals		570	
695dbc8948c136a15305c7e7	0	Lady-in-Waiting vs. Lady Fake		571	
691c2ce63be7f4958708aa46	0	Miss Secretary, You Stole His Heart		572	
67380d9c3f2f3cd986037939	0	The CEO's Wife is A Badass		573	
68244e20b042811b2b0d5f57	0	Stay		575	
69dc8dc7f5f7a7b9890d6a68	0	Bound by Lies, Saved by Love		582	
69ce0feadf568438090d3489	0	Metropolitan Wolf Warrior		583	
69ca091c5fb203bf52091a26	0	Reborn, Ex-Husband Begs Me Back		584	
69b262edad2711a8da06e35b	0	From Heartbreak to Fated Lover		585	
6992bbfb9af23fd9ce0f5e91	0	Let Love Stop Before the Tears Fall		586	
698aa5b145e941c96d02e26a	0	One-Night Stand With the Right Man		587	
698411d14e5ab58e830a96cd	0	Love Found Her in Paris		588	
697c6da5f915fc8d4c0e5d94	0	Betray Me? Chaos Follow!		589	
6949fae39dc8a604b9098059	0	Harm Her, Harm Yourself		590	
68c0cabeabd4f6e6ea08fe93	0	Sleep with Me, Mortal!		591	
68761936ca80138b490008c8	0	Spoiled by the Devil		592	
6858fb7de433f2f91702fca0	0	The Billionaire Janitor Is Back!		593	
6858fb5deb198a16ec0e6f83	0	Dominated by My Dad's Boss		594	
67c62da9fd52ffc9020984a5	0	My Loser Daddy is a Big Shot		595	
67276cd44ae187280c0362e9	0	Crown of Vengeance		596	
6721ccd46806e732ee081c21	0	The Spoiled Miss is a Hidden Big Shot		597	
670503b831d811a7fd0a722f	0	Darling, Forgive Me		598	
6642af5e563b2a7e8f0cf28c	0	You Belong With Me		599	Upgrade from Ex
6633dd04ec07ca8b8507745e	0	I Accidentally Hired a Billionaire Husband		600	
69b7b8dd5511dca44a0601de	1	From Heartbreak to Fated Lover		761	
6936774bfe2da624850c377f	0	Unspoken Love, Unblossomed Rose		762	
667b0d48193d4e8e52082c93	0	Dear Husband, Delete My Number!		763	
661580476c2238ff840d344f	0	Snatched a Billionaire to be My Husband		764	
66c82b468aaadf416209c4fe	0	No More Looking Back		766	
689f060bcd43d9de170d5839	0	Hired by Fate		767	
69685874f215dd101d0d5356	0	Dear Brother, You Loved Me Too Late		768	
699d06356f90da5e330090d7	0	The Art of Loving You		772	
696a07f5f57823b522077ba5	0	The Forsaken's Revenge		773	
6968a2ced0d13fab3f05b848	0	Vengeance in the Veil		774	
680756e113ea058f2c07f351	0	Never Underestimate Girl Math		775	
669871b9ad40090ba3052483	0	CEO Husband Genius Baby		776	
65e2926c872ac65ef703e4c2	0	The Billionaire’s Baby Bargain		777	
69f04834a620c88b9402760e	0	My Deadly Marriage with Ms. CEO		780	
697188f3db9a25de570dc156	0	Kidnapped a Prince to Be My Husband		781	
66c21a1a7772c9cc520d6a11	0	CEO's Wife Spoiled by Three Big Shot Brothers		782	
6940f3e203ba77505807cc2d	0	The 101st Time I Let Go		783	
6a013787ef6f60bc790f8dea	0	Crown of Thorns and Roses		941	
69fc8ab8802fea273d001ccb	1	The Husband Delivered by Fate		942	
69faa3a4d0f105e060066c54	0	Dead to Love		943	
69fa0a987e9368c0730c145b	0	Prince, Thief, to Warrior King		944	
69f1baffc88faab6300cffea	0	Forbidden Steps		945	
69eb235540c196bed1003c3e	1	X-Ray Eyes, Billionaire Rise		946	
69e870a343bcbfea3a052215	0	Heal Me Slowly		947	
69e6368af5d1c8622c099106	0	Lady CEO's Fatal Contract		948	
69d91b034e68ac09390185be	0	End of the World, Start of My Empire		950	
69d7156997c4dfc1f901c5df	0	The Spy Who Married Me		951	
69d4b027f96739d60e009c2b	0	The Deceitful Marriage		952	
69c23f5368325d2264072f05	1	The Invisible Bodyguard		953	
69be365db008e8b15f0a377a	0	She Let Go, He Lost All		954	
69bba147f6b0696dd10f811a	1	Pretend to Love, End up Obsessed		955	
69ba0b03b4184477ed0983ac	0	The Groom's Regret, My Fake Death, His Living Hell		956	
69b3e279fb4031a92b074cbc	0	The Kidnapper Who Stole My Heart		957	
69b263554ebb401a900b4c44	0	Back to Reckoning		958	
69b115f707305623260bec2a	1	I Gave Her Check, She's Mad		959	
69a690fa945642a017011a65	1	Don't Mess with That Beggar		960	
699ecd40beec5d276e049e39	1	The Last Time I Forgive		1161	
69894d381c27e8d03d08a1b6	1	Wrong Wedding Room, Right Groom!		1162	
6982f817dd4450529f0ac771	0	Lightening Marriage with a Tycoon Husband		1163	
6980047ec87618a7a501a286	1	Her Turn to Fall		1164	
697c59f38deb032b910b9a93	0	After I Became the Emperor's Bully		1165	
6977167cabeaf427e709a727	0	A Street Scam Made Me a Martial Legend		1166	
6970ac7e54d4d813bb045cad	0	The Heiress's Mask: Love Betrayed		1167	
696a07f3f57823b522077ba1	0	His Carefully Planned Sin		1168	
696a07eff57823b522077b9b	0	His Brother's Wife		1169	
69698269996bd9e2d300c73a	0	The Heiress Is Back, Three Brothers on Their Knees		1170	
695fa05cf0b8e2141b044274	0	Loving You in the Wrong Body		1171	
695dbd914131168f0e03c85f	0	A Rose Across the Years		1172	
695dbce7f4bae5dcbd009029	0	Love, Lost and Found		1173	
6959fd84ca1efc57bf008edc	0	Animal Whispering Led to My Uncle Team!		1174	
69561b183274f2937c0bac80	0	We Met Long Before the Wedding		1175	
694b4e69871e2cae2806e89d	0	Clubhouse of Desire		1176	
694512e61429aa9289039897	0	Back to 2002: I Built My Empire		1177	
6941288c836b75b1a10d629c	0	When Love Goes Off Script		1178	
693fdd8e88b329db9504362e	0	I Seduced the Wrong Man		1179	
693bfd5f463fde4f8c02d7ea	0	Love, Unexpected		1180	
6923bcc2a37f3ee825092cd5	0	Deadly Mile High Club		1181	
691e71ea8997e2481d064125	0	Sweet Revenge: From Betrayal to Beloved		1182	
690963626fb7eaa6140c219c	0	Pampered by the Tyrant		1183	
68edfbc9ee983a89a000ce1e	0	His Morning Sickness Alert & Her Love Signal		1184	
68c3e89cb3a6ca84810a4cb2	0	Mafia's Tender Torture		1185	
68b944751755574501003d83	0	Checkmate, My Hubby		1186	
68b9371a396e31873f0010cf	0	Mr. Lewis's Indecent Secret		1187	
689f060ecd43d9de170d5859	0	The Outcast's Triumph		1188	
684c037f2efda0672f0fc1e8	0	Falling for My Gold-Digger Wife		1189	
680750400dcb037a8008eb77	0	Baby Don't Cry, Mommy is Sorry		1191	
67f5eb39024ff4a0df0605fb	0	Swimming My Way Back to You		1192	
67d8e904787657f63a0fafab	0	Love at First Flight		1194	
678dfe853bd9b5be490a13a0	0	The Lady Boss's Small Town Valentine		1195	
67624d5d75f46bc2a80c3380	0	Secret Strangers in Love		1196	
6731ed133344ef875f098526	1	CEO, That Intern is Actually Your Wife		1197	
672cb4b8e70104dabe0d03a5	0	The Devil Wears Desire		1198	
67240e49ddb3110f6a03ec61	0	The Secret of My Billion-dollar Marriage		1199	
671c79508c4e109f0002c5fe	0	Boss, Your Wife Forgot the Marriage Again		1200	
670504a52ad0b3e8aa0885c8	0	Shattered Dreams: A Daughter's Fight for Justice		1281	
66f5f4624f4761f082060bc8	0	The Return of My Mafia Husband		1282	
669ff9a361704e7f8e045c5f	0	Pregnant By the Billionaire		1283	
6687891c34e7ae159c0b5f90	0	The Return of the Lost Heiress		1284	
663f4b58b4b9c4534c017b3b	0	We Are Never Ever Getting Back Together		1285	
65da3ce0317029c81b040cb3	0	Taming the Lion: Billionaire on Bikes		1286	
695a3d11cad75777ce0cb159	0	Unanswered Calls, Lingering Regret		1291	
693ed840a7e9201b00006009	0	The Fighter Who Stole My Pulse		1292	
6916da80686e13455b00b9bb	0	Flash Vows		1294	
69d4af918d2eb334a60ae79b	0	I Don't Need a Husband		1296	
69250e572a301b17350be15e	0	Silent Divorce, Loud Regrets		1297	
6883565dc255ace14a072541	0	Mancini’s Forbidden Bride		1298	
689bfcef5bd68625550ec33b	0	The Queen Bee Strikes Back		1299	
69f04eff0912c927250939fa	0	Rise Of The Sea Lord		1527	
69ef0c7f3d02641ab208aad5	0	The Forgotten Daughter		1528	
69df535ffcf0fce6cb0ce781	0	Heir Abduction, Wolf King's Chase		1529	
69df33fa81a32b76590b6c05	1	Rise of the Invincible Healer		1530	
69ce416cf82e624bc200b94f	0	Reborn for My Mr. Right		1531	
69cb1fa2601c6280f701b929	0	When Providence Wants You Dead		1532	
69c12378a443620f8e030532	0	Her Final Bet		1533	
69c11a0f2d168c64b8085e0d	0	Don't Let Your Son Fall, Hon		1534	
69bbaf4104d62287600150a0	0	I Chose the Wrong Daughter-in-Law		1535	
69aa7b78ee4d18d28207d022	0	Too Late, Alphas		1536	
69a25dc52c125d60820083fa	0	Between the Brothers​		1537	
698db7f630a6786bf20b020c	0	The Billionaire's Secret Kids		1538	
698af4fd977d4fbe9f0261d6	1	Mecha Era: Scoring SSS Mecha Girls		1539	
69857e7ef17e736a77090401	0	The Lazy Immortal's Nightmare		1540	
6982f819dd4450529f0ac775	0	I Don't Know My Husband is a Billionaire		1541	
6981f5438c9423cec40a58c6	0	Ex-Convict Janitor and His Heiress		1542	
698197fa2769960e2f0c058b	0	They All Became Sages Because of Me?!		1543	
697742e8f13df5e030004041	0	Zero Sum		1544	
696ee82be40b37a68d064457	0	The Bear Hid My Husband's Secret		1545	
696a07fdf57823b522077bb3	0	Crippled Prince's Love		1546	
696a07eef57823b522077b99	0	Phantom of His Heart		1547	
6969e8c4ea4252c16601e757	0	Fated With My Fox CEO		1548	
6965a64bfb953edfbf09caba	0	Daddy Is Not Who You Think		1549	
695f6bd4f55f5efd110104d2	0	A Very Country Wedding		1550	
695f17baf52a835e5306ca5c	0	Now You Know Who I Am		1551	
695b33abd5add69e910e85cc	0	Love Wasn't the Plan		1552	
695354a7f72be7b70f08a886	0	The Bride Hides a Crown No One Sees		1553	
694e2700ece4a728ad09824b	1	He Loved Her Sister First		1554	
694b5960182cb6b56500f676	0	Never Promise Forever		1555	
693bd5486e0eff860400c88d	0	I Am Not Just a Wife		1556	
69377d8c7fce15132e076e63	0	Monster in His Eyes		1557	
69362dca0f1ca1629406d3d7	0	Understated Guardian King		1558	
692cfd3ceb081406610ff7aa	0	For Her, He Never Moved On		1559	
692cf8531d4dea99ae07d1b4	0	Trapped in a Billionaire's Love		1560	
69250e986c6c2f83800b7b22	0	Mr. Jackson, Your Bride Is Running Away		1681	
691ec6cd73a4ab3e37065193	0	Creation Itself Is Love		1682	
691c4876fa188fd3de0434eb	0	Return of the racing king		1683	
6916da92686e13455b00b9d7	0	Tame Me, My Lord		1684	
68e9c79d20ca0eb26d0d976e	0	Your Time Is Up		1685	
68e80feb00e1875fe80e757f	0	True Heiress Never Lies!		1686	
68e728e41a73cf4c55045fc5	0	Her Turn to Win		1687	
68e60ed916bbd6e5580ffe20	0	The Royals		1688	
68b93639d99f944fec0a3f32	0	The Go-Between Girl		1689	
68b92d665fce4a480201102a	0	Taming the Governor's Heart		1690	
689f0df758a3f0e7eb04a4c3	0	Oops,  I Snagged the Starlet's Role		1691	
689aa21bb709670003083069	0	Miss You After Goodbye		1692	
68835d9a79a7dbfdc80423c1	1	Ivy & Thorn: Ivy Never Fades		1693	
687f2aff660c56461a0952a8	0	You Divorced a Genius Heiress		1694	
686b2503b4b297b3110b4ee7	0	Goodbye, My General Husband		1695	
6858fa90d5ac8f5f560d3c25	0	CEO's Twins Want Mommy Back		1696	
684a3c4b79701d21f50e40f4	0	8 Years Wasted: Now Payback Time, My Ex!		1697	
6802d2e64af71963930e1931	0	A Hamptons Summer Affair with My BFF's Brother		1698	
67f6d16f2b53e01e2000118a	0	My Boss Is My Secret Sperm Donor		1699	
67cac029900e8e89e9063f5d	0	Blind to Love, Bound to You		1700	
677db51b4b143c5a8007f0f1	0	You Fired A Tech Genius		1701	
67418cb3c897fb05ef043dd9	0	The Bad-ass Heiress Returns After Divorce		1702	
671bca5ada14fe397e0b2f12	0	From Housewife To Princess		1703	
671b67e4f620840cfc08c52f	0	One Night to Forever Love		1704	
6719aa27cdcc9a11f5071be6	1	My Bestie Wants My One-Night Stand CEO		1705	
66f5f65bd83755dc700fc635	0	My Stolen Billionaire Life		1706	
66d4504bc6401aabe1084171	0	Forbidden: Entangled Love		1707	
66c7d85331466aca0705d4f1	0	The Three Badasses Who Want Me		1708	
66b8a88950be9977c508cfd7	0	My Bestie Wants My One-Night Stand CEO		1709	
66b2b56ce259353cbf03cacf	0	Succession: Beauty and the Billionaire		1710	
66a42016fad32867890cf233	0	My Secret Husband is My Boss		1711	
66a1af6b730169423c04f437	0	The Hacker's Revenge Code		1712	
66388adf526445eca60b6c45	0	My Dumb Hubby is a Multi-Billionaire		1713	
663886a6833a277aca0fdf29	0	Divorced and Back with His Baby Girl		1714	
661e0368210e27b946008409	0	Goodbye, My CEO		1715	
661e02c43ac6aff255050ed1	0	Never Divorce a Secret Billionaire Heiress		1716	
65fe6694b2d411400d03f7ce	0	Escorting the Heiress		1717	
65e8fa41638bb56fe207a166	0	Marry Me When the Snow Melts		1718	
65d3f6664e4c1988b5095839	0	Flash-Married to My Rightful Fiancé		1719	
65c5620c2e8343662901e00d	0	What Miss Secretary Wanted		1720	
69426f2c776d01014f056a25	0	Golden Feather: Temptation Game		1881	
69b3d5588689f79109011489	1	Undercover Protector		1885	
694518d010b7c5bc87065fff	0	The Last Gambling God		1886	
69f17920df5a7f8d9c01d741	0	My Dear Doctor, Please Be Gentle with Me		1888	
69c33ffbe91c4aa4220f15d0	0	The Obsession of a Billionaire		1889	
69bc00393a0c04cc7d07a647	0	Hell's Kitchen: Apocalypse Edition		1890	
69afd4b5e7149314cd020939	0	My Fiancé, My Bodyguard		1891	
69894faca3cb97defe0f21ac	0	Paper Marriage, Real Pregnancy		1892	
698066ead18d5eba78052618	0	The Fallen Monarch's Rise		1893	
696f5885ec301804d9068d41	0	Scarlet Revenge: The Emperor's Love		1894	
6969a9bc23851a301804aa16	0	Battlefield to Boudoir: She Rules Them All		1895	
68e8121e74e98090fa074792	0	You Fired the Backbone of Detroit		1896	
68afbd1325d801f4860baa74	0	My Hockey Alpha		1897	
66723d22112b6e37520e6ccf	0	The Return of My Drama Queen		1898	
69fc3afbfdb63161f2087c2e	1	Got Dumped. Got LadyAid.		1901	
69e6f100894961dfd404ef3d	0	His Longest Secret		1902	
69d466c94079cd50aa0bce47	0	Caught in the Devil's Love Trap		1903	
693bfcc140445cf26a085be5	0	Family Is His Only Weakness		1904	
6901ee82ef68b1a7b0031b5b	0	Reborn in Flames		1905	
68f1b46b9ce9d16c840c1e3f	0	The Genius Returns		1907	
699c01cdca499949fd019b54	1	REBORN 2008: X-RAY VISION		1908	
69fab2df0fd3bf50d305f3ee	0	The Immortal's Return		1910	
69f1791fdf5a7f8d9c01d73f	0	Goodbye, My Ex-Lover		1919	
69d4b0056214d7821c0b4917	0	Do Not Disturb: Chasing My Wife		1920	
69b7bfbd564c1f60c00f981e	0	Betrayed Zora Rules All		2081	
69b228d5783e458ec606bd4f	1	Spoiling Me, Spoiling You - The Rich Wife's Sweet Game		2082	
69b0d80be70989c2ad0ada61	0	The Devil's Power Couple		2083	
6965c0a7758134dd0c00abde	0	Oops, You Fired the Wrong Woman		2084	
6923d351ecf66c42f009faf1	0	No More Mr. Nice Guy		2085	
6916da7d686e13455b00b9b7	0	Maid's Vendetta		2086	
6901ed28777b640c0f04a88b	0	Her Turn to Burn		2087	
6858fb19fe0ef756060aa940	0	My Father, My Hero		2088	
6836a4b02ef81742260a5219	0	Regret is the Punishment		2089	
67ec430800e09545a501247d	0	Submitting to My Ex's Dad		2090	
673e8566e09d01c0940be29b	0	The Lady Boss CEO is My Daughter		2091	
66c219648fcb50ccdc0c48b4	0	My Long-Lost Son Turns Out to Be a CEO		2092	
65c53d5d7ec6cac7b40e8418	0	CEO's Flash-Marriage Frenzy		2093	
69df0c8147d7e3f42e0bc21f	0	Awakened by a Kiss: The Pharaoh is My Roommate		2094	
696ee9bbab0b1f0ce302625f	0	I Was His Secret. Now I’m His Regret.		2095	
693fddd51b8d1b4448012ae0	0	Love Found Her After the Divorce		2097	
65f7fbe8e36c9b856f0606a4	0	My Flash Marriage Husband Is A CEO		2098	
69d4a8ace6759de8e00da63d	1	Banish Me? Bury Your Empire		2099	
69a8ed77a8396ce06b022a97	0	Twenty: Love Shuffle		2100	
69895000716ec729d80ed97b	0	Heal Me, Annie		2101	
697b66eaa1583d0ddf0a327a	0	Second Chance: A Prince's Obsession		2102	
693583add38ecf3be605c5f3	0	The Night He Claimed Me		2103	
69fc8a25105a230d0c0da6bd	1	Saving My Villainess Boss		2110	
69e776b5e26e2e226c0175bc	0	Nurse by Day, Hero by Night		2111	
69cc80abe1ea79a0310e8325	0	Died Coding, Came Back Cheating		2112	
69c61a9bd71036670508687b	0	My Mechanic Husband Is a CEO		2113	
69a924e66c24abd6ca0b8026	1	Dine, Dash & Destroyed		2114	
69a7ccd7447f702a6c05c00b	0	The Predator's Prey		2115	
6999c2c5813f9ac02b04931d	1	Smile and Endure? Not This Time		2116	
6991371b5b3b38697f0aa016	0	I Took It All Back		2117	
6959ff61906534418c0d2861	0	Nanny to My Hot Bully		2118	
6932b6ec6101e391c300be66	0	Bound to My Heiress		2119	
6916da89686e13455b00b9c9	0	Married a Gardener, Got a Prince		2120	
6916da7f686e13455b00b9b9	0	Undercover Heiress		2201	
681978ca58829aea130cc038	1	A Tangle of Love		2202	
67298d5db54070c23402d059	0	Making Your Husband Mine		2203	
66f4218b2e690975300c1205	0	Imposter War God: The Return of the Dragon General		2204	
66cdbad69d6104fc1503e385	0	Alpha Revenge: Wolf King and His Human Luna		2205	
66a7817565a3e65f4205c1cb	0	You Are My Heart's Desire		2206	
69e2210a4e0b0a84af08df40	1	Dumped, My Step-Sisters Want Me		2210	
69bbaf8ede031b0b270056e8	0	Reborn to Ruin Them All		2212	
695dbd77d662b15bdc0dfcfd	0	My Bandit Lover is the Emperor		2213	
694c357b064f1471500ea852	0	The Daughter of Zeus		2214	
68b947fd5fce4a480201102e	0	My Script to Sweetness: Healing the Villain's Heart		2215	
689b432d58c2b18f9509250d	0	The Hidden Billionaire in First Class		2216	
688b2701ad6a89c3b60c1133	0	When Wife Won't Forgive		2217	
686b849e2eca3849f60aa136	1	Fate Reborn: Switched to True Love		2218	
661059f6bdedd53ba70ee527	0	Baby, Just Say Yes!		2219	
659cdfa5c902fba952054092	0	Flash-Married and Utterly Spoiled		2220	
69faf9b835cf4a063b0a624d	1	Sage in the City: 24-Hour Comeback		2237	
69fad8547b11a0bb350e64a4	1	The Immortal's Return		2238	
69faa3a5d0f105e060066c56	0	The Rebel and the Scholar		2239	
69ecdd83424cd6890404f8f9	0	Alpha's Regret: Blood Moon		2240	
69e9db9659c9a7ef9c0aba19	0	Fake Heiress? I'm the True Boss		2401	
69e588fc8e2712ecdc063911	0	Tempting the Mafia Boss		2402	
69de09860b2bfb56270ad69d	1	Through the Fire and the Night		2403	
69dde8fed2950be7ba0ac326	1	My Recipe, My Revenge		2404	
69c640fed90f7fcd5d00bfc7	0	Marriage on Paper, Fire in Heart		2405	
69c0a6ed8296dce39103665f	1	Fake Daughter, Real Heiress		2406	
69b3d511e5de63568d0152dd	1	The Funeral That Made a Boss		2407	
69b2299f0729a6016f09774c	1	I Married a Secret Billionaire		2408	
69afc316fd54e8d39d0699dc	0	Midlife Crisis? System, Awaken!		2409	
69a551c1c117fbdcb2042f43	1	Reborn from Hell, Dragon's Wrath		2410	
69a5513f26cd82dabc026d72	0	Reborn from Hell, Dragon's Wrath		2411	
69a24ecd0de725a8d6099a39	1	Beast-Taming: All Evolve, I Revert		2412	
699527bc1c563ca3a30311e1	1	When I Stopped Saving You		2413	
6985a3d1e1a4ed25a80ea06d	0	Simp Reborn: Win Over Her Mom		2414	
697721ffdf767dfc4d0bab9d	0	He's Done Being Nice		2415	
6976c4fbc50a61d501014dda	1	When Love Is Unequal		2416	
6976c440ac8d6020ac0944bf	0	Taming My Beast Husbands		2417	
695b2e2a1d7ae5789607eeaa	0	What?! You're in My Body!		2418	
6953870e168b78cd2209fa5b	0	Betrayed, Then Unstoppable		2419	
6953553374a4e639b00196e2	0	My Hidden Heiress: CEO Daddy's Secret Baby		2420	
6943c6c6932f94d04d0517fd	0	Please Love Me in This Life		2421	
694220bcee891b2360087914	0	Sassy Wife & Mischievous Guard		2422	
6930f3b01cc54679ca078825	0	Rented a Billionaire Husband for Christmas		2423	
691e716e522560fd53040fbf	0	The True Heiress’s Revenge		2424	
6916da85686e13455b00b9c3	0	Campaigning For Love		2425	
690c0823446c91f3a20cd95e	0	The Cripple Prince's Lucky Star		2426	
690be20bffab2ea5a40fe66b	0	To My Romeo, with Love		2427	
6901ebd0b5a967b5cd020c3c	0	A Wife's Revenge		2428	
68c78db6543ae2e2b205a2fc	0	Beach Volleyball Virgin		2429	
68a77fac1967059c3c0457d2	0	Don't Mess with a Prep School Princess		2430	
68a2c832774c14ee960cd38d	0	Love Under Contract		2431	
689ecee2813283d6290f8312	0	An Ex-Con Mother's Quest		2432	
6876188893173090be0f5336	0	The Billionaire's Secret Wife		2433	
687613f2f53f1db94a0b9bb1	0	The Villainess Turned Darling		2434	
68075635df42c4bb2a02709c	0	Boss Me Around If You Dare		2435	
67f790bf2e5020721707e329	0	Secret Boss of the Five Keys		2436	
6711d208d4469126fc0608cb	0	OMG, I'm Surrounded by Three Princes		2437	
6711d0cee738e6558f0d586d	0	Pregnant and Married to a Movie Star		2438	
670c9b40b221890c5f0d01ac	0	I Gave My wife A Red Tasseled Spear		2439	
670503c90c9534be780ef221	0	Pride of the Clan: The Return of the Martial Sage		2440	
66dc0f8efa06868b0009524a	0	Reincarnated As the CEO's Wife		2561	
6695f4041b25cabd2a091a3e	0	I'm Really Not an Immortal		2562	
668c158ae25ff8a151020f8d	0	Billionaire Twins Fall in Love with Me		2563	
6648015a89ceb7c17b0f7194	0	Fated to the Alpha		2564	
654208935ec846a2e30698fa	0	Fatal Attraction: The Hybrid Princess		2565	
69f04835a620c88b94027610	0	Switched Heiresses- A Destiny Misplaced		2568	
67e2070378a5ae7b550e931b	0	Feast of Power		2569	
672876d365e8a9376106b776	0	Cinderella's Glass Slipper: The One I’ve Always Loved		2570	
672876c58a73f9b8fe0e9908	0	Spoiled by My CEO Husband and Cute Twins		2571	
672876435500a84c4509fa8e	0	The Real&Fake Young Master: My Four Aunties Are Big Shots		2572	
6727809ef2b4a3c5fa05728b	0	Brother, I'm Back!		2573	
67276ce25c3c24ef5205e861	0	After Cutting Ties, the Genius Baby Triumphs for Mom		2574	
67276a79c94fd8e46a0113d5	0	I Became an Heir on My Wedding Day		2575	
672343e12410e0f85c0d06e7	0	Marrying A Millionaire with My Baby		2576	
6723430154a753059a02c513	0	Three Brothers Regret After I Left the Family		2577	
672342ad6660d4c5c40ffe37	0	The Phoenix Within Me		2578	
671c683cb8130035810c720e	0	Love After Rebirth: Spoiled by My Husband's Uncle		2579	
671bbb84d21192918201d549	0	The Eternal Protector and His Fragile Fiancée		2580	
671bbac8257fa4d8d4001431	0	Lost Heiress: The CEO's Beloved Secretaire		2581	
671b6899a2a706610a0eb37e	0	Fake It Till We Make It		2582	
671b5e91cc83bd9a8d0bd19a	0	Her Light Shines Without You		2583	
671b40a080a3de25ef0fecc8	0	Sorry Again, My Dear Daughter		2584	
671b3f7cd710c42f860d4dd7	0	You Are the Only One		2585	
670fa4dbcca2a66eaf08afc9	0	Eternal Dragon Emperor		2586	
670fa4dbcca2a66eaf08afb8	0	Security Dad Dominates All		2587	
670fa4dbcca2a66eaf08afb7	0	Accidental Billionaire Bride		2588	
670fa4dbcca2a66eaf08afb0	0	Love Turns Cold After Silence		2589	
670c9d17fbad864247011e9f	0	After Being Dumped, the Beautiful CEO Proposed to Me		2590	
670c9c50222d63e03f097f29	0	Love's Second Chance at His Office		2591	
670c9ac4de48c393ef06db85	0	Invincible: The Underdog Stuns the World		2592	
670504fe793ca1bf2f02fdc1	0	General! She Rised to the Top		2593	
66f7d54e3eade47b560c438a	0	Return to Reckon with His Hateful Village		2594	
66f50daa6c33e97da200229e	0	Hades: The Lord of the Underworld is Back		2595	
66f50cdba9d68eda2f0d08c6	0	Sorry, I Refuse to Be the Heiress		2596	
66f50c6c6c33e97da200229a	0	Queen of Tears		2597	
66f50bc19f7b707a1b049783	0	Mr. & Mrs. Smith: Pretending to Be CEO‘s Penniless Lover		2598	
66f50b0f454cad4bdc08f28e	0	Stay Alive to See You Don’t Love Me		2599	
66f50ad2b7be8d05910a3ad3	0	Mom, I Miss You		2600	
66f50a7586faad50d308e4e2	0	The Lost Princess's Journey Home		2641	
66f509a2fdcd3027ad0cb0bf	0	Becoming a Superstar Starts with Breakup		2642	
66f5065bf00c6d659c0dce40	0	Daddy, Here’s Your Real Wife		2643	
66effc7eac8346168d04ff22	0	Pampered by My Ex-husband's Billionaire Friend		2644	
66effb33d00f0fa769018d21	0	The Shadow Lord's Return to Glory		2645	
66efb4b51ea5f722940ae682	0	Destined to Be Your Wife		2646	
66efa579b2b806b9a906b9e1	0	Fury Unleashed: Your Sister Rises		2647	
66e084d5d27afe2f01050c94	0	I'm the Dragon King & Legendary Healer		2648	
66df9986bd0d99f7170e5e3c	0	Cherry		2649	
66dc0f0578619bf40f0556cd	0	Spoiled by Aristocratic Heirs After Divorce		2650	
66dc0eb86cfdaf15aa06b092	0	Sis, I Prepared a Billionaire Husband for You		2651	
66dc0ddd8126f02fcc06f461	0	The Blind Wife's Unseen Trap		2652	
66d4505c61d49a2b110f8cef	0	The Last Onmyoji		2653	
66d45053b0c41ae34b04c0f4	0	Midnight Last Bus		2654	
66d45038869f5d697d06c0f4	0	Awakend: The Female Agent Phoenix's Revenge		2655	
66d44feb40fe68980000c064	0	Love's Redemption: Her Resounding Comeback		2656	
66d44fd7f58c5d84b80dd1db	0	The Movie Star's Daughter in the Dark		2657	
66d44fb42a39737c5809dca2	0	The Hidden Magnate's Almighty Return		2658	
66d134f27c19aa2dd902cef5	0	Holiday Engagement		2659	
66caca616040908f05036068	0	My Long-Lost Wife Comes Back With A Baby		2660	
66cac9dc346575bd9e00d847	0	The Triple Life of My Billionaire Husband		2661	
66cac9c22cfdb190b709d4c4	0	OMG! The Superstar's Wife Works Here		2662	
66cac944f1e6227b9a080720	0	Love Amidst Adversity		2663	
66cac7bdf153cc691907bad6	0	Four-Fingered Dad Helps Me Slap Back		2664	
66c30c67424a6859ae047da2	0	Wrongly Entangled		2665	
66c2194508e35616920b0b70	0	Parental Love 1993		2666	
66c21902169914909d0fcb23	0	Blind Heiress		2667	
66c218e3cd9e8d40850de203	0	Seems Like a Beauty Arrives		2668	
66beb9d356f8754fee0190d1	0	The Sound of Violet		2669	
66b8ad92909ea2f1bf0486ab	0	Countdown to Doomsday		2670	
66b8ac6e8bb6c62e330e0004	0	Imprisoned Big Shot Rises		2671	
66b8ac48f7870ad30f0a8233	0	Go to Hell, My Husband		2672	
66b8ac1e125418222c036baf	0	Reborn to Make My Three Brothers Cry		2673	
66b8ac09d02890b6a20f063a	0	Three Years After I Died		2674	
66b8abf42f4d609e9a0af263	0	The Wife's Disguise		2675	
66b8ab406e44cf2b5e0a7d59	0	My Husband's Secret		2676	
66b8aaa675d3e4f4e60c5e86	0	Abandoned By My mom		2677	
66b8aa1b93b88c1db0021526	0	Madam, Give the CEO Another Chance		2678	
66b427b29329f171e0094a2b	0	Amor Bandido		2679	
66b2ef2da844d0f7ce057438	0	Genius Baby with a CEO Daddy		2680	
66b2eedeb3984ed3ce0d73c7	0	Divorced and Now a Billionaire's Granddaughter		2681	
66a85b8d338ae486d50ecd0f	0	Second Marriage Bliss		2682	
66a85b2e3d394ee3230f7465	0	Passionate Love		2683	
669e42ac5a070945a10d8645	0	Can't Say I Love You		2684	
6699f89b5b5ca792040d7bf8	0	The Warlord's Precious Darling		2685	
66995a7837a65af67a024d51	0	Flunk: Season 1		2686	
669873f108015ee6360d13d2	0	Underworld King Fights For His Wife		2687	
6698733208015ee6360d13b5	0	Cold CEO Regrets After Divorce		2688	
669870d2d9ded25795093958	0	Rising After Losing Everything		2689	
66986effa8c41f96bc028f14	0	Rising After Divorce		2690	
66986e1915f0ff84ce0db558	0	CEO, That Intern is Actually Your Wife		2691	
66949e3fd65be9c7e40b7b29	0	The CEO Married the Wrong Woman		2692	
66949df374cbcb69d903653d	0	Pregnant and Quit: The CEO is the Baby’s Dad		2693	
668f4d6cee78391c4d0d50a9	0	Babe, Don't Escape		2694	
668e1f862fe616956305d545	0	Plus-Size Girl Travels Back to Become a Tycoon		2695	
668e1f6546596500c20d4774	0	The Furious Mom		2696	
668c15ec45bb15d0a005c677	0	Mommy, Don't Think About Escaping		2697	
668c14ae9af1a9e03709e299	0	If Someone Treated Me Gently		2698	
668c143e76eabb79ee0b0886	0	I Won't Let You Be Alone		2699	
668c13571e163c71c304d958	0	The Heiress Doesn't Care at All		2700	
668c125323a35361e101f4ba	0	Mistaken Love for Hatred		2701	
668c11ea23a35361e101f4a0	0	My Flash Marriage Husband is a Movie Star		2702	
668c11611e163c71c304d93a	0	From Broken Engagement to Marrying a Billionaire		2703	
668c0f7b819bf24b490f0315	0	The Waiter I Married is a Big Shot		2704	
668c0ee6e8e406f80a0aa79c	0	Heiress's Counterattack		2705	
668c06120f8a90d05e0ba5ae	0	Surrounded by Heirs		2706	
668c04a1177404f29f00a8ff	0	Flash Marriage with a Billionaire		2707	
668c043261b9ce3e1a00323d	0	The Ugly Duckling and the Billionaire		2708	
668b5f676fa9cd3cad064a6e	0	Turning the Tables: Starting with Foreseeing		2709	
668b5f1c177404f29f00a875	0	Back to the 1920s as a Tycoon		2710	
668b5d4574fba92e2a0db3ff	0	From Exile to Heiress		2711	
668b5ca4c9f5e5cef106bd01	0	My Ex-Wife Blooms After Divorce		2712	
668b5bd0057fac33940369a9	0	Stop Acting Dumb, My Billionaire Hubby		2713	
668b5b76e79b3585a50e79a9	0	Daddy, Please Kneel Down		2714	
668b5750995696bad803db92	0	The Twins' Mom is a Heiress		2715	
668404e20fef4f5f8001e7ad	0	Gossip Plan		2716	
6683f8a6c9648b9e06078ffd	0	Mommy, Let's Kick Out the Impostor		2717	
668275ce75ad55b11c019067	0	CEO's Unrequited Love		2718	
66827538f9a66355f9032622	0	Mom, Love Me Again		2719	
667ed72e284259d1610d007c	0	Bear the Big Shot's Child After Being Dumped		2720	
667e35acee3bad0cc70da80f	0	The Wife's Secret		2721	
667e15970de7004221035ef6	0	War King: My Return Makes the Nation Submit to Me		2722	
667a6cdbe7bd322936038625	0	He Returns from Hell		2724	
66700b3af0b18ca90204ee9e	0	CEO Daddy Spoils His Wife Sweetly		2725	
666a97540f1f3f1f2d0b1d7d	0	The Doomed Spendthrift		2726	
666a5a69ee16c865a1022449	0	You're My Treasure		2727	
666a59d9b33e5ed8c0060cc0	0	My Lord, The Concubine Has Remarried		2728	
6668189e000186c8a607ae31	0	Bound by Her Heart		2729	
666030a88c73851b05014a46	0	The Marshal's Toxic Love		2730	
6659431fe180b7fc1b0971c5	0	Duke With Benefits		2731	
6657060ed60a1e02410a6984	0	Flash-Married My Ex 8 Years After Breakup		2733	
665705d99eac803419005875	0	Married by Mistake: CEO's Sweetheart Bride		2734	
6655714788e73d7b0c053aa3	0	Farewell Forever, Possessive CEO		2735	
6655704146d4de2e390df563	0	Escape After Pregnant with My Vegetative Husband		2736	
664c32942d7652552306d5d9	0	Spoiled CEO's Wife Flees While Pregnant		2737	
664c2e668aa642f9640ea912	0	CEO Daddy Spoils His Wife Sweetly		2738	
664c1685bd7b8e21ce08a97c	0	The Leaving Pregnant Wife, The Regretful CEO		2739	
66472d2edec0cd54f10c76cc	0	I Accidentally Hired a Billionaire Husband		2740	
664580139b54668af5080d9b	0	Revengeful Return of the Ugly Beauty		2741	
66457a323dd08b84920ed4a5	0	The Leaving Pregnant Wife, The Regretful CEO		2742	
663f20369b12bb728000373e	0	I Marry A Tycoon After Being Dumped		2743	
663f2019198875f68008fa47	0	Mr. Moody's Stand-in Sweetheart		2744	
663f1ff8c1b3456db80b4294	0	My Foolish Husband Is A Billionaire		2745	
663f1fda1854caf0b8088663	0	Torn Between Two Billionaires		2746	
663f1fb261b5c12b390dec16	0	Sleep With A CEO After Fiancé's Betrayal		2747	
663f1f35ea28547cc801898d	0	Reborn As The CEO's Darling Wife		2748	
663f1f047e00c398c407cc6a	0	Kneel For My Foolish Wife's Return		2749	
663f1e4240b4af82480de9fc	0	In My Ex's Arms Again After Divorce		2750	
663f1e3050dba377b003c132	0	Divorce Me, In the Name of Mercy		2751	
663f1d602c295ba133077a1d	0	I'm Marrying Someone Else, Mr. CEO		2752	
663f1d272937c55f4308f721	0	Marry Me When the Snow Melts		2753	
663f1ce82c295ba133077a1c	0	The Calamitous Concubine		2754	
663b4dc5b4c674f77809f025	1	Divorced and Desired! My Trio of Elite Suitors		2755	
6639c1e3f461c55cee0e8b79	0	Charmed by Her Whimsy		2756	
6639a0042ff824c3f404ca6c	0	Do Not Disturb: Lady Boss in Disguise!		2757	
6638867f11d8450cfb00e103	0	My Security Guard Dad Holds a Fortune!		2758	
663850aa85d4b74fd40d14f1	0	After Breakup, Spoiled by Three Big Shot Brothers		2759	
662b1c17cd225f2f070b9ba8	0	We Will Love Again		2760	
661e5b028af7a342830d2c29	0	Divorced and Desired! My Trio of Elite Suitors		2761	
661e042b457e8b7e4106326f	0	Curse of the Dragon King		2762	
661c9bc0b8ceda65bb0d6432	0	I Refuse to Be a Love-Struck Protagonist		2763	
6613564f6f8c403c5f0d26aa	0	After Breakup, Spoiled by Three Big Shot Brothers		2764	
6600eb5416c3394e5b06709b	0	His Hidden Identity		2766	
6600e79a318dc93f5f02cdd6	0	My Flash Marriage Wife Is A Business Genius		2767	
6600e761553bd3ecab065188	0	CEO, Those Twins Look Just Like you		2768	
65f812c95397ce48a80f0897	0	Contract Love with My Fiancé's Wheelchair Uncle		2770	
65f812994b05152fd00001d1	0	Reborn Into High Society		2771	
65f8126492a98abc2a0fa683	0	Contracted CEO Husband Regrets On Divorce Eve		2772	
65f80bb4c2abce0cd6032f06	0	Assigned A Billionaire Husband By The Nation		2773	
65f80b24d6d66c21d3080902	0	Marry My Ex's Boss After Divorce		2774	
65f8085f7b054300570b2993	0	Marry My Fake Brother After Rebirth		2775	
65f807e9badf397894056b35	0	Torn Between Two Billionaires		2776	
65f7fb7c684f77b63309b72e	0	Escape After Pregnant with My Vegetative Husband		2777	
65f7fb2b2c8dc074ae00fd8f	0	Wedding Night, Slept With Another Man		2778	
65f7faea2dc2993634059c72	0	Sleep With A CEO After Fiancé's Betrayal		2779	
65f7fa9e8c9c8f889a0c62f0	0	Spoiled By The CEO After Rebirth		2780	
65f7deae596069b6ca00c6c3	0	Reborn As The CEO's Darling Wife		2781	
65f7ba87495074221c02d588	0	Farewell Forever, Possessive CEO		2782	
65f7b8a4ad8a6806eb012825	0	My Lord, The Concubine Has Remarried		2783	
65f7b85ee745d44a1005b4e5	0	The Marshal's Toxic Love		2784	
65f7af80bc14f697a609a826	0	Kneel For My Foolish Wife's Return		2785	
65f3af861eafc74f6e0defbf	0	In My Ex's Arms Again After Divorce		2786	
65e8fa854a376189cc07d93b	0	Divorce Me, In the Name of Mercy		2787	
65e8fa6137c83ef1ef0ef55c	0	I'm Marrying Someone Else, Mr. CEO		2788	
65e8fa23a5d3ee80390f60e2	0	The Calamitous Concubine		2789	
65e8f9ff6f43ae63be0ed34b	0	Married by Mistake: CEO's Sweetheart Bride		2790	
65e7aa11f387d37c8a01b999	0	The Dragon Dame		2791	
65e7a9ec7f5fd7e84102fc40	0	Back to 1998: World Domination		2792	
65e7a9c8d94799ca6204bb48	0	The Legendary Healer's Saga		2793	
65e7a980205f93b4000b9159	0	Gamble of Love		2794	
65e7a94f25cd247f040d6eb6	0	Impostor Heiress		2795	
65e66639b28f0dc6e5095d77	0	Divorced and Desired! My Trio of Elite Suitors		2796	
65e27517a3983e189f08755a	0	Mr. Moody's Stand-in Sweetheart		2797	
65d3f6239bae57874c0d5e5b	0	Beg for Mercy, Ex-Husband		2798	
65d3f5dff7c33b958907c75f	0	Bound by Her Heart		2799	
65d3f5af9bae57874c0d5e5a	0	Flash-Married My Ex 8 Years After Breakup		2800	
65d3f565f7c33b958907c75e	0	My Cyber Beau, My CEO		2801	
65c5619775ef2a86b601136d	0	Back to My Ex-Husband with Our Twin Geniuses		2802	
65a9995cdacdc92c500004fe	0	Revengeful Return of the Ugly Beauty		2803	
65a99923e6a12ecb620399d4	0	When My Twins Found Their Dad		2804	
65a998e53daa5df28a032b1d	0	A Marriage Mishap Gone Right		2805	
65a9983d3daa5df28a032b1b	0	Return to 1992		2806	
65a997ec3daa5df28a032b18	0	Island Survival		2807	
65a99787dacdc92c500004f5	0	The Devious CEO and His Irresistible Wife		2808	
65a995c942fa86f8f1032ff3	0	My Unexpected Abundance		2809	
65a99565508733efa70f061e	0	My Rich Sis Got My Back		2810	
65a9950afb830862f40c7ed2	0	Our Marry-Go-Round		2811	
65a994c6b6b552da460f72e7	0	My Down-and-Out Hubby Is a CEO		2812	
65a99412fb830862f40c7ecc	0	My Homeless Hubby Is a Trillionaire		2813	
65a993dd36fb85167d06a2e9	0	Odds and Ends for My CEO Hubby		2814	
65a993a936fb85167d06a2e7	0	We Are Twins, Daddy!		2815	
65a991a4fb830862f40c7ec4	0	My Security Guard Dad Holds a Fortune!		2816	
65a990b4508733efa70f0612	0	The Heiress's Revenge		2817	
659d96e82fd586ef3f0f1518	0	Living His Life, Knowing His Wife		2818	
659d96b1fd09d48999046363	0	CEO's Pampered Sweet Wife		2819	
659d968cff20b69a590b06e5	0	Badass Bodyguard and His Stunner CEO Wife		2820	
659d96622fd586ef3f0f1513	0	Boss, We Found Your Dream Girl!		2821	
659d96268617672697031093	0	Not Now, Wifey		2822	
659d9529d5b7ce885a0162a6	0	Addicted to Spoiling His Flash-Married Wife		2823	
659d94cbd92deb30ed039ed5	0	His Humble Badass Wife		2824	
659d9447d5b7ce885a0162a5	0	Trophy Husband Turned Tycoon		2825	
659d93896c080304440cde28	0	Ex-Husband Wants Me Back		2826	
659cdf16655e0719990b00a2	0	Kicked Out Then I Inherited Billions!		2827	
658cf8079413afd03d00d683	0	Divorced and Back with His Baby Girl		2828	
658cf78b1f05e3c5b406ee99	0	My Dumb Hubby is a Multi-Billionaire		2829	